provincia,municipio,estacion,magnitud,contaminante,punto_muestreo,nombre_estacion,ano,mes,dia,hora,valor,validacion,fecha,dia_semana,es_fin_semana
28,79,16,12,NOx,28079016_12_8,Arturo Soria,2026,5,7,0,53,V,2026-05-07 00:00:00,3,False
28,79,16,14,O3,28079016_14_6,Arturo Soria,2026,5,7,0,42,V,2026-05-07 00:00:00,3,False
28,79,16,7,NO,28079016_7_8,Arturo Soria,2026,5,7,0,0,V,2026-05-07 00:00:00,3,False
28,79,16,8,NO2,28079016_8_8,Arturo Soria,2026,5,7,0,53,V,2026-05-07 00:00:00,3,False
28,79,16,12,NOx,28079016_12_8,Arturo Soria,2026,5,7,1,12,V,2026-05-07 01:00:00,3,False
28,79,16,14,O3,28079016_14_6,Arturo Soria,2026,5,7,1,68,V,2026-05-07 01:00:00,3,False
28,79,16,7,NO,28079016_7_8,Arturo Soria,2026,5,7,1,0,V,2026-05-07 01:00:00,3,False
28,79,16,8,NO2,28079016_8_8,Arturo Soria,2026,5,7,1,12,V,2026-05-07 01:00:00,3,False
28,79,16,12,NOx,28079016_12_8,Arturo Soria,2026,5,7,2,9,V,2026-05-07 02:00:00,3,False
28,79,16,14,O3,28079016_14_6,Arturo Soria,2026,5,7,2,61,V,2026-05-07 02:00:00,3,False
28,79,16,7,NO,28079016_7_8,Arturo Soria,2026,5,7,2,0,V,2026-05-07 02:00:00,3,False
28,79,16,8,NO2,28079016_8_8,Arturo Soria,2026,5,7,2,9,V,2026-05-07 02:00:00,3,False
28,79,16,12,NOx,28079016_12_8,Arturo Soria,2026,5,7,3,10,V,2026-05-07 03:00:00,3,False
28,79,16,14,O3,28079016_14_6,Arturo Soria,2026,5,7,3,58,V,2026-05-07 03:00:00,3,False
28,79,16,7,NO,28079016_7_8,Arturo Soria,2026,5,7,3,0,V,2026-05-07 03:00:00,3,False
28,79,16,8,NO2,28079016_8_8,Arturo Soria,2026,5,7,3,10,V,2026-05-07 03:00:00,3,False
28,79,16,12,NOx,28079016_12_8,Arturo Soria,2026,5,7,4,7,V,2026-05-07 04:00:00,3,False
28,79,16,14,O3,28079016_14_6,Arturo Soria,2026,5,7,4,63,V,2026-05-07 04:00:00,3,False
28,79,16,7,NO,28079016_7_8,Arturo Soria,2026,5,7,4,0,V,2026-05-07 04:00:00,3,False
28,79,16,8,NO2,28079016_8_8,Arturo Soria,2026,5,7,4,7,V,2026-05-07 04:00:00,3,False
28,79,16,12,NOx,28079016_12_8,Arturo Soria,2026,5,7,5,6,V,2026-05-07 05:00:00,3,False
28,79,16,14,O3,28079016_14_6,Arturo Soria,2026,5,7,5,65,V,2026-05-07 05:00:00,3,False
28,79,16,7,NO,28079016_7_8,Arturo Soria,2026,5,7,5,0,V,2026-05-07 05:00:00,3,False
28,79,16,8,NO2,28079016_8_8,Arturo Soria,2026,5,7,5,6,V,2026-05-07 05:00:00,3,False
28,79,16,12,NOx,28079016_12_8,Arturo Soria,2026,5,7,6,13,V,2026-05-07 06:00:00,3,False
28,79,16,14,O3,28079016_14_6,Arturo Soria,2026,5,7,6,57,V,2026-05-07 06:00:00,3,False
28,79,16,7,NO,28079016_7_8,Arturo Soria,2026,5,7,6,0,V,2026-05-07 06:00:00,3,False
28,79,16,8,NO2,28079016_8_8,Arturo Soria,2026,5,7,6,13,V,2026-05-07 06:00:00,3,False
28,79,16,12,NOx,28079016_12_8,Arturo Soria,2026,5,7,7,29,V,2026-05-07 07:00:00,3,False
28,79,16,14,O3,28079016_14_6,Arturo Soria,2026,5,7,7,44,V,2026-05-07 07:00:00,3,False
28,79,16,7,NO,28079016_7_8,Arturo Soria,2026,5,7,7,1,V,2026-05-07 07:00:00,3,False
28,79,16,8,NO2,28079016_8_8,Arturo Soria,2026,5,7,7,28,V,2026-05-07 07:00:00,3,False
28,79,16,12,NOx,28079016_12_8,Arturo Soria,2026,5,7,8,47,V,2026-05-07 08:00:00,3,False
28,79,16,14,O3,28079016_14_6,Arturo Soria,2026,5,7,8,36,V,2026-05-07 08:00:00,3,False
28,79,16,7,NO,28079016_7_8,Arturo Soria,2026,5,7,8,3,V,2026-05-07 08:00:00,3,False
28,79,16,8,NO2,28079016_8_8,Arturo Soria,2026,5,7,8,43,V,2026-05-07 08:00:00,3,False
28,79,16,12,NOx,28079016_12_8,Arturo Soria,2026,5,7,9,25,V,2026-05-07 09:00:00,3,False
28,79,16,14,O3,28079016_14_6,Arturo Soria,2026,5,7,9,56,V,2026-05-07 09:00:00,3,False
28,79,16,7,NO,28079016_7_8,Arturo Soria,2026,5,7,9,1,V,2026-05-07 09:00:00,3,False
28,79,16,8,NO2,28079016_8_8,Arturo Soria,2026,5,7,9,23,V,2026-05-07 09:00:00,3,False
28,79,16,12,NOx,28079016_12_8,Arturo Soria,2026,5,7,10,16,V,2026-05-07 10:00:00,3,False
28,79,16,14,O3,28079016_14_6,Arturo Soria,2026,5,7,10,73,V,2026-05-07 10:00:00,3,False
28,79,16,7,NO,28079016_7_8,Arturo Soria,2026,5,7,10,1,V,2026-05-07 10:00:00,3,False
28,79,16,8,NO2,28079016_8_8,Arturo Soria,2026,5,7,10,14,V,2026-05-07 10:00:00,3,False
28,79,16,12,NOx,28079016_12_8,Arturo Soria,2026,5,7,11,14,V,2026-05-07 11:00:00,3,False
28,79,16,14,O3,28079016_14_6,Arturo Soria,2026,5,7,11,78,V,2026-05-07 11:00:00,3,False
28,79,16,7,NO,28079016_7_8,Arturo Soria,2026,5,7,11,1,V,2026-05-07 11:00:00,3,False
28,79,16,8,NO2,28079016_8_8,Arturo Soria,2026,5,7,11,12,V,2026-05-07 11:00:00,3,False
28,79,16,12,NOx,28079016_12_8,Arturo Soria,2026,5,7,12,27,V,2026-05-07 12:00:00,3,False
28,79,16,14,O3,28079016_14_6,Arturo Soria,2026,5,7,12,78,V,2026-05-07 12:00:00,3,False
28,79,16,7,NO,28079016_7_8,Arturo Soria,2026,5,7,12,7,V,2026-05-07 12:00:00,3,False
28,79,16,8,NO2,28079016_8_8,Arturo Soria,2026,5,7,12,17,V,2026-05-07 12:00:00,3,False
28,79,16,12,NOx,28079016_12_8,Arturo Soria,2026,5,7,13,0,N,2026-05-07 13:00:00,3,False
28,79,16,14,O3,28079016_14_6,Arturo Soria,2026,5,7,13,0,N,2026-05-07 13:00:00,3,False
28,79,16,7,NO,28079016_7_8,Arturo Soria,2026,5,7,13,0,N,2026-05-07 13:00:00,3,False
28,79,16,8,NO2,28079016_8_8,Arturo Soria,2026,5,7,13,0,N,2026-05-07 13:00:00,3,False
28,79,16,12,NOx,28079016_12_8,Arturo Soria,2026,5,7,14,0,N,2026-05-07 14:00:00,3,False
28,79,16,14,O3,28079016_14_6,Arturo Soria,2026,5,7,14,0,N,2026-05-07 14:00:00,3,False
28,79,16,7,NO,28079016_7_8,Arturo Soria,2026,5,7,14,0,N,2026-05-07 14:00:00,3,False
28,79,16,8,NO2,28079016_8_8,Arturo Soria,2026,5,7,14,0,N,2026-05-07 14:00:00,3,False
28,79,16,12,NOx,28079016_12_8,Arturo Soria,2026,5,7,15,0,N,2026-05-07 15:00:00,3,False
28,79,16,14,O3,28079016_14_6,Arturo Soria,2026,5,7,15,0,N,2026-05-07 15:00:00,3,False
28,79,16,7,NO,28079016_7_8,Arturo Soria,2026,5,7,15,0,N,2026-05-07 15:00:00,3,False
28,79,16,8,NO2,28079016_8_8,Arturo Soria,2026,5,7,15,0,N,2026-05-07 15:00:00,3,False
28,79,16,12,NOx,28079016_12_8,Arturo Soria,2026,5,7,16,0,N,2026-05-07 16:00:00,3,False
28,79,16,14,O3,28079016_14_6,Arturo Soria,2026,5,7,16,0,N,2026-05-07 16:00:00,3,False
28,79,16,7,NO,28079016_7_8,Arturo Soria,2026,5,7,16,0,N,2026-05-07 16:00:00,3,False
28,79,16,8,NO2,28079016_8_8,Arturo Soria,2026,5,7,16,0,N,2026-05-07 16:00:00,3,False
28,79,16,12,NOx,28079016_12_8,Arturo Soria,2026,5,7,17,0,N,2026-05-07 17:00:00,3,False
28,79,16,14,O3,28079016_14_6,Arturo Soria,2026,5,7,17,0,N,2026-05-07 17:00:00,3,False
28,79,16,7,NO,28079016_7_8,Arturo Soria,2026,5,7,17,0,N,2026-05-07 17:00:00,3,False
28,79,16,8,NO2,28079016_8_8,Arturo Soria,2026,5,7,17,0,N,2026-05-07 17:00:00,3,False
28,79,16,12,NOx,28079016_12_8,Arturo Soria,2026,5,7,18,0,N,2026-05-07 18:00:00,3,False
28,79,16,14,O3,28079016_14_6,Arturo Soria,2026,5,7,18,0,N,2026-05-07 18:00:00,3,False
28,79,16,7,NO,28079016_7_8,Arturo Soria,2026,5,7,18,0,N,2026-05-07 18:00:00,3,False
28,79,16,8,NO2,28079016_8_8,Arturo Soria,2026,5,7,18,0,N,2026-05-07 18:00:00,3,False
28,79,16,12,NOx,28079016_12_8,Arturo Soria,2026,5,7,19,0,N,2026-05-07 19:00:00,3,False
28,79,16,14,O3,28079016_14_6,Arturo Soria,2026,5,7,19,0,N,2026-05-07 19:00:00,3,False
28,79,16,7,NO,28079016_7_8,Arturo Soria,2026,5,7,19,0,N,2026-05-07 19:00:00,3,False
28,79,16,8,NO2,28079016_8_8,Arturo Soria,2026,5,7,19,0,N,2026-05-07 19:00:00,3,False
28,79,16,12,NOx,28079016_12_8,Arturo Soria,2026,5,7,20,0,N,2026-05-07 20:00:00,3,False
28,79,16,14,O3,28079016_14_6,Arturo Soria,2026,5,7,20,0,N,2026-05-07 20:00:00,3,False
28,79,16,7,NO,28079016_7_8,Arturo Soria,2026,5,7,20,0,N,2026-05-07 20:00:00,3,False
28,79,16,8,NO2,28079016_8_8,Arturo Soria,2026,5,7,20,0,N,2026-05-07 20:00:00,3,False
28,79,16,12,NOx,28079016_12_8,Arturo Soria,2026,5,7,21,0,N,2026-05-07 21:00:00,3,False
28,79,16,14,O3,28079016_14_6,Arturo Soria,2026,5,7,21,0,N,2026-05-07 21:00:00,3,False
28,79,16,7,NO,28079016_7_8,Arturo Soria,2026,5,7,21,0,N,2026-05-07 21:00:00,3,False
28,79,16,8,NO2,28079016_8_8,Arturo Soria,2026,5,7,21,0,N,2026-05-07 21:00:00,3,False
28,79,16,12,NOx,28079016_12_8,Arturo Soria,2026,5,7,22,0,N,2026-05-07 22:00:00,3,False
28,79,16,14,O3,28079016_14_6,Arturo Soria,2026,5,7,22,0,N,2026-05-07 22:00:00,3,False
28,79,16,7,NO,28079016_7_8,Arturo Soria,2026,5,7,22,0,N,2026-05-07 22:00:00,3,False
28,79,16,8,NO2,28079016_8_8,Arturo Soria,2026,5,7,22,0,N,2026-05-07 22:00:00,3,False
28,79,16,12,NOx,28079016_12_8,Arturo Soria,2026,5,7,23,0,N,2026-05-07 23:00:00,3,False
28,79,16,14,O3,28079016_14_6,Arturo Soria,2026,5,7,23,0,N,2026-05-07 23:00:00,3,False
28,79,16,7,NO,28079016_7_8,Arturo Soria,2026,5,7,23,0,N,2026-05-07 23:00:00,3,False
28,79,16,8,NO2,28079016_8_8,Arturo Soria,2026,5,7,23,0,N,2026-05-07 23:00:00,3,False
28,79,27,12,NOx,28079027_12_8,Barajas Pueblo,2026,5,7,0,51,V,2026-05-07 00:00:00,3,False
28,79,27,14,O3,28079027_14_6,Barajas Pueblo,2026,5,7,0,38,V,2026-05-07 00:00:00,3,False
28,79,27,7,NO,28079027_7_8,Barajas Pueblo,2026,5,7,0,7,V,2026-05-07 00:00:00,3,False
28,79,27,8,NO2,28079027_8_8,Barajas Pueblo,2026,5,7,0,39,V,2026-05-07 00:00:00,3,False
28,79,27,12,NOx,28079027_12_8,Barajas Pueblo,2026,5,7,1,17,V,2026-05-07 01:00:00,3,False
28,79,27,14,O3,28079027_14_6,Barajas Pueblo,2026,5,7,1,53,V,2026-05-07 01:00:00,3,False
28,79,27,7,NO,28079027_7_8,Barajas Pueblo,2026,5,7,1,0,V,2026-05-07 01:00:00,3,False
28,79,27,8,NO2,28079027_8_8,Barajas Pueblo,2026,5,7,1,17,V,2026-05-07 01:00:00,3,False
28,79,27,12,NOx,28079027_12_8,Barajas Pueblo,2026,5,7,2,31,V,2026-05-07 02:00:00,3,False
28,79,27,14,O3,28079027_14_6,Barajas Pueblo,2026,5,7,2,38,V,2026-05-07 02:00:00,3,False
28,79,27,7,NO,28079027_7_8,Barajas Pueblo,2026,5,7,2,1,V,2026-05-07 02:00:00,3,False
28,79,27,8,NO2,28079027_8_8,Barajas Pueblo,2026,5,7,2,29,V,2026-05-07 02:00:00,3,False
28,79,27,12,NOx,28079027_12_8,Barajas Pueblo,2026,5,7,3,13,V,2026-05-07 03:00:00,3,False
28,79,27,14,O3,28079027_14_6,Barajas Pueblo,2026,5,7,3,57,V,2026-05-07 03:00:00,3,False
28,79,27,7,NO,28079027_7_8,Barajas Pueblo,2026,5,7,3,1,V,2026-05-07 03:00:00,3,False
28,79,27,8,NO2,28079027_8_8,Barajas Pueblo,2026,5,7,3,12,V,2026-05-07 03:00:00,3,False
28,79,27,12,NOx,28079027_12_8,Barajas Pueblo,2026,5,7,4,18,V,2026-05-07 04:00:00,3,False
28,79,27,14,O3,28079027_14_6,Barajas Pueblo,2026,5,7,4,53,V,2026-05-07 04:00:00,3,False
28,79,27,7,NO,28079027_7_8,Barajas Pueblo,2026,5,7,4,1,V,2026-05-07 04:00:00,3,False
28,79,27,8,NO2,28079027_8_8,Barajas Pueblo,2026,5,7,4,16,V,2026-05-07 04:00:00,3,False
28,79,27,12,NOx,28079027_12_8,Barajas Pueblo,2026,5,7,5,11,V,2026-05-07 05:00:00,3,False
28,79,27,14,O3,28079027_14_6,Barajas Pueblo,2026,5,7,5,55,V,2026-05-07 05:00:00,3,False
28,79,27,7,NO,28079027_7_8,Barajas Pueblo,2026,5,7,5,1,V,2026-05-07 05:00:00,3,False
28,79,27,8,NO2,28079027_8_8,Barajas Pueblo,2026,5,7,5,10,V,2026-05-07 05:00:00,3,False
28,79,27,12,NOx,28079027_12_8,Barajas Pueblo,2026,5,7,6,60,V,2026-05-07 06:00:00,3,False
28,79,27,14,O3,28079027_14_6,Barajas Pueblo,2026,5,7,6,29,V,2026-05-07 06:00:00,3,False
28,79,27,7,NO,28079027_7_8,Barajas Pueblo,2026,5,7,6,9,V,2026-05-07 06:00:00,3,False
28,79,27,8,NO2,28079027_8_8,Barajas Pueblo,2026,5,7,6,47,V,2026-05-07 06:00:00,3,False
28,79,27,12,NOx,28079027_12_8,Barajas Pueblo,2026,5,7,7,71,V,2026-05-07 07:00:00,3,False
28,79,27,14,O3,28079027_14_6,Barajas Pueblo,2026,5,7,7,30,V,2026-05-07 07:00:00,3,False
28,79,27,7,NO,28079027_7_8,Barajas Pueblo,2026,5,7,7,13,V,2026-05-07 07:00:00,3,False
28,79,27,8,NO2,28079027_8_8,Barajas Pueblo,2026,5,7,7,52,V,2026-05-07 07:00:00,3,False
28,79,27,12,NOx,28079027_12_8,Barajas Pueblo,2026,5,7,8,29,V,2026-05-07 08:00:00,3,False
28,79,27,14,O3,28079027_14_6,Barajas Pueblo,2026,5,7,8,53,V,2026-05-07 08:00:00,3,False
28,79,27,7,NO,28079027_7_8,Barajas Pueblo,2026,5,7,8,2,V,2026-05-07 08:00:00,3,False
28,79,27,8,NO2,28079027_8_8,Barajas Pueblo,2026,5,7,8,26,V,2026-05-07 08:00:00,3,False
28,79,27,12,NOx,28079027_12_8,Barajas Pueblo,2026,5,7,9,20,V,2026-05-07 09:00:00,3,False
28,79,27,14,O3,28079027_14_6,Barajas Pueblo,2026,5,7,9,59,V,2026-05-07 09:00:00,3,False
28,79,27,7,NO,28079027_7_8,Barajas Pueblo,2026,5,7,9,1,V,2026-05-07 09:00:00,3,False
28,79,27,8,NO2,28079027_8_8,Barajas Pueblo,2026,5,7,9,18,V,2026-05-07 09:00:00,3,False
28,79,27,12,NOx,28079027_12_8,Barajas Pueblo,2026,5,7,10,15,V,2026-05-07 10:00:00,3,False
28,79,27,14,O3,28079027_14_6,Barajas Pueblo,2026,5,7,10,75,V,2026-05-07 10:00:00,3,False
28,79,27,7,NO,28079027_7_8,Barajas Pueblo,2026,5,7,10,1,V,2026-05-07 10:00:00,3,False
28,79,27,8,NO2,28079027_8_8,Barajas Pueblo,2026,5,7,10,13,V,2026-05-07 10:00:00,3,False
28,79,27,12,NOx,28079027_12_8,Barajas Pueblo,2026,5,7,11,10,V,2026-05-07 11:00:00,3,False
28,79,27,14,O3,28079027_14_6,Barajas Pueblo,2026,5,7,11,84,V,2026-05-07 11:00:00,3,False
28,79,27,7,NO,28079027_7_8,Barajas Pueblo,2026,5,7,11,1,V,2026-05-07 11:00:00,3,False
28,79,27,8,NO2,28079027_8_8,Barajas Pueblo,2026,5,7,11,8,V,2026-05-07 11:00:00,3,False
28,79,27,12,NOx,28079027_12_8,Barajas Pueblo,2026,5,7,12,13,V,2026-05-07 12:00:00,3,False
28,79,27,14,O3,28079027_14_6,Barajas Pueblo,2026,5,7,12,87,V,2026-05-07 12:00:00,3,False
28,79,27,7,NO,28079027_7_8,Barajas Pueblo,2026,5,7,12,2,V,2026-05-07 12:00:00,3,False
28,79,27,8,NO2,28079027_8_8,Barajas Pueblo,2026,5,7,12,11,V,2026-05-07 12:00:00,3,False
28,79,27,12,NOx,28079027_12_8,Barajas Pueblo,2026,5,7,13,0,N,2026-05-07 13:00:00,3,False
28,79,27,14,O3,28079027_14_6,Barajas Pueblo,2026,5,7,13,0,N,2026-05-07 13:00:00,3,False
28,79,27,7,NO,28079027_7_8,Barajas Pueblo,2026,5,7,13,0,N,2026-05-07 13:00:00,3,False
28,79,27,8,NO2,28079027_8_8,Barajas Pueblo,2026,5,7,13,0,N,2026-05-07 13:00:00,3,False
28,79,27,12,NOx,28079027_12_8,Barajas Pueblo,2026,5,7,14,0,N,2026-05-07 14:00:00,3,False
28,79,27,14,O3,28079027_14_6,Barajas Pueblo,2026,5,7,14,0,N,2026-05-07 14:00:00,3,False
28,79,27,7,NO,28079027_7_8,Barajas Pueblo,2026,5,7,14,0,N,2026-05-07 14:00:00,3,False
28,79,27,8,NO2,28079027_8_8,Barajas Pueblo,2026,5,7,14,0,N,2026-05-07 14:00:00,3,False
28,79,27,12,NOx,28079027_12_8,Barajas Pueblo,2026,5,7,15,0,N,2026-05-07 15:00:00,3,False
28,79,27,14,O3,28079027_14_6,Barajas Pueblo,2026,5,7,15,0,N,2026-05-07 15:00:00,3,False
28,79,27,7,NO,28079027_7_8,Barajas Pueblo,2026,5,7,15,0,N,2026-05-07 15:00:00,3,False
28,79,27,8,NO2,28079027_8_8,Barajas Pueblo,2026,5,7,15,0,N,2026-05-07 15:00:00,3,False
28,79,27,12,NOx,28079027_12_8,Barajas Pueblo,2026,5,7,16,0,N,2026-05-07 16:00:00,3,False
28,79,27,14,O3,28079027_14_6,Barajas Pueblo,2026,5,7,16,0,N,2026-05-07 16:00:00,3,False
28,79,27,7,NO,28079027_7_8,Barajas Pueblo,2026,5,7,16,0,N,2026-05-07 16:00:00,3,False
28,79,27,8,NO2,28079027_8_8,Barajas Pueblo,2026,5,7,16,0,N,2026-05-07 16:00:00,3,False
28,79,27,12,NOx,28079027_12_8,Barajas Pueblo,2026,5,7,17,0,N,2026-05-07 17:00:00,3,False
28,79,27,14,O3,28079027_14_6,Barajas Pueblo,2026,5,7,17,0,N,2026-05-07 17:00:00,3,False
28,79,27,7,NO,28079027_7_8,Barajas Pueblo,2026,5,7,17,0,N,2026-05-07 17:00:00,3,False
28,79,27,8,NO2,28079027_8_8,Barajas Pueblo,2026,5,7,17,0,N,2026-05-07 17:00:00,3,False
28,79,27,12,NOx,28079027_12_8,Barajas Pueblo,2026,5,7,18,0,N,2026-05-07 18:00:00,3,False
28,79,27,14,O3,28079027_14_6,Barajas Pueblo,2026,5,7,18,0,N,2026-05-07 18:00:00,3,False
28,79,27,7,NO,28079027_7_8,Barajas Pueblo,2026,5,7,18,0,N,2026-05-07 18:00:00,3,False
28,79,27,8,NO2,28079027_8_8,Barajas Pueblo,2026,5,7,18,0,N,2026-05-07 18:00:00,3,False
28,79,27,12,NOx,28079027_12_8,Barajas Pueblo,2026,5,7,19,0,N,2026-05-07 19:00:00,3,False
28,79,27,14,O3,28079027_14_6,Barajas Pueblo,2026,5,7,19,0,N,2026-05-07 19:00:00,3,False
28,79,27,7,NO,28079027_7_8,Barajas Pueblo,2026,5,7,19,0,N,2026-05-07 19:00:00,3,False
28,79,27,8,NO2,28079027_8_8,Barajas Pueblo,2026,5,7,19,0,N,2026-05-07 19:00:00,3,False
28,79,27,12,NOx,28079027_12_8,Barajas Pueblo,2026,5,7,20,0,N,2026-05-07 20:00:00,3,False
28,79,27,14,O3,28079027_14_6,Barajas Pueblo,2026,5,7,20,0,N,2026-05-07 20:00:00,3,False
28,79,27,7,NO,28079027_7_8,Barajas Pueblo,2026,5,7,20,0,N,2026-05-07 20:00:00,3,False
28,79,27,8,NO2,28079027_8_8,Barajas Pueblo,2026,5,7,20,0,N,2026-05-07 20:00:00,3,False
28,79,27,12,NOx,28079027_12_8,Barajas Pueblo,2026,5,7,21,0,N,2026-05-07 21:00:00,3,False
28,79,27,14,O3,28079027_14_6,Barajas Pueblo,2026,5,7,21,0,N,2026-05-07 21:00:00,3,False
28,79,27,7,NO,28079027_7_8,Barajas Pueblo,2026,5,7,21,0,N,2026-05-07 21:00:00,3,False
28,79,27,8,NO2,28079027_8_8,Barajas Pueblo,2026,5,7,21,0,N,2026-05-07 21:00:00,3,False
28,79,27,12,NOx,28079027_12_8,Barajas Pueblo,2026,5,7,22,0,N,2026-05-07 22:00:00,3,False
28,79,27,14,O3,28079027_14_6,Barajas Pueblo,2026,5,7,22,0,N,2026-05-07 22:00:00,3,False
28,79,27,7,NO,28079027_7_8,Barajas Pueblo,2026,5,7,22,0,N,2026-05-07 22:00:00,3,False
28,79,27,8,NO2,28079027_8_8,Barajas Pueblo,2026,5,7,22,0,N,2026-05-07 22:00:00,3,False
28,79,27,12,NOx,28079027_12_8,Barajas Pueblo,2026,5,7,23,0,N,2026-05-07 23:00:00,3,False
28,79,27,14,O3,28079027_14_6,Barajas Pueblo,2026,5,7,23,0,N,2026-05-07 23:00:00,3,False
28,79,27,7,NO,28079027_7_8,Barajas Pueblo,2026,5,7,23,0,N,2026-05-07 23:00:00,3,False
28,79,27,8,NO2,28079027_8_8,Barajas Pueblo,2026,5,7,23,0,N,2026-05-07 23:00:00,3,False
28,79,39,12,NOx,28079039_12_8,Barrio del Pilar,2026,5,7,0,27,V,2026-05-07 00:00:00,3,False
28,79,39,14,O3,28079039_14_6,Barrio del Pilar,2026,5,7,0,73,V,2026-05-07 00:00:00,3,False
28,79,39,7,NO,28079039_7_8,Barrio del Pilar,2026,5,7,0,0,V,2026-05-07 00:00:00,3,False
28,79,39,8,NO2,28079039_8_8,Barrio del Pilar,2026,5,7,0,27,V,2026-05-07 00:00:00,3,False
28,79,39,12,NOx,28079039_12_8,Barrio del Pilar,2026,5,7,1,12,V,2026-05-07 01:00:00,3,False
28,79,39,14,O3,28079039_14_6,Barrio del Pilar,2026,5,7,1,76,V,2026-05-07 01:00:00,3,False
28,79,39,7,NO,28079039_7_8,Barrio del Pilar,2026,5,7,1,0,V,2026-05-07 01:00:00,3,False
28,79,39,8,NO2,28079039_8_8,Barrio del Pilar,2026,5,7,1,12,V,2026-05-07 01:00:00,3,False
28,79,39,12,NOx,28079039_12_8,Barrio del Pilar,2026,5,7,2,5,V,2026-05-07 02:00:00,3,False
28,79,39,14,O3,28079039_14_6,Barrio del Pilar,2026,5,7,2,73,V,2026-05-07 02:00:00,3,False
28,79,39,7,NO,28079039_7_8,Barrio del Pilar,2026,5,7,2,0,V,2026-05-07 02:00:00,3,False
28,79,39,8,NO2,28079039_8_8,Barrio del Pilar,2026,5,7,2,5,V,2026-05-07 02:00:00,3,False
28,79,39,12,NOx,28079039_12_8,Barrio del Pilar,2026,5,7,3,6,V,2026-05-07 03:00:00,3,False
28,79,39,14,O3,28079039_14_6,Barrio del Pilar,2026,5,7,3,70,V,2026-05-07 03:00:00,3,False
28,79,39,7,NO,28079039_7_8,Barrio del Pilar,2026,5,7,3,0,V,2026-05-07 03:00:00,3,False
28,79,39,8,NO2,28079039_8_8,Barrio del Pilar,2026,5,7,3,6,V,2026-05-07 03:00:00,3,False
28,79,39,12,NOx,28079039_12_8,Barrio del Pilar,2026,5,7,4,5,V,2026-05-07 04:00:00,3,False
28,79,39,14,O3,28079039_14_6,Barrio del Pilar,2026,5,7,4,71,V,2026-05-07 04:00:00,3,False
28,79,39,7,NO,28079039_7_8,Barrio del Pilar,2026,5,7,4,0,V,2026-05-07 04:00:00,3,False
28,79,39,8,NO2,28079039_8_8,Barrio del Pilar,2026,5,7,4,5,V,2026-05-07 04:00:00,3,False
28,79,39,12,NOx,28079039_12_8,Barrio del Pilar,2026,5,7,5,6,V,2026-05-07 05:00:00,3,False
28,79,39,14,O3,28079039_14_6,Barrio del Pilar,2026,5,7,5,69,V,2026-05-07 05:00:00,3,False
28,79,39,7,NO,28079039_7_8,Barrio del Pilar,2026,5,7,5,0,V,2026-05-07 05:00:00,3,False
28,79,39,8,NO2,28079039_8_8,Barrio del Pilar,2026,5,7,5,6,V,2026-05-07 05:00:00,3,False
28,79,39,12,NOx,28079039_12_8,Barrio del Pilar,2026,5,7,6,13,V,2026-05-07 06:00:00,3,False
28,79,39,14,O3,28079039_14_6,Barrio del Pilar,2026,5,7,6,61,V,2026-05-07 06:00:00,3,False
28,79,39,7,NO,28079039_7_8,Barrio del Pilar,2026,5,7,6,0,V,2026-05-07 06:00:00,3,False
28,79,39,8,NO2,28079039_8_8,Barrio del Pilar,2026,5,7,6,13,V,2026-05-07 06:00:00,3,False
28,79,39,12,NOx,28079039_12_8,Barrio del Pilar,2026,5,7,7,25,V,2026-05-07 07:00:00,3,False
28,79,39,14,O3,28079039_14_6,Barrio del Pilar,2026,5,7,7,49,V,2026-05-07 07:00:00,3,False
28,79,39,7,NO,28079039_7_8,Barrio del Pilar,2026,5,7,7,0,V,2026-05-07 07:00:00,3,False
28,79,39,8,NO2,28079039_8_8,Barrio del Pilar,2026,5,7,7,25,V,2026-05-07 07:00:00,3,False
28,79,39,12,NOx,28079039_12_8,Barrio del Pilar,2026,5,7,8,29,V,2026-05-07 08:00:00,3,False
28,79,39,14,O3,28079039_14_6,Barrio del Pilar,2026,5,7,8,50,V,2026-05-07 08:00:00,3,False
28,79,39,7,NO,28079039_7_8,Barrio del Pilar,2026,5,7,8,0,V,2026-05-07 08:00:00,3,False
28,79,39,8,NO2,28079039_8_8,Barrio del Pilar,2026,5,7,8,29,V,2026-05-07 08:00:00,3,False
28,79,39,12,NOx,28079039_12_8,Barrio del Pilar,2026,5,7,9,27,V,2026-05-07 09:00:00,3,False
28,79,39,14,O3,28079039_14_6,Barrio del Pilar,2026,5,7,9,54,V,2026-05-07 09:00:00,3,False
28,79,39,7,NO,28079039_7_8,Barrio del Pilar,2026,5,7,9,0,V,2026-05-07 09:00:00,3,False
28,79,39,8,NO2,28079039_8_8,Barrio del Pilar,2026,5,7,9,27,V,2026-05-07 09:00:00,3,False
28,79,39,12,NOx,28079039_12_8,Barrio del Pilar,2026,5,7,10,17,V,2026-05-07 10:00:00,3,False
28,79,39,14,O3,28079039_14_6,Barrio del Pilar,2026,5,7,10,68,V,2026-05-07 10:00:00,3,False
28,79,39,7,NO,28079039_7_8,Barrio del Pilar,2026,5,7,10,0,V,2026-05-07 10:00:00,3,False
28,79,39,8,NO2,28079039_8_8,Barrio del Pilar,2026,5,7,10,17,V,2026-05-07 10:00:00,3,False
28,79,39,12,NOx,28079039_12_8,Barrio del Pilar,2026,5,7,11,11,V,2026-05-07 11:00:00,3,False
28,79,39,14,O3,28079039_14_6,Barrio del Pilar,2026,5,7,11,82,V,2026-05-07 11:00:00,3,False
28,79,39,7,NO,28079039_7_8,Barrio del Pilar,2026,5,7,11,0,V,2026-05-07 11:00:00,3,False
28,79,39,8,NO2,28079039_8_8,Barrio del Pilar,2026,5,7,11,11,V,2026-05-07 11:00:00,3,False
28,79,39,12,NOx,28079039_12_8,Barrio del Pilar,2026,5,7,12,13,V,2026-05-07 12:00:00,3,False
28,79,39,14,O3,28079039_14_6,Barrio del Pilar,2026,5,7,12,86,V,2026-05-07 12:00:00,3,False
28,79,39,7,NO,28079039_7_8,Barrio del Pilar,2026,5,7,12,0,V,2026-05-07 12:00:00,3,False
28,79,39,8,NO2,28079039_8_8,Barrio del Pilar,2026,5,7,12,12,V,2026-05-07 12:00:00,3,False
28,79,39,12,NOx,28079039_12_8,Barrio del Pilar,2026,5,7,13,0,N,2026-05-07 13:00:00,3,False
28,79,39,14,O3,28079039_14_6,Barrio del Pilar,2026,5,7,13,0,N,2026-05-07 13:00:00,3,False
28,79,39,7,NO,28079039_7_8,Barrio del Pilar,2026,5,7,13,0,N,2026-05-07 13:00:00,3,False
28,79,39,8,NO2,28079039_8_8,Barrio del Pilar,2026,5,7,13,0,N,2026-05-07 13:00:00,3,False
28,79,39,12,NOx,28079039_12_8,Barrio del Pilar,2026,5,7,14,0,N,2026-05-07 14:00:00,3,False
28,79,39,14,O3,28079039_14_6,Barrio del Pilar,2026,5,7,14,0,N,2026-05-07 14:00:00,3,False
28,79,39,7,NO,28079039_7_8,Barrio del Pilar,2026,5,7,14,0,N,2026-05-07 14:00:00,3,False
28,79,39,8,NO2,28079039_8_8,Barrio del Pilar,2026,5,7,14,0,N,2026-05-07 14:00:00,3,False
28,79,39,12,NOx,28079039_12_8,Barrio del Pilar,2026,5,7,15,0,N,2026-05-07 15:00:00,3,False
28,79,39,14,O3,28079039_14_6,Barrio del Pilar,2026,5,7,15,0,N,2026-05-07 15:00:00,3,False
28,79,39,7,NO,28079039_7_8,Barrio del Pilar,2026,5,7,15,0,N,2026-05-07 15:00:00,3,False
28,79,39,8,NO2,28079039_8_8,Barrio del Pilar,2026,5,7,15,0,N,2026-05-07 15:00:00,3,False
28,79,39,12,NOx,28079039_12_8,Barrio del Pilar,2026,5,7,16,0,N,2026-05-07 16:00:00,3,False
28,79,39,14,O3,28079039_14_6,Barrio del Pilar,2026,5,7,16,0,N,2026-05-07 16:00:00,3,False
28,79,39,7,NO,28079039_7_8,Barrio del Pilar,2026,5,7,16,0,N,2026-05-07 16:00:00,3,False
28,79,39,8,NO2,28079039_8_8,Barrio del Pilar,2026,5,7,16,0,N,2026-05-07 16:00:00,3,False
28,79,39,12,NOx,28079039_12_8,Barrio del Pilar,2026,5,7,17,0,N,2026-05-07 17:00:00,3,False
28,79,39,14,O3,28079039_14_6,Barrio del Pilar,2026,5,7,17,0,N,2026-05-07 17:00:00,3,False
28,79,39,7,NO,28079039_7_8,Barrio del Pilar,2026,5,7,17,0,N,2026-05-07 17:00:00,3,False
28,79,39,8,NO2,28079039_8_8,Barrio del Pilar,2026,5,7,17,0,N,2026-05-07 17:00:00,3,False
28,79,39,12,NOx,28079039_12_8,Barrio del Pilar,2026,5,7,18,0,N,2026-05-07 18:00:00,3,False
28,79,39,14,O3,28079039_14_6,Barrio del Pilar,2026,5,7,18,0,N,2026-05-07 18:00:00,3,False
28,79,39,7,NO,28079039_7_8,Barrio del Pilar,2026,5,7,18,0,N,2026-05-07 18:00:00,3,False
28,79,39,8,NO2,28079039_8_8,Barrio del Pilar,2026,5,7,18,0,N,2026-05-07 18:00:00,3,False
28,79,39,12,NOx,28079039_12_8,Barrio del Pilar,2026,5,7,19,0,N,2026-05-07 19:00:00,3,False
28,79,39,14,O3,28079039_14_6,Barrio del Pilar,2026,5,7,19,0,N,2026-05-07 19:00:00,3,False
28,79,39,7,NO,28079039_7_8,Barrio del Pilar,2026,5,7,19,0,N,2026-05-07 19:00:00,3,False
28,79,39,8,NO2,28079039_8_8,Barrio del Pilar,2026,5,7,19,0,N,2026-05-07 19:00:00,3,False
28,79,39,12,NOx,28079039_12_8,Barrio del Pilar,2026,5,7,20,0,N,2026-05-07 20:00:00,3,False
28,79,39,14,O3,28079039_14_6,Barrio del Pilar,2026,5,7,20,0,N,2026-05-07 20:00:00,3,False
28,79,39,7,NO,28079039_7_8,Barrio del Pilar,2026,5,7,20,0,N,2026-05-07 20:00:00,3,False
28,79,39,8,NO2,28079039_8_8,Barrio del Pilar,2026,5,7,20,0,N,2026-05-07 20:00:00,3,False
28,79,39,12,NOx,28079039_12_8,Barrio del Pilar,2026,5,7,21,0,N,2026-05-07 21:00:00,3,False
28,79,39,14,O3,28079039_14_6,Barrio del Pilar,2026,5,7,21,0,N,2026-05-07 21:00:00,3,False
28,79,39,7,NO,28079039_7_8,Barrio del Pilar,2026,5,7,21,0,N,2026-05-07 21:00:00,3,False
28,79,39,8,NO2,28079039_8_8,Barrio del Pilar,2026,5,7,21,0,N,2026-05-07 21:00:00,3,False
28,79,39,12,NOx,28079039_12_8,Barrio del Pilar,2026,5,7,22,0,N,2026-05-07 22:00:00,3,False
28,79,39,14,O3,28079039_14_6,Barrio del Pilar,2026,5,7,22,0,N,2026-05-07 22:00:00,3,False
28,79,39,7,NO,28079039_7_8,Barrio del Pilar,2026,5,7,22,0,N,2026-05-07 22:00:00,3,False
28,79,39,8,NO2,28079039_8_8,Barrio del Pilar,2026,5,7,22,0,N,2026-05-07 22:00:00,3,False
28,79,39,12,NOx,28079039_12_8,Barrio del Pilar,2026,5,7,23,0,N,2026-05-07 23:00:00,3,False
28,79,39,14,O3,28079039_14_6,Barrio del Pilar,2026,5,7,23,0,N,2026-05-07 23:00:00,3,False
28,79,39,7,NO,28079039_7_8,Barrio del Pilar,2026,5,7,23,0,N,2026-05-07 23:00:00,3,False
28,79,39,8,NO2,28079039_8_8,Barrio del Pilar,2026,5,7,23,0,N,2026-05-07 23:00:00,3,False
28,79,24,10,PM10,28079024_10_47,Casa de Campo,2026,5,7,0,11,V,2026-05-07 00:00:00,3,False
28,79,24,12,NOx,28079024_12_8,Casa de Campo,2026,5,7,0,26,V,2026-05-07 00:00:00,3,False
28,79,24,14,O3,28079024_14_6,Casa de Campo,2026,5,7,0,65,V,2026-05-07 00:00:00,3,False
28,79,24,7,NO,28079024_7_8,Casa de Campo,2026,5,7,0,1,V,2026-05-07 00:00:00,3,False
28,79,24,8,NO2,28079024_8_8,Casa de Campo,2026,5,7,0,25,V,2026-05-07 00:00:00,3,False
28,79,24,9,PM2.5,28079024_9_47,Casa de Campo,2026,5,7,0,5,V,2026-05-07 00:00:00,3,False
28,79,24,10,PM10,28079024_10_47,Casa de Campo,2026,5,7,1,14,V,2026-05-07 01:00:00,3,False
28,79,24,12,NOx,28079024_12_8,Casa de Campo,2026,5,7,1,16,V,2026-05-07 01:00:00,3,False
28,79,24,14,O3,28079024_14_6,Casa de Campo,2026,5,7,1,67,V,2026-05-07 01:00:00,3,False
28,79,24,7,NO,28079024_7_8,Casa de Campo,2026,5,7,1,0,V,2026-05-07 01:00:00,3,False
28,79,24,8,NO2,28079024_8_8,Casa de Campo,2026,5,7,1,15,V,2026-05-07 01:00:00,3,False
28,79,24,9,PM2.5,28079024_9_47,Casa de Campo,2026,5,7,1,8,V,2026-05-07 01:00:00,3,False
28,79,24,10,PM10,28079024_10_47,Casa de Campo,2026,5,7,2,12,V,2026-05-07 02:00:00,3,False
28,79,24,12,NOx,28079024_12_8,Casa de Campo,2026,5,7,2,8,V,2026-05-07 02:00:00,3,False
28,79,24,14,O3,28079024_14_6,Casa de Campo,2026,5,7,2,72,V,2026-05-07 02:00:00,3,False
28,79,24,7,NO,28079024_7_8,Casa de Campo,2026,5,7,2,1,V,2026-05-07 02:00:00,3,False
28,79,24,8,NO2,28079024_8_8,Casa de Campo,2026,5,7,2,7,V,2026-05-07 02:00:00,3,False
28,79,24,9,PM2.5,28079024_9_47,Casa de Campo,2026,5,7,2,8,V,2026-05-07 02:00:00,3,False
28,79,24,10,PM10,28079024_10_47,Casa de Campo,2026,5,7,3,7,V,2026-05-07 03:00:00,3,False
28,79,24,12,NOx,28079024_12_8,Casa de Campo,2026,5,7,3,7,V,2026-05-07 03:00:00,3,False
28,79,24,14,O3,28079024_14_6,Casa de Campo,2026,5,7,3,70,V,2026-05-07 03:00:00,3,False
28,79,24,7,NO,28079024_7_8,Casa de Campo,2026,5,7,3,1,V,2026-05-07 03:00:00,3,False
28,79,24,8,NO2,28079024_8_8,Casa de Campo,2026,5,7,3,6,V,2026-05-07 03:00:00,3,False
28,79,24,9,PM2.5,28079024_9_47,Casa de Campo,2026,5,7,3,3,V,2026-05-07 03:00:00,3,False
28,79,24,10,PM10,28079024_10_47,Casa de Campo,2026,5,7,4,7,V,2026-05-07 04:00:00,3,False
28,79,24,12,NOx,28079024_12_8,Casa de Campo,2026,5,7,4,7,V,2026-05-07 04:00:00,3,False
28,79,24,14,O3,28079024_14_6,Casa de Campo,2026,5,7,4,67,V,2026-05-07 04:00:00,3,False
28,79,24,7,NO,28079024_7_8,Casa de Campo,2026,5,7,4,1,V,2026-05-07 04:00:00,3,False
28,79,24,8,NO2,28079024_8_8,Casa de Campo,2026,5,7,4,7,V,2026-05-07 04:00:00,3,False
28,79,24,9,PM2.5,28079024_9_47,Casa de Campo,2026,5,7,4,5,V,2026-05-07 04:00:00,3,False
28,79,24,10,PM10,28079024_10_47,Casa de Campo,2026,5,7,5,8,V,2026-05-07 05:00:00,3,False
28,79,24,12,NOx,28079024_12_8,Casa de Campo,2026,5,7,5,7,V,2026-05-07 05:00:00,3,False
28,79,24,14,O3,28079024_14_6,Casa de Campo,2026,5,7,5,70,V,2026-05-07 05:00:00,3,False
28,79,24,7,NO,28079024_7_8,Casa de Campo,2026,5,7,5,1,V,2026-05-07 05:00:00,3,False
28,79,24,8,NO2,28079024_8_8,Casa de Campo,2026,5,7,5,6,V,2026-05-07 05:00:00,3,False
28,79,24,9,PM2.5,28079024_9_47,Casa de Campo,2026,5,7,5,5,V,2026-05-07 05:00:00,3,False
28,79,24,10,PM10,28079024_10_47,Casa de Campo,2026,5,7,6,8,V,2026-05-07 06:00:00,3,False
28,79,24,12,NOx,28079024_12_8,Casa de Campo,2026,5,7,6,8,V,2026-05-07 06:00:00,3,False
28,79,24,14,O3,28079024_14_6,Casa de Campo,2026,5,7,6,68,V,2026-05-07 06:00:00,3,False
28,79,24,7,NO,28079024_7_8,Casa de Campo,2026,5,7,6,1,V,2026-05-07 06:00:00,3,False
28,79,24,8,NO2,28079024_8_8,Casa de Campo,2026,5,7,6,7,V,2026-05-07 06:00:00,3,False
28,79,24,9,PM2.5,28079024_9_47,Casa de Campo,2026,5,7,6,4,V,2026-05-07 06:00:00,3,False
28,79,24,10,PM10,28079024_10_47,Casa de Campo,2026,5,7,7,9,V,2026-05-07 07:00:00,3,False
28,79,24,12,NOx,28079024_12_8,Casa de Campo,2026,5,7,7,17,V,2026-05-07 07:00:00,3,False
28,79,24,14,O3,28079024_14_6,Casa de Campo,2026,5,7,7,62,V,2026-05-07 07:00:00,3,False
28,79,24,7,NO,28079024_7_8,Casa de Campo,2026,5,7,7,1,V,2026-05-07 07:00:00,3,False
28,79,24,8,NO2,28079024_8_8,Casa de Campo,2026,5,7,7,16,V,2026-05-07 07:00:00,3,False
28,79,24,9,PM2.5,28079024_9_47,Casa de Campo,2026,5,7,7,4,V,2026-05-07 07:00:00,3,False
28,79,24,10,PM10,28079024_10_47,Casa de Campo,2026,5,7,8,11,V,2026-05-07 08:00:00,3,False
28,79,24,12,NOx,28079024_12_8,Casa de Campo,2026,5,7,8,23,V,2026-05-07 08:00:00,3,False
28,79,24,14,O3,28079024_14_6,Casa de Campo,2026,5,7,8,62,V,2026-05-07 08:00:00,3,False
28,79,24,7,NO,28079024_7_8,Casa de Campo,2026,5,7,8,1,V,2026-05-07 08:00:00,3,False
28,79,24,8,NO2,28079024_8_8,Casa de Campo,2026,5,7,8,21,V,2026-05-07 08:00:00,3,False
28,79,24,9,PM2.5,28079024_9_47,Casa de Campo,2026,5,7,8,6,V,2026-05-07 08:00:00,3,False
28,79,24,10,PM10,28079024_10_47,Casa de Campo,2026,5,7,9,15,V,2026-05-07 09:00:00,3,False
28,79,24,12,NOx,28079024_12_8,Casa de Campo,2026,5,7,9,28,V,2026-05-07 09:00:00,3,False
28,79,24,14,O3,28079024_14_6,Casa de Campo,2026,5,7,9,61,V,2026-05-07 09:00:00,3,False
28,79,24,7,NO,28079024_7_8,Casa de Campo,2026,5,7,9,2,V,2026-05-07 09:00:00,3,False
28,79,24,8,NO2,28079024_8_8,Casa de Campo,2026,5,7,9,25,V,2026-05-07 09:00:00,3,False
28,79,24,9,PM2.5,28079024_9_47,Casa de Campo,2026,5,7,9,9,V,2026-05-07 09:00:00,3,False
28,79,24,10,PM10,28079024_10_47,Casa de Campo,2026,5,7,10,23,V,2026-05-07 10:00:00,3,False
28,79,24,12,NOx,28079024_12_8,Casa de Campo,2026,5,7,10,17,V,2026-05-07 10:00:00,3,False
28,79,24,14,O3,28079024_14_6,Casa de Campo,2026,5,7,10,80,V,2026-05-07 10:00:00,3,False
28,79,24,7,NO,28079024_7_8,Casa de Campo,2026,5,7,10,2,V,2026-05-07 10:00:00,3,False
28,79,24,8,NO2,28079024_8_8,Casa de Campo,2026,5,7,10,13,V,2026-05-07 10:00:00,3,False
28,79,24,9,PM2.5,28079024_9_47,Casa de Campo,2026,5,7,10,14,V,2026-05-07 10:00:00,3,False
28,79,24,10,PM10,28079024_10_47,Casa de Campo,2026,5,7,11,12,V,2026-05-07 11:00:00,3,False
28,79,24,12,NOx,28079024_12_8,Casa de Campo,2026,5,7,11,13,V,2026-05-07 11:00:00,3,False
28,79,24,14,O3,28079024_14_6,Casa de Campo,2026,5,7,11,88,V,2026-05-07 11:00:00,3,False
28,79,24,7,NO,28079024_7_8,Casa de Campo,2026,5,7,11,2,V,2026-05-07 11:00:00,3,False
28,79,24,8,NO2,28079024_8_8,Casa de Campo,2026,5,7,11,10,V,2026-05-07 11:00:00,3,False
28,79,24,9,PM2.5,28079024_9_47,Casa de Campo,2026,5,7,11,5,V,2026-05-07 11:00:00,3,False
28,79,24,10,PM10,28079024_10_47,Casa de Campo,2026,5,7,12,21,V,2026-05-07 12:00:00,3,False
28,79,24,12,NOx,28079024_12_8,Casa de Campo,2026,5,7,12,13,V,2026-05-07 12:00:00,3,False
28,79,24,14,O3,28079024_14_6,Casa de Campo,2026,5,7,12,91,V,2026-05-07 12:00:00,3,False
28,79,24,7,NO,28079024_7_8,Casa de Campo,2026,5,7,12,2,V,2026-05-07 12:00:00,3,False
28,79,24,8,NO2,28079024_8_8,Casa de Campo,2026,5,7,12,9,V,2026-05-07 12:00:00,3,False
28,79,24,9,PM2.5,28079024_9_47,Casa de Campo,2026,5,7,12,12,V,2026-05-07 12:00:00,3,False
28,79,24,10,PM10,28079024_10_47,Casa de Campo,2026,5,7,13,0,N,2026-05-07 13:00:00,3,False
28,79,24,12,NOx,28079024_12_8,Casa de Campo,2026,5,7,13,0,N,2026-05-07 13:00:00,3,False
28,79,24,14,O3,28079024_14_6,Casa de Campo,2026,5,7,13,0,N,2026-05-07 13:00:00,3,False
28,79,24,7,NO,28079024_7_8,Casa de Campo,2026,5,7,13,0,N,2026-05-07 13:00:00,3,False
28,79,24,8,NO2,28079024_8_8,Casa de Campo,2026,5,7,13,0,N,2026-05-07 13:00:00,3,False
28,79,24,9,PM2.5,28079024_9_47,Casa de Campo,2026,5,7,13,0,N,2026-05-07 13:00:00,3,False
28,79,24,10,PM10,28079024_10_47,Casa de Campo,2026,5,7,14,0,N,2026-05-07 14:00:00,3,False
28,79,24,12,NOx,28079024_12_8,Casa de Campo,2026,5,7,14,0,N,2026-05-07 14:00:00,3,False
28,79,24,14,O3,28079024_14_6,Casa de Campo,2026,5,7,14,0,N,2026-05-07 14:00:00,3,False
28,79,24,7,NO,28079024_7_8,Casa de Campo,2026,5,7,14,0,N,2026-05-07 14:00:00,3,False
28,79,24,8,NO2,28079024_8_8,Casa de Campo,2026,5,7,14,0,N,2026-05-07 14:00:00,3,False
28,79,24,9,PM2.5,28079024_9_47,Casa de Campo,2026,5,7,14,0,N,2026-05-07 14:00:00,3,False
28,79,24,10,PM10,28079024_10_47,Casa de Campo,2026,5,7,15,0,N,2026-05-07 15:00:00,3,False
28,79,24,12,NOx,28079024_12_8,Casa de Campo,2026,5,7,15,0,N,2026-05-07 15:00:00,3,False
28,79,24,14,O3,28079024_14_6,Casa de Campo,2026,5,7,15,0,N,2026-05-07 15:00:00,3,False
28,79,24,7,NO,28079024_7_8,Casa de Campo,2026,5,7,15,0,N,2026-05-07 15:00:00,3,False
28,79,24,8,NO2,28079024_8_8,Casa de Campo,2026,5,7,15,0,N,2026-05-07 15:00:00,3,False
28,79,24,9,PM2.5,28079024_9_47,Casa de Campo,2026,5,7,15,0,N,2026-05-07 15:00:00,3,False
28,79,24,10,PM10,28079024_10_47,Casa de Campo,2026,5,7,16,0,N,2026-05-07 16:00:00,3,False
28,79,24,12,NOx,28079024_12_8,Casa de Campo,2026,5,7,16,0,N,2026-05-07 16:00:00,3,False
28,79,24,14,O3,28079024_14_6,Casa de Campo,2026,5,7,16,0,N,2026-05-07 16:00:00,3,False
28,79,24,7,NO,28079024_7_8,Casa de Campo,2026,5,7,16,0,N,2026-05-07 16:00:00,3,False
28,79,24,8,NO2,28079024_8_8,Casa de Campo,2026,5,7,16,0,N,2026-05-07 16:00:00,3,False
28,79,24,9,PM2.5,28079024_9_47,Casa de Campo,2026,5,7,16,0,N,2026-05-07 16:00:00,3,False
28,79,24,10,PM10,28079024_10_47,Casa de Campo,2026,5,7,17,0,N,2026-05-07 17:00:00,3,False
28,79,24,12,NOx,28079024_12_8,Casa de Campo,2026,5,7,17,0,N,2026-05-07 17:00:00,3,False
28,79,24,14,O3,28079024_14_6,Casa de Campo,2026,5,7,17,0,N,2026-05-07 17:00:00,3,False
28,79,24,7,NO,28079024_7_8,Casa de Campo,2026,5,7,17,0,N,2026-05-07 17:00:00,3,False
28,79,24,8,NO2,28079024_8_8,Casa de Campo,2026,5,7,17,0,N,2026-05-07 17:00:00,3,False
28,79,24,9,PM2.5,28079024_9_47,Casa de Campo,2026,5,7,17,0,N,2026-05-07 17:00:00,3,False
28,79,24,10,PM10,28079024_10_47,Casa de Campo,2026,5,7,18,0,N,2026-05-07 18:00:00,3,False
28,79,24,12,NOx,28079024_12_8,Casa de Campo,2026,5,7,18,0,N,2026-05-07 18:00:00,3,False
28,79,24,14,O3,28079024_14_6,Casa de Campo,2026,5,7,18,0,N,2026-05-07 18:00:00,3,False
28,79,24,7,NO,28079024_7_8,Casa de Campo,2026,5,7,18,0,N,2026-05-07 18:00:00,3,False
28,79,24,8,NO2,28079024_8_8,Casa de Campo,2026,5,7,18,0,N,2026-05-07 18:00:00,3,False
28,79,24,9,PM2.5,28079024_9_47,Casa de Campo,2026,5,7,18,0,N,2026-05-07 18:00:00,3,False
28,79,24,10,PM10,28079024_10_47,Casa de Campo,2026,5,7,19,0,N,2026-05-07 19:00:00,3,False
28,79,24,12,NOx,28079024_12_8,Casa de Campo,2026,5,7,19,0,N,2026-05-07 19:00:00,3,False
28,79,24,14,O3,28079024_14_6,Casa de Campo,2026,5,7,19,0,N,2026-05-07 19:00:00,3,False
28,79,24,7,NO,28079024_7_8,Casa de Campo,2026,5,7,19,0,N,2026-05-07 19:00:00,3,False
28,79,24,8,NO2,28079024_8_8,Casa de Campo,2026,5,7,19,0,N,2026-05-07 19:00:00,3,False
28,79,24,9,PM2.5,28079024_9_47,Casa de Campo,2026,5,7,19,0,N,2026-05-07 19:00:00,3,False
28,79,24,10,PM10,28079024_10_47,Casa de Campo,2026,5,7,20,0,N,2026-05-07 20:00:00,3,False
28,79,24,12,NOx,28079024_12_8,Casa de Campo,2026,5,7,20,0,N,2026-05-07 20:00:00,3,False
28,79,24,14,O3,28079024_14_6,Casa de Campo,2026,5,7,20,0,N,2026-05-07 20:00:00,3,False
28,79,24,7,NO,28079024_7_8,Casa de Campo,2026,5,7,20,0,N,2026-05-07 20:00:00,3,False
28,79,24,8,NO2,28079024_8_8,Casa de Campo,2026,5,7,20,0,N,2026-05-07 20:00:00,3,False
28,79,24,9,PM2.5,28079024_9_47,Casa de Campo,2026,5,7,20,0,N,2026-05-07 20:00:00,3,False
28,79,24,10,PM10,28079024_10_47,Casa de Campo,2026,5,7,21,0,N,2026-05-07 21:00:00,3,False
28,79,24,12,NOx,28079024_12_8,Casa de Campo,2026,5,7,21,0,N,2026-05-07 21:00:00,3,False
28,79,24,14,O3,28079024_14_6,Casa de Campo,2026,5,7,21,0,N,2026-05-07 21:00:00,3,False
28,79,24,7,NO,28079024_7_8,Casa de Campo,2026,5,7,21,0,N,2026-05-07 21:00:00,3,False
28,79,24,8,NO2,28079024_8_8,Casa de Campo,2026,5,7,21,0,N,2026-05-07 21:00:00,3,False
28,79,24,9,PM2.5,28079024_9_47,Casa de Campo,2026,5,7,21,0,N,2026-05-07 21:00:00,3,False
28,79,24,10,PM10,28079024_10_47,Casa de Campo,2026,5,7,22,0,N,2026-05-07 22:00:00,3,False
28,79,24,12,NOx,28079024_12_8,Casa de Campo,2026,5,7,22,0,N,2026-05-07 22:00:00,3,False
28,79,24,14,O3,28079024_14_6,Casa de Campo,2026,5,7,22,0,N,2026-05-07 22:00:00,3,False
28,79,24,7,NO,28079024_7_8,Casa de Campo,2026,5,7,22,0,N,2026-05-07 22:00:00,3,False
28,79,24,8,NO2,28079024_8_8,Casa de Campo,2026,5,7,22,0,N,2026-05-07 22:00:00,3,False
28,79,24,9,PM2.5,28079024_9_47,Casa de Campo,2026,5,7,22,0,N,2026-05-07 22:00:00,3,False
28,79,24,10,PM10,28079024_10_47,Casa de Campo,2026,5,7,23,0,N,2026-05-07 23:00:00,3,False
28,79,24,12,NOx,28079024_12_8,Casa de Campo,2026,5,7,23,0,N,2026-05-07 23:00:00,3,False
28,79,24,14,O3,28079024_14_6,Casa de Campo,2026,5,7,23,0,N,2026-05-07 23:00:00,3,False
28,79,24,7,NO,28079024_7_8,Casa de Campo,2026,5,7,23,0,N,2026-05-07 23:00:00,3,False
28,79,24,8,NO2,28079024_8_8,Casa de Campo,2026,5,7,23,0,N,2026-05-07 23:00:00,3,False
28,79,24,9,PM2.5,28079024_9_47,Casa de Campo,2026,5,7,23,0,N,2026-05-07 23:00:00,3,False
28,79,48,10,PM10,28079048_10_47,Castellana,2026,5,7,0,14,V,2026-05-07 00:00:00,3,False
28,79,48,12,NOx,28079048_12_8,Castellana,2026,5,7,0,50,V,2026-05-07 00:00:00,3,False
28,79,48,7,NO,28079048_7_8,Castellana,2026,5,7,0,1,V,2026-05-07 00:00:00,3,False
28,79,48,8,NO2,28079048_8_8,Castellana,2026,5,7,0,49,V,2026-05-07 00:00:00,3,False
28,79,48,9,PM2.5,28079048_9_47,Castellana,2026,5,7,0,8,V,2026-05-07 00:00:00,3,False
28,79,48,10,PM10,28079048_10_47,Castellana,2026,5,7,1,8,V,2026-05-07 01:00:00,3,False
28,79,48,12,NOx,28079048_12_8,Castellana,2026,5,7,1,11,V,2026-05-07 01:00:00,3,False
28,79,48,7,NO,28079048_7_8,Castellana,2026,5,7,1,0,V,2026-05-07 01:00:00,3,False
28,79,48,8,NO2,28079048_8_8,Castellana,2026,5,7,1,10,V,2026-05-07 01:00:00,3,False
28,79,48,9,PM2.5,28079048_9_47,Castellana,2026,5,7,1,5,V,2026-05-07 01:00:00,3,False
28,79,48,10,PM10,28079048_10_47,Castellana,2026,5,7,2,5,V,2026-05-07 02:00:00,3,False
28,79,48,12,NOx,28079048_12_8,Castellana,2026,5,7,2,6,V,2026-05-07 02:00:00,3,False
28,79,48,7,NO,28079048_7_8,Castellana,2026,5,7,2,0,V,2026-05-07 02:00:00,3,False
28,79,48,8,NO2,28079048_8_8,Castellana,2026,5,7,2,5,V,2026-05-07 02:00:00,3,False
28,79,48,9,PM2.5,28079048_9_47,Castellana,2026,5,7,2,4,V,2026-05-07 02:00:00,3,False
28,79,48,10,PM10,28079048_10_47,Castellana,2026,5,7,3,0,N,2026-05-07 03:00:00,3,False
28,79,48,12,NOx,28079048_12_8,Castellana,2026,5,7,3,5,V,2026-05-07 03:00:00,3,False
28,79,48,7,NO,28079048_7_8,Castellana,2026,5,7,3,0,V,2026-05-07 03:00:00,3,False
28,79,48,8,NO2,28079048_8_8,Castellana,2026,5,7,3,5,V,2026-05-07 03:00:00,3,False
28,79,48,9,PM2.5,28079048_9_47,Castellana,2026,5,7,3,0,N,2026-05-07 03:00:00,3,False
28,79,48,10,PM10,28079048_10_47,Castellana,2026,5,7,4,7,V,2026-05-07 04:00:00,3,False
28,79,48,12,NOx,28079048_12_8,Castellana,2026,5,7,4,4,V,2026-05-07 04:00:00,3,False
28,79,48,7,NO,28079048_7_8,Castellana,2026,5,7,4,0,V,2026-05-07 04:00:00,3,False
28,79,48,8,NO2,28079048_8_8,Castellana,2026,5,7,4,4,V,2026-05-07 04:00:00,3,False
28,79,48,9,PM2.5,28079048_9_47,Castellana,2026,5,7,4,3,V,2026-05-07 04:00:00,3,False
28,79,48,10,PM10,28079048_10_47,Castellana,2026,5,7,5,7,V,2026-05-07 05:00:00,3,False
28,79,48,12,NOx,28079048_12_8,Castellana,2026,5,7,5,5,V,2026-05-07 05:00:00,3,False
28,79,48,7,NO,28079048_7_8,Castellana,2026,5,7,5,0,V,2026-05-07 05:00:00,3,False
28,79,48,8,NO2,28079048_8_8,Castellana,2026,5,7,5,4,V,2026-05-07 05:00:00,3,False
28,79,48,9,PM2.5,28079048_9_47,Castellana,2026,5,7,5,2,V,2026-05-07 05:00:00,3,False
28,79,48,10,PM10,28079048_10_47,Castellana,2026,5,7,6,5,V,2026-05-07 06:00:00,3,False
28,79,48,12,NOx,28079048_12_8,Castellana,2026,5,7,6,10,V,2026-05-07 06:00:00,3,False
28,79,48,7,NO,28079048_7_8,Castellana,2026,5,7,6,0,V,2026-05-07 06:00:00,3,False
28,79,48,8,NO2,28079048_8_8,Castellana,2026,5,7,6,10,V,2026-05-07 06:00:00,3,False
28,79,48,9,PM2.5,28079048_9_47,Castellana,2026,5,7,6,1,V,2026-05-07 06:00:00,3,False
28,79,48,10,PM10,28079048_10_47,Castellana,2026,5,7,7,9,V,2026-05-07 07:00:00,3,False
28,79,48,12,NOx,28079048_12_8,Castellana,2026,5,7,7,20,V,2026-05-07 07:00:00,3,False
28,79,48,7,NO,28079048_7_8,Castellana,2026,5,7,7,0,V,2026-05-07 07:00:00,3,False
28,79,48,8,NO2,28079048_8_8,Castellana,2026,5,7,7,19,V,2026-05-07 07:00:00,3,False
28,79,48,9,PM2.5,28079048_9_47,Castellana,2026,5,7,7,3,V,2026-05-07 07:00:00,3,False
28,79,48,10,PM10,28079048_10_47,Castellana,2026,5,7,8,14,V,2026-05-07 08:00:00,3,False
28,79,48,12,NOx,28079048_12_8,Castellana,2026,5,7,8,29,V,2026-05-07 08:00:00,3,False
28,79,48,7,NO,28079048_7_8,Castellana,2026,5,7,8,1,V,2026-05-07 08:00:00,3,False
28,79,48,8,NO2,28079048_8_8,Castellana,2026,5,7,8,27,V,2026-05-07 08:00:00,3,False
28,79,48,9,PM2.5,28079048_9_47,Castellana,2026,5,7,8,6,V,2026-05-07 08:00:00,3,False
28,79,48,10,PM10,28079048_10_47,Castellana,2026,5,7,9,15,V,2026-05-07 09:00:00,3,False
28,79,48,12,NOx,28079048_12_8,Castellana,2026,5,7,9,35,V,2026-05-07 09:00:00,3,False
28,79,48,7,NO,28079048_7_8,Castellana,2026,5,7,9,2,V,2026-05-07 09:00:00,3,False
28,79,48,8,NO2,28079048_8_8,Castellana,2026,5,7,9,32,V,2026-05-07 09:00:00,3,False
28,79,48,9,PM2.5,28079048_9_47,Castellana,2026,5,7,9,6,V,2026-05-07 09:00:00,3,False
28,79,48,10,PM10,28079048_10_47,Castellana,2026,5,7,10,15,V,2026-05-07 10:00:00,3,False
28,79,48,12,NOx,28079048_12_8,Castellana,2026,5,7,10,18,V,2026-05-07 10:00:00,3,False
28,79,48,7,NO,28079048_7_8,Castellana,2026,5,7,10,1,V,2026-05-07 10:00:00,3,False
28,79,48,8,NO2,28079048_8_8,Castellana,2026,5,7,10,16,V,2026-05-07 10:00:00,3,False
28,79,48,9,PM2.5,28079048_9_47,Castellana,2026,5,7,10,8,V,2026-05-07 10:00:00,3,False
28,79,48,10,PM10,28079048_10_47,Castellana,2026,5,7,11,11,V,2026-05-07 11:00:00,3,False
28,79,48,12,NOx,28079048_12_8,Castellana,2026,5,7,11,14,V,2026-05-07 11:00:00,3,False
28,79,48,7,NO,28079048_7_8,Castellana,2026,5,7,11,1,V,2026-05-07 11:00:00,3,False
28,79,48,8,NO2,28079048_8_8,Castellana,2026,5,7,11,12,V,2026-05-07 11:00:00,3,False
28,79,48,9,PM2.5,28079048_9_47,Castellana,2026,5,7,11,5,V,2026-05-07 11:00:00,3,False
28,79,48,10,PM10,28079048_10_47,Castellana,2026,5,7,12,13,V,2026-05-07 12:00:00,3,False
28,79,48,12,NOx,28079048_12_8,Castellana,2026,5,7,12,17,V,2026-05-07 12:00:00,3,False
28,79,48,7,NO,28079048_7_8,Castellana,2026,5,7,12,2,V,2026-05-07 12:00:00,3,False
28,79,48,8,NO2,28079048_8_8,Castellana,2026,5,7,12,14,V,2026-05-07 12:00:00,3,False
28,79,48,9,PM2.5,28079048_9_47,Castellana,2026,5,7,12,5,V,2026-05-07 12:00:00,3,False
28,79,48,10,PM10,28079048_10_47,Castellana,2026,5,7,13,0,N,2026-05-07 13:00:00,3,False
28,79,48,12,NOx,28079048_12_8,Castellana,2026,5,7,13,0,N,2026-05-07 13:00:00,3,False
28,79,48,7,NO,28079048_7_8,Castellana,2026,5,7,13,0,N,2026-05-07 13:00:00,3,False
28,79,48,8,NO2,28079048_8_8,Castellana,2026,5,7,13,0,N,2026-05-07 13:00:00,3,False
28,79,48,9,PM2.5,28079048_9_47,Castellana,2026,5,7,13,0,N,2026-05-07 13:00:00,3,False
28,79,48,10,PM10,28079048_10_47,Castellana,2026,5,7,14,0,N,2026-05-07 14:00:00,3,False
28,79,48,12,NOx,28079048_12_8,Castellana,2026,5,7,14,0,N,2026-05-07 14:00:00,3,False
28,79,48,7,NO,28079048_7_8,Castellana,2026,5,7,14,0,N,2026-05-07 14:00:00,3,False
28,79,48,8,NO2,28079048_8_8,Castellana,2026,5,7,14,0,N,2026-05-07 14:00:00,3,False
28,79,48,9,PM2.5,28079048_9_47,Castellana,2026,5,7,14,0,N,2026-05-07 14:00:00,3,False
28,79,48,10,PM10,28079048_10_47,Castellana,2026,5,7,15,0,N,2026-05-07 15:00:00,3,False
28,79,48,12,NOx,28079048_12_8,Castellana,2026,5,7,15,0,N,2026-05-07 15:00:00,3,False
28,79,48,7,NO,28079048_7_8,Castellana,2026,5,7,15,0,N,2026-05-07 15:00:00,3,False
28,79,48,8,NO2,28079048_8_8,Castellana,2026,5,7,15,0,N,2026-05-07 15:00:00,3,False
28,79,48,9,PM2.5,28079048_9_47,Castellana,2026,5,7,15,0,N,2026-05-07 15:00:00,3,False
28,79,48,10,PM10,28079048_10_47,Castellana,2026,5,7,16,0,N,2026-05-07 16:00:00,3,False
28,79,48,12,NOx,28079048_12_8,Castellana,2026,5,7,16,0,N,2026-05-07 16:00:00,3,False
28,79,48,7,NO,28079048_7_8,Castellana,2026,5,7,16,0,N,2026-05-07 16:00:00,3,False
28,79,48,8,NO2,28079048_8_8,Castellana,2026,5,7,16,0,N,2026-05-07 16:00:00,3,False
28,79,48,9,PM2.5,28079048_9_47,Castellana,2026,5,7,16,0,N,2026-05-07 16:00:00,3,False
28,79,48,10,PM10,28079048_10_47,Castellana,2026,5,7,17,0,N,2026-05-07 17:00:00,3,False
28,79,48,12,NOx,28079048_12_8,Castellana,2026,5,7,17,0,N,2026-05-07 17:00:00,3,False
28,79,48,7,NO,28079048_7_8,Castellana,2026,5,7,17,0,N,2026-05-07 17:00:00,3,False
28,79,48,8,NO2,28079048_8_8,Castellana,2026,5,7,17,0,N,2026-05-07 17:00:00,3,False
28,79,48,9,PM2.5,28079048_9_47,Castellana,2026,5,7,17,0,N,2026-05-07 17:00:00,3,False
28,79,48,10,PM10,28079048_10_47,Castellana,2026,5,7,18,0,N,2026-05-07 18:00:00,3,False
28,79,48,12,NOx,28079048_12_8,Castellana,2026,5,7,18,0,N,2026-05-07 18:00:00,3,False
28,79,48,7,NO,28079048_7_8,Castellana,2026,5,7,18,0,N,2026-05-07 18:00:00,3,False
28,79,48,8,NO2,28079048_8_8,Castellana,2026,5,7,18,0,N,2026-05-07 18:00:00,3,False
28,79,48,9,PM2.5,28079048_9_47,Castellana,2026,5,7,18,0,N,2026-05-07 18:00:00,3,False
28,79,48,10,PM10,28079048_10_47,Castellana,2026,5,7,19,0,N,2026-05-07 19:00:00,3,False
28,79,48,12,NOx,28079048_12_8,Castellana,2026,5,7,19,0,N,2026-05-07 19:00:00,3,False
28,79,48,7,NO,28079048_7_8,Castellana,2026,5,7,19,0,N,2026-05-07 19:00:00,3,False
28,79,48,8,NO2,28079048_8_8,Castellana,2026,5,7,19,0,N,2026-05-07 19:00:00,3,False
28,79,48,9,PM2.5,28079048_9_47,Castellana,2026,5,7,19,0,N,2026-05-07 19:00:00,3,False
28,79,48,10,PM10,28079048_10_47,Castellana,2026,5,7,20,0,N,2026-05-07 20:00:00,3,False
28,79,48,12,NOx,28079048_12_8,Castellana,2026,5,7,20,0,N,2026-05-07 20:00:00,3,False
28,79,48,7,NO,28079048_7_8,Castellana,2026,5,7,20,0,N,2026-05-07 20:00:00,3,False
28,79,48,8,NO2,28079048_8_8,Castellana,2026,5,7,20,0,N,2026-05-07 20:00:00,3,False
28,79,48,9,PM2.5,28079048_9_47,Castellana,2026,5,7,20,0,N,2026-05-07 20:00:00,3,False
28,79,48,10,PM10,28079048_10_47,Castellana,2026,5,7,21,0,N,2026-05-07 21:00:00,3,False
28,79,48,12,NOx,28079048_12_8,Castellana,2026,5,7,21,0,N,2026-05-07 21:00:00,3,False
28,79,48,7,NO,28079048_7_8,Castellana,2026,5,7,21,0,N,2026-05-07 21:00:00,3,False
28,79,48,8,NO2,28079048_8_8,Castellana,2026,5,7,21,0,N,2026-05-07 21:00:00,3,False
28,79,48,9,PM2.5,28079048_9_47,Castellana,2026,5,7,21,0,N,2026-05-07 21:00:00,3,False
28,79,48,10,PM10,28079048_10_47,Castellana,2026,5,7,22,0,N,2026-05-07 22:00:00,3,False
28,79,48,12,NOx,28079048_12_8,Castellana,2026,5,7,22,0,N,2026-05-07 22:00:00,3,False
28,79,48,7,NO,28079048_7_8,Castellana,2026,5,7,22,0,N,2026-05-07 22:00:00,3,False
28,79,48,8,NO2,28079048_8_8,Castellana,2026,5,7,22,0,N,2026-05-07 22:00:00,3,False
28,79,48,9,PM2.5,28079048_9_47,Castellana,2026,5,7,22,0,N,2026-05-07 22:00:00,3,False
28,79,48,10,PM10,28079048_10_47,Castellana,2026,5,7,23,0,N,2026-05-07 23:00:00,3,False
28,79,48,12,NOx,28079048_12_8,Castellana,2026,5,7,23,0,N,2026-05-07 23:00:00,3,False
28,79,48,7,NO,28079048_7_8,Castellana,2026,5,7,23,0,N,2026-05-07 23:00:00,3,False
28,79,48,8,NO2,28079048_8_8,Castellana,2026,5,7,23,0,N,2026-05-07 23:00:00,3,False
28,79,48,9,PM2.5,28079048_9_47,Castellana,2026,5,7,23,0,N,2026-05-07 23:00:00,3,False
28,79,38,10,PM10,28079038_10_47,Cuatro Caminos,2026,5,7,0,7,V,2026-05-07 00:00:00,3,False
28,79,38,12,NOx,28079038_12_8,Cuatro Caminos,2026,5,7,0,35,V,2026-05-07 00:00:00,3,False
28,79,38,7,NO,28079038_7_8,Cuatro Caminos,2026,5,7,0,1,V,2026-05-07 00:00:00,3,False
28,79,38,8,NO2,28079038_8_8,Cuatro Caminos,2026,5,7,0,34,V,2026-05-07 00:00:00,3,False
28,79,38,9,PM2.5,28079038_9_47,Cuatro Caminos,2026,5,7,0,5,V,2026-05-07 00:00:00,3,False
28,79,38,10,PM10,28079038_10_47,Cuatro Caminos,2026,5,7,1,5,V,2026-05-07 01:00:00,3,False
28,79,38,12,NOx,28079038_12_8,Cuatro Caminos,2026,5,7,1,15,V,2026-05-07 01:00:00,3,False
28,79,38,7,NO,28079038_7_8,Cuatro Caminos,2026,5,7,1,2,V,2026-05-07 01:00:00,3,False
28,79,38,8,NO2,28079038_8_8,Cuatro Caminos,2026,5,7,1,12,V,2026-05-07 01:00:00,3,False
28,79,38,9,PM2.5,28079038_9_47,Cuatro Caminos,2026,5,7,1,4,V,2026-05-07 01:00:00,3,False
28,79,38,10,PM10,28079038_10_47,Cuatro Caminos,2026,5,7,2,4,V,2026-05-07 02:00:00,3,False
28,79,38,12,NOx,28079038_12_8,Cuatro Caminos,2026,5,7,2,5,V,2026-05-07 02:00:00,3,False
28,79,38,7,NO,28079038_7_8,Cuatro Caminos,2026,5,7,2,0,V,2026-05-07 02:00:00,3,False
28,79,38,8,NO2,28079038_8_8,Cuatro Caminos,2026,5,7,2,5,V,2026-05-07 02:00:00,3,False
28,79,38,9,PM2.5,28079038_9_47,Cuatro Caminos,2026,5,7,2,3,V,2026-05-07 02:00:00,3,False
28,79,38,10,PM10,28079038_10_47,Cuatro Caminos,2026,5,7,3,6,V,2026-05-07 03:00:00,3,False
28,79,38,12,NOx,28079038_12_8,Cuatro Caminos,2026,5,7,3,5,V,2026-05-07 03:00:00,3,False
28,79,38,7,NO,28079038_7_8,Cuatro Caminos,2026,5,7,3,0,V,2026-05-07 03:00:00,3,False
28,79,38,8,NO2,28079038_8_8,Cuatro Caminos,2026,5,7,3,5,V,2026-05-07 03:00:00,3,False
28,79,38,9,PM2.5,28079038_9_47,Cuatro Caminos,2026,5,7,3,3,V,2026-05-07 03:00:00,3,False
28,79,38,10,PM10,28079038_10_47,Cuatro Caminos,2026,5,7,4,7,V,2026-05-07 04:00:00,3,False
28,79,38,12,NOx,28079038_12_8,Cuatro Caminos,2026,5,7,4,6,V,2026-05-07 04:00:00,3,False
28,79,38,7,NO,28079038_7_8,Cuatro Caminos,2026,5,7,4,0,V,2026-05-07 04:00:00,3,False
28,79,38,8,NO2,28079038_8_8,Cuatro Caminos,2026,5,7,4,6,V,2026-05-07 04:00:00,3,False
28,79,38,9,PM2.5,28079038_9_47,Cuatro Caminos,2026,5,7,4,5,V,2026-05-07 04:00:00,3,False
28,79,38,10,PM10,28079038_10_47,Cuatro Caminos,2026,5,7,5,6,V,2026-05-07 05:00:00,3,False
28,79,38,12,NOx,28079038_12_8,Cuatro Caminos,2026,5,7,5,6,V,2026-05-07 05:00:00,3,False
28,79,38,7,NO,28079038_7_8,Cuatro Caminos,2026,5,7,5,0,V,2026-05-07 05:00:00,3,False
28,79,38,8,NO2,28079038_8_8,Cuatro Caminos,2026,5,7,5,6,V,2026-05-07 05:00:00,3,False
28,79,38,9,PM2.5,28079038_9_47,Cuatro Caminos,2026,5,7,5,4,V,2026-05-07 05:00:00,3,False
28,79,38,10,PM10,28079038_10_47,Cuatro Caminos,2026,5,7,6,10,V,2026-05-07 06:00:00,3,False
28,79,38,12,NOx,28079038_12_8,Cuatro Caminos,2026,5,7,6,14,V,2026-05-07 06:00:00,3,False
28,79,38,7,NO,28079038_7_8,Cuatro Caminos,2026,5,7,6,1,V,2026-05-07 06:00:00,3,False
28,79,38,8,NO2,28079038_8_8,Cuatro Caminos,2026,5,7,6,13,V,2026-05-07 06:00:00,3,False
28,79,38,9,PM2.5,28079038_9_47,Cuatro Caminos,2026,5,7,6,6,V,2026-05-07 06:00:00,3,False
28,79,38,10,PM10,28079038_10_47,Cuatro Caminos,2026,5,7,7,12,V,2026-05-07 07:00:00,3,False
28,79,38,12,NOx,28079038_12_8,Cuatro Caminos,2026,5,7,7,34,V,2026-05-07 07:00:00,3,False
28,79,38,7,NO,28079038_7_8,Cuatro Caminos,2026,5,7,7,5,V,2026-05-07 07:00:00,3,False
28,79,38,8,NO2,28079038_8_8,Cuatro Caminos,2026,5,7,7,26,V,2026-05-07 07:00:00,3,False
28,79,38,9,PM2.5,28079038_9_47,Cuatro Caminos,2026,5,7,7,6,V,2026-05-07 07:00:00,3,False
28,79,38,10,PM10,28079038_10_47,Cuatro Caminos,2026,5,7,8,18,V,2026-05-07 08:00:00,3,False
28,79,38,12,NOx,28079038_12_8,Cuatro Caminos,2026,5,7,8,70,V,2026-05-07 08:00:00,3,False
28,79,38,7,NO,28079038_7_8,Cuatro Caminos,2026,5,7,8,17,V,2026-05-07 08:00:00,3,False
28,79,38,8,NO2,28079038_8_8,Cuatro Caminos,2026,5,7,8,43,V,2026-05-07 08:00:00,3,False
28,79,38,9,PM2.5,28079038_9_47,Cuatro Caminos,2026,5,7,8,8,V,2026-05-07 08:00:00,3,False
28,79,38,10,PM10,28079038_10_47,Cuatro Caminos,2026,5,7,9,26,V,2026-05-07 09:00:00,3,False
28,79,38,12,NOx,28079038_12_8,Cuatro Caminos,2026,5,7,9,80,V,2026-05-07 09:00:00,3,False
28,79,38,7,NO,28079038_7_8,Cuatro Caminos,2026,5,7,9,23,V,2026-05-07 09:00:00,3,False
28,79,38,8,NO2,28079038_8_8,Cuatro Caminos,2026,5,7,9,46,V,2026-05-07 09:00:00,3,False
28,79,38,9,PM2.5,28079038_9_47,Cuatro Caminos,2026,5,7,9,13,V,2026-05-07 09:00:00,3,False
28,79,38,10,PM10,28079038_10_47,Cuatro Caminos,2026,5,7,10,25,V,2026-05-07 10:00:00,3,False
28,79,38,12,NOx,28079038_12_8,Cuatro Caminos,2026,5,7,10,33,V,2026-05-07 10:00:00,3,False
28,79,38,7,NO,28079038_7_8,Cuatro Caminos,2026,5,7,10,7,V,2026-05-07 10:00:00,3,False
28,79,38,8,NO2,28079038_8_8,Cuatro Caminos,2026,5,7,10,22,V,2026-05-07 10:00:00,3,False
28,79,38,9,PM2.5,28079038_9_47,Cuatro Caminos,2026,5,7,10,12,V,2026-05-07 10:00:00,3,False
28,79,38,10,PM10,28079038_10_47,Cuatro Caminos,2026,5,7,11,23,V,2026-05-07 11:00:00,3,False
28,79,38,12,NOx,28079038_12_8,Cuatro Caminos,2026,5,7,11,19,V,2026-05-07 11:00:00,3,False
28,79,38,7,NO,28079038_7_8,Cuatro Caminos,2026,5,7,11,4,V,2026-05-07 11:00:00,3,False
28,79,38,8,NO2,28079038_8_8,Cuatro Caminos,2026,5,7,11,13,V,2026-05-07 11:00:00,3,False
28,79,38,9,PM2.5,28079038_9_47,Cuatro Caminos,2026,5,7,11,10,V,2026-05-07 11:00:00,3,False
28,79,38,10,PM10,28079038_10_47,Cuatro Caminos,2026,5,7,12,18,V,2026-05-07 12:00:00,3,False
28,79,38,12,NOx,28079038_12_8,Cuatro Caminos,2026,5,7,12,18,V,2026-05-07 12:00:00,3,False
28,79,38,7,NO,28079038_7_8,Cuatro Caminos,2026,5,7,12,4,V,2026-05-07 12:00:00,3,False
28,79,38,8,NO2,28079038_8_8,Cuatro Caminos,2026,5,7,12,12,V,2026-05-07 12:00:00,3,False
28,79,38,9,PM2.5,28079038_9_47,Cuatro Caminos,2026,5,7,12,7,V,2026-05-07 12:00:00,3,False
28,79,38,10,PM10,28079038_10_47,Cuatro Caminos,2026,5,7,13,0,N,2026-05-07 13:00:00,3,False
28,79,38,12,NOx,28079038_12_8,Cuatro Caminos,2026,5,7,13,0,N,2026-05-07 13:00:00,3,False
28,79,38,7,NO,28079038_7_8,Cuatro Caminos,2026,5,7,13,0,N,2026-05-07 13:00:00,3,False
28,79,38,8,NO2,28079038_8_8,Cuatro Caminos,2026,5,7,13,0,N,2026-05-07 13:00:00,3,False
28,79,38,9,PM2.5,28079038_9_47,Cuatro Caminos,2026,5,7,13,0,N,2026-05-07 13:00:00,3,False
28,79,38,10,PM10,28079038_10_47,Cuatro Caminos,2026,5,7,14,0,N,2026-05-07 14:00:00,3,False
28,79,38,12,NOx,28079038_12_8,Cuatro Caminos,2026,5,7,14,0,N,2026-05-07 14:00:00,3,False
28,79,38,7,NO,28079038_7_8,Cuatro Caminos,2026,5,7,14,0,N,2026-05-07 14:00:00,3,False
28,79,38,8,NO2,28079038_8_8,Cuatro Caminos,2026,5,7,14,0,N,2026-05-07 14:00:00,3,False
28,79,38,9,PM2.5,28079038_9_47,Cuatro Caminos,2026,5,7,14,0,N,2026-05-07 14:00:00,3,False
28,79,38,10,PM10,28079038_10_47,Cuatro Caminos,2026,5,7,15,0,N,2026-05-07 15:00:00,3,False
28,79,38,12,NOx,28079038_12_8,Cuatro Caminos,2026,5,7,15,0,N,2026-05-07 15:00:00,3,False
28,79,38,7,NO,28079038_7_8,Cuatro Caminos,2026,5,7,15,0,N,2026-05-07 15:00:00,3,False
28,79,38,8,NO2,28079038_8_8,Cuatro Caminos,2026,5,7,15,0,N,2026-05-07 15:00:00,3,False
28,79,38,9,PM2.5,28079038_9_47,Cuatro Caminos,2026,5,7,15,0,N,2026-05-07 15:00:00,3,False
28,79,38,10,PM10,28079038_10_47,Cuatro Caminos,2026,5,7,16,0,N,2026-05-07 16:00:00,3,False
28,79,38,12,NOx,28079038_12_8,Cuatro Caminos,2026,5,7,16,0,N,2026-05-07 16:00:00,3,False
28,79,38,7,NO,28079038_7_8,Cuatro Caminos,2026,5,7,16,0,N,2026-05-07 16:00:00,3,False
28,79,38,8,NO2,28079038_8_8,Cuatro Caminos,2026,5,7,16,0,N,2026-05-07 16:00:00,3,False
28,79,38,9,PM2.5,28079038_9_47,Cuatro Caminos,2026,5,7,16,0,N,2026-05-07 16:00:00,3,False
28,79,38,10,PM10,28079038_10_47,Cuatro Caminos,2026,5,7,17,0,N,2026-05-07 17:00:00,3,False
28,79,38,12,NOx,28079038_12_8,Cuatro Caminos,2026,5,7,17,0,N,2026-05-07 17:00:00,3,False
28,79,38,7,NO,28079038_7_8,Cuatro Caminos,2026,5,7,17,0,N,2026-05-07 17:00:00,3,False
28,79,38,8,NO2,28079038_8_8,Cuatro Caminos,2026,5,7,17,0,N,2026-05-07 17:00:00,3,False
28,79,38,9,PM2.5,28079038_9_47,Cuatro Caminos,2026,5,7,17,0,N,2026-05-07 17:00:00,3,False
28,79,38,10,PM10,28079038_10_47,Cuatro Caminos,2026,5,7,18,0,N,2026-05-07 18:00:00,3,False
28,79,38,12,NOx,28079038_12_8,Cuatro Caminos,2026,5,7,18,0,N,2026-05-07 18:00:00,3,False
28,79,38,7,NO,28079038_7_8,Cuatro Caminos,2026,5,7,18,0,N,2026-05-07 18:00:00,3,False
28,79,38,8,NO2,28079038_8_8,Cuatro Caminos,2026,5,7,18,0,N,2026-05-07 18:00:00,3,False
28,79,38,9,PM2.5,28079038_9_47,Cuatro Caminos,2026,5,7,18,0,N,2026-05-07 18:00:00,3,False
28,79,38,10,PM10,28079038_10_47,Cuatro Caminos,2026,5,7,19,0,N,2026-05-07 19:00:00,3,False
28,79,38,12,NOx,28079038_12_8,Cuatro Caminos,2026,5,7,19,0,N,2026-05-07 19:00:00,3,False
28,79,38,7,NO,28079038_7_8,Cuatro Caminos,2026,5,7,19,0,N,2026-05-07 19:00:00,3,False
28,79,38,8,NO2,28079038_8_8,Cuatro Caminos,2026,5,7,19,0,N,2026-05-07 19:00:00,3,False
28,79,38,9,PM2.5,28079038_9_47,Cuatro Caminos,2026,5,7,19,0,N,2026-05-07 19:00:00,3,False
28,79,38,10,PM10,28079038_10_47,Cuatro Caminos,2026,5,7,20,0,N,2026-05-07 20:00:00,3,False
28,79,38,12,NOx,28079038_12_8,Cuatro Caminos,2026,5,7,20,0,N,2026-05-07 20:00:00,3,False
28,79,38,7,NO,28079038_7_8,Cuatro Caminos,2026,5,7,20,0,N,2026-05-07 20:00:00,3,False
28,79,38,8,NO2,28079038_8_8,Cuatro Caminos,2026,5,7,20,0,N,2026-05-07 20:00:00,3,False
28,79,38,9,PM2.5,28079038_9_47,Cuatro Caminos,2026,5,7,20,0,N,2026-05-07 20:00:00,3,False
28,79,38,10,PM10,28079038_10_47,Cuatro Caminos,2026,5,7,21,0,N,2026-05-07 21:00:00,3,False
28,79,38,12,NOx,28079038_12_8,Cuatro Caminos,2026,5,7,21,0,N,2026-05-07 21:00:00,3,False
28,79,38,7,NO,28079038_7_8,Cuatro Caminos,2026,5,7,21,0,N,2026-05-07 21:00:00,3,False
28,79,38,8,NO2,28079038_8_8,Cuatro Caminos,2026,5,7,21,0,N,2026-05-07 21:00:00,3,False
28,79,38,9,PM2.5,28079038_9_47,Cuatro Caminos,2026,5,7,21,0,N,2026-05-07 21:00:00,3,False
28,79,38,10,PM10,28079038_10_47,Cuatro Caminos,2026,5,7,22,0,N,2026-05-07 22:00:00,3,False
28,79,38,12,NOx,28079038_12_8,Cuatro Caminos,2026,5,7,22,0,N,2026-05-07 22:00:00,3,False
28,79,38,7,NO,28079038_7_8,Cuatro Caminos,2026,5,7,22,0,N,2026-05-07 22:00:00,3,False
28,79,38,8,NO2,28079038_8_8,Cuatro Caminos,2026,5,7,22,0,N,2026-05-07 22:00:00,3,False
28,79,38,9,PM2.5,28079038_9_47,Cuatro Caminos,2026,5,7,22,0,N,2026-05-07 22:00:00,3,False
28,79,38,10,PM10,28079038_10_47,Cuatro Caminos,2026,5,7,23,0,N,2026-05-07 23:00:00,3,False
28,79,38,12,NOx,28079038_12_8,Cuatro Caminos,2026,5,7,23,0,N,2026-05-07 23:00:00,3,False
28,79,38,7,NO,28079038_7_8,Cuatro Caminos,2026,5,7,23,0,N,2026-05-07 23:00:00,3,False
28,79,38,8,NO2,28079038_8_8,Cuatro Caminos,2026,5,7,23,0,N,2026-05-07 23:00:00,3,False
28,79,38,9,PM2.5,28079038_9_47,Cuatro Caminos,2026,5,7,23,0,N,2026-05-07 23:00:00,3,False
28,79,58,12,NOx,28079058_12_8,El Pardo,2026,5,7,0,14,V,2026-05-07 00:00:00,3,False
28,79,58,14,O3,28079058_14_6,El Pardo,2026,5,7,0,53,V,2026-05-07 00:00:00,3,False
28,79,58,7,NO,28079058_7_8,El Pardo,2026,5,7,0,0,V,2026-05-07 00:00:00,3,False
28,79,58,8,NO2,28079058_8_8,El Pardo,2026,5,7,0,14,V,2026-05-07 00:00:00,3,False
28,79,58,12,NOx,28079058_12_8,El Pardo,2026,5,7,1,11,V,2026-05-07 01:00:00,3,False
28,79,58,14,O3,28079058_14_6,El Pardo,2026,5,7,1,53,V,2026-05-07 01:00:00,3,False
28,79,58,7,NO,28079058_7_8,El Pardo,2026,5,7,1,0,V,2026-05-07 01:00:00,3,False
28,79,58,8,NO2,28079058_8_8,El Pardo,2026,5,7,1,11,V,2026-05-07 01:00:00,3,False
28,79,58,12,NOx,28079058_12_8,El Pardo,2026,5,7,2,4,V,2026-05-07 02:00:00,3,False
28,79,58,14,O3,28079058_14_6,El Pardo,2026,5,7,2,73,V,2026-05-07 02:00:00,3,False
28,79,58,7,NO,28079058_7_8,El Pardo,2026,5,7,2,0,V,2026-05-07 02:00:00,3,False
28,79,58,8,NO2,28079058_8_8,El Pardo,2026,5,7,2,4,V,2026-05-07 02:00:00,3,False
28,79,58,12,NOx,28079058_12_8,El Pardo,2026,5,7,3,4,V,2026-05-07 03:00:00,3,False
28,79,58,14,O3,28079058_14_6,El Pardo,2026,5,7,3,70,V,2026-05-07 03:00:00,3,False
28,79,58,7,NO,28079058_7_8,El Pardo,2026,5,7,3,0,V,2026-05-07 03:00:00,3,False
28,79,58,8,NO2,28079058_8_8,El Pardo,2026,5,7,3,4,V,2026-05-07 03:00:00,3,False
28,79,58,12,NOx,28079058_12_8,El Pardo,2026,5,7,4,3,V,2026-05-07 04:00:00,3,False
28,79,58,14,O3,28079058_14_6,El Pardo,2026,5,7,4,78,V,2026-05-07 04:00:00,3,False
28,79,58,7,NO,28079058_7_8,El Pardo,2026,5,7,4,0,V,2026-05-07 04:00:00,3,False
28,79,58,8,NO2,28079058_8_8,El Pardo,2026,5,7,4,3,V,2026-05-07 04:00:00,3,False
28,79,58,12,NOx,28079058_12_8,El Pardo,2026,5,7,5,3,V,2026-05-07 05:00:00,3,False
28,79,58,14,O3,28079058_14_6,El Pardo,2026,5,7,5,78,V,2026-05-07 05:00:00,3,False
28,79,58,7,NO,28079058_7_8,El Pardo,2026,5,7,5,0,V,2026-05-07 05:00:00,3,False
28,79,58,8,NO2,28079058_8_8,El Pardo,2026,5,7,5,3,V,2026-05-07 05:00:00,3,False
28,79,58,12,NOx,28079058_12_8,El Pardo,2026,5,7,6,5,V,2026-05-07 06:00:00,3,False
28,79,58,14,O3,28079058_14_6,El Pardo,2026,5,7,6,77,V,2026-05-07 06:00:00,3,False
28,79,58,7,NO,28079058_7_8,El Pardo,2026,5,7,6,0,V,2026-05-07 06:00:00,3,False
28,79,58,8,NO2,28079058_8_8,El Pardo,2026,5,7,6,5,V,2026-05-07 06:00:00,3,False
28,79,58,12,NOx,28079058_12_8,El Pardo,2026,5,7,7,8,V,2026-05-07 07:00:00,3,False
28,79,58,14,O3,28079058_14_6,El Pardo,2026,5,7,7,74,V,2026-05-07 07:00:00,3,False
28,79,58,7,NO,28079058_7_8,El Pardo,2026,5,7,7,0,V,2026-05-07 07:00:00,3,False
28,79,58,8,NO2,28079058_8_8,El Pardo,2026,5,7,7,8,V,2026-05-07 07:00:00,3,False
28,79,58,12,NOx,28079058_12_8,El Pardo,2026,5,7,8,0,N,2026-05-07 08:00:00,3,False
28,79,58,14,O3,28079058_14_6,El Pardo,2026,5,7,8,0,N,2026-05-07 08:00:00,3,False
28,79,58,7,NO,28079058_7_8,El Pardo,2026,5,7,8,0,N,2026-05-07 08:00:00,3,False
28,79,58,8,NO2,28079058_8_8,El Pardo,2026,5,7,8,0,N,2026-05-07 08:00:00,3,False
28,79,58,12,NOx,28079058_12_8,El Pardo,2026,5,7,9,0,N,2026-05-07 09:00:00,3,False
28,79,58,14,O3,28079058_14_6,El Pardo,2026,5,7,9,0,N,2026-05-07 09:00:00,3,False
28,79,58,7,NO,28079058_7_8,El Pardo,2026,5,7,9,0,N,2026-05-07 09:00:00,3,False
28,79,58,8,NO2,28079058_8_8,El Pardo,2026,5,7,9,0,N,2026-05-07 09:00:00,3,False
28,79,58,12,NOx,28079058_12_8,El Pardo,2026,5,7,10,0,N,2026-05-07 10:00:00,3,False
28,79,58,14,O3,28079058_14_6,El Pardo,2026,5,7,10,0,N,2026-05-07 10:00:00,3,False
28,79,58,7,NO,28079058_7_8,El Pardo,2026,5,7,10,0,N,2026-05-07 10:00:00,3,False
28,79,58,8,NO2,28079058_8_8,El Pardo,2026,5,7,10,0,N,2026-05-07 10:00:00,3,False
28,79,58,12,NOx,28079058_12_8,El Pardo,2026,5,7,11,8,V,2026-05-07 11:00:00,3,False
28,79,58,14,O3,28079058_14_6,El Pardo,2026,5,7,11,73,V,2026-05-07 11:00:00,3,False
28,79,58,7,NO,28079058_7_8,El Pardo,2026,5,7,11,0,V,2026-05-07 11:00:00,3,False
28,79,58,8,NO2,28079058_8_8,El Pardo,2026,5,7,11,8,V,2026-05-07 11:00:00,3,False
28,79,58,12,NOx,28079058_12_8,El Pardo,2026,5,7,12,9,V,2026-05-07 12:00:00,3,False
28,79,58,14,O3,28079058_14_6,El Pardo,2026,5,7,12,81,V,2026-05-07 12:00:00,3,False
28,79,58,7,NO,28079058_7_8,El Pardo,2026,5,7,12,0,V,2026-05-07 12:00:00,3,False
28,79,58,8,NO2,28079058_8_8,El Pardo,2026,5,7,12,9,V,2026-05-07 12:00:00,3,False
28,79,58,12,NOx,28079058_12_8,El Pardo,2026,5,7,13,0,N,2026-05-07 13:00:00,3,False
28,79,58,14,O3,28079058_14_6,El Pardo,2026,5,7,13,0,N,2026-05-07 13:00:00,3,False
28,79,58,7,NO,28079058_7_8,El Pardo,2026,5,7,13,0,N,2026-05-07 13:00:00,3,False
28,79,58,8,NO2,28079058_8_8,El Pardo,2026,5,7,13,0,N,2026-05-07 13:00:00,3,False
28,79,58,12,NOx,28079058_12_8,El Pardo,2026,5,7,14,0,N,2026-05-07 14:00:00,3,False
28,79,58,14,O3,28079058_14_6,El Pardo,2026,5,7,14,0,N,2026-05-07 14:00:00,3,False
28,79,58,7,NO,28079058_7_8,El Pardo,2026,5,7,14,0,N,2026-05-07 14:00:00,3,False
28,79,58,8,NO2,28079058_8_8,El Pardo,2026,5,7,14,0,N,2026-05-07 14:00:00,3,False
28,79,58,12,NOx,28079058_12_8,El Pardo,2026,5,7,15,0,N,2026-05-07 15:00:00,3,False
28,79,58,14,O3,28079058_14_6,El Pardo,2026,5,7,15,0,N,2026-05-07 15:00:00,3,False
28,79,58,7,NO,28079058_7_8,El Pardo,2026,5,7,15,0,N,2026-05-07 15:00:00,3,False
28,79,58,8,NO2,28079058_8_8,El Pardo,2026,5,7,15,0,N,2026-05-07 15:00:00,3,False
28,79,58,12,NOx,28079058_12_8,El Pardo,2026,5,7,16,0,N,2026-05-07 16:00:00,3,False
28,79,58,14,O3,28079058_14_6,El Pardo,2026,5,7,16,0,N,2026-05-07 16:00:00,3,False
28,79,58,7,NO,28079058_7_8,El Pardo,2026,5,7,16,0,N,2026-05-07 16:00:00,3,False
28,79,58,8,NO2,28079058_8_8,El Pardo,2026,5,7,16,0,N,2026-05-07 16:00:00,3,False
28,79,58,12,NOx,28079058_12_8,El Pardo,2026,5,7,17,0,N,2026-05-07 17:00:00,3,False
28,79,58,14,O3,28079058_14_6,El Pardo,2026,5,7,17,0,N,2026-05-07 17:00:00,3,False
28,79,58,7,NO,28079058_7_8,El Pardo,2026,5,7,17,0,N,2026-05-07 17:00:00,3,False
28,79,58,8,NO2,28079058_8_8,El Pardo,2026,5,7,17,0,N,2026-05-07 17:00:00,3,False
28,79,58,12,NOx,28079058_12_8,El Pardo,2026,5,7,18,0,N,2026-05-07 18:00:00,3,False
28,79,58,14,O3,28079058_14_6,El Pardo,2026,5,7,18,0,N,2026-05-07 18:00:00,3,False
28,79,58,7,NO,28079058_7_8,El Pardo,2026,5,7,18,0,N,2026-05-07 18:00:00,3,False
28,79,58,8,NO2,28079058_8_8,El Pardo,2026,5,7,18,0,N,2026-05-07 18:00:00,3,False
28,79,58,12,NOx,28079058_12_8,El Pardo,2026,5,7,19,0,N,2026-05-07 19:00:00,3,False
28,79,58,14,O3,28079058_14_6,El Pardo,2026,5,7,19,0,N,2026-05-07 19:00:00,3,False
28,79,58,7,NO,28079058_7_8,El Pardo,2026,5,7,19,0,N,2026-05-07 19:00:00,3,False
28,79,58,8,NO2,28079058_8_8,El Pardo,2026,5,7,19,0,N,2026-05-07 19:00:00,3,False
28,79,58,12,NOx,28079058_12_8,El Pardo,2026,5,7,20,0,N,2026-05-07 20:00:00,3,False
28,79,58,14,O3,28079058_14_6,El Pardo,2026,5,7,20,0,N,2026-05-07 20:00:00,3,False
28,79,58,7,NO,28079058_7_8,El Pardo,2026,5,7,20,0,N,2026-05-07 20:00:00,3,False
28,79,58,8,NO2,28079058_8_8,El Pardo,2026,5,7,20,0,N,2026-05-07 20:00:00,3,False
28,79,58,12,NOx,28079058_12_8,El Pardo,2026,5,7,21,0,N,2026-05-07 21:00:00,3,False
28,79,58,14,O3,28079058_14_6,El Pardo,2026,5,7,21,0,N,2026-05-07 21:00:00,3,False
28,79,58,7,NO,28079058_7_8,El Pardo,2026,5,7,21,0,N,2026-05-07 21:00:00,3,False
28,79,58,8,NO2,28079058_8_8,El Pardo,2026,5,7,21,0,N,2026-05-07 21:00:00,3,False
28,79,58,12,NOx,28079058_12_8,El Pardo,2026,5,7,22,0,N,2026-05-07 22:00:00,3,False
28,79,58,14,O3,28079058_14_6,El Pardo,2026,5,7,22,0,N,2026-05-07 22:00:00,3,False
28,79,58,7,NO,28079058_7_8,El Pardo,2026,5,7,22,0,N,2026-05-07 22:00:00,3,False
28,79,58,8,NO2,28079058_8_8,El Pardo,2026,5,7,22,0,N,2026-05-07 22:00:00,3,False
28,79,58,12,NOx,28079058_12_8,El Pardo,2026,5,7,23,0,N,2026-05-07 23:00:00,3,False
28,79,58,14,O3,28079058_14_6,El Pardo,2026,5,7,23,0,N,2026-05-07 23:00:00,3,False
28,79,58,7,NO,28079058_7_8,El Pardo,2026,5,7,23,0,N,2026-05-07 23:00:00,3,False
28,79,58,8,NO2,28079058_8_8,El Pardo,2026,5,7,23,0,N,2026-05-07 23:00:00,3,False
28,79,54,10,PM10,28079054_10_A,Ensanche de Vallecas,2026,5,7,0,35,V,2026-05-07 00:00:00,3,False
28,79,54,12,NOx,28079054_12_8,Ensanche de Vallecas,2026,5,7,0,47,V,2026-05-07 00:00:00,3,False
28,79,54,14,O3,28079054_14_6,Ensanche de Vallecas,2026,5,7,0,57,V,2026-05-07 00:00:00,3,False
28,79,54,7,NO,28079054_7_8,Ensanche de Vallecas,2026,5,7,0,0,V,2026-05-07 00:00:00,3,False
28,79,54,8,NO2,28079054_8_8,Ensanche de Vallecas,2026,5,7,0,47,V,2026-05-07 00:00:00,3,False
28,79,54,9,PM2.5,28079054_9_A,Ensanche de Vallecas,2026,5,7,0,9,V,2026-05-07 00:00:00,3,False
28,79,54,10,PM10,28079054_10_A,Ensanche de Vallecas,2026,5,7,1,13,V,2026-05-07 01:00:00,3,False
28,79,54,12,NOx,28079054_12_8,Ensanche de Vallecas,2026,5,7,1,71,V,2026-05-07 01:00:00,3,False
28,79,54,14,O3,28079054_14_6,Ensanche de Vallecas,2026,5,7,1,25,V,2026-05-07 01:00:00,3,False
28,79,54,7,NO,28079054_7_8,Ensanche de Vallecas,2026,5,7,1,3,V,2026-05-07 01:00:00,3,False
28,79,54,8,NO2,28079054_8_8,Ensanche de Vallecas,2026,5,7,1,67,V,2026-05-07 01:00:00,3,False
28,79,54,9,PM2.5,28079054_9_A,Ensanche de Vallecas,2026,5,7,1,6,V,2026-05-07 01:00:00,3,False
28,79,54,10,PM10,28079054_10_A,Ensanche de Vallecas,2026,5,7,2,9,V,2026-05-07 02:00:00,3,False
28,79,54,12,NOx,28079054_12_8,Ensanche de Vallecas,2026,5,7,2,17,V,2026-05-07 02:00:00,3,False
28,79,54,14,O3,28079054_14_6,Ensanche de Vallecas,2026,5,7,2,62,V,2026-05-07 02:00:00,3,False
28,79,54,7,NO,28079054_7_8,Ensanche de Vallecas,2026,5,7,2,0,V,2026-05-07 02:00:00,3,False
28,79,54,8,NO2,28079054_8_8,Ensanche de Vallecas,2026,5,7,2,17,V,2026-05-07 02:00:00,3,False
28,79,54,9,PM2.5,28079054_9_A,Ensanche de Vallecas,2026,5,7,2,3,V,2026-05-07 02:00:00,3,False
28,79,54,10,PM10,28079054_10_A,Ensanche de Vallecas,2026,5,7,3,8,V,2026-05-07 03:00:00,3,False
28,79,54,12,NOx,28079054_12_8,Ensanche de Vallecas,2026,5,7,3,13,V,2026-05-07 03:00:00,3,False
28,79,54,14,O3,28079054_14_6,Ensanche de Vallecas,2026,5,7,3,65,V,2026-05-07 03:00:00,3,False
28,79,54,7,NO,28079054_7_8,Ensanche de Vallecas,2026,5,7,3,0,V,2026-05-07 03:00:00,3,False
28,79,54,8,NO2,28079054_8_8,Ensanche de Vallecas,2026,5,7,3,13,V,2026-05-07 03:00:00,3,False
28,79,54,9,PM2.5,28079054_9_A,Ensanche de Vallecas,2026,5,7,3,3,V,2026-05-07 03:00:00,3,False
28,79,54,10,PM10,28079054_10_A,Ensanche de Vallecas,2026,5,7,4,8,V,2026-05-07 04:00:00,3,False
28,79,54,12,NOx,28079054_12_8,Ensanche de Vallecas,2026,5,7,4,12,V,2026-05-07 04:00:00,3,False
28,79,54,14,O3,28079054_14_6,Ensanche de Vallecas,2026,5,7,4,67,V,2026-05-07 04:00:00,3,False
28,79,54,7,NO,28079054_7_8,Ensanche de Vallecas,2026,5,7,4,0,V,2026-05-07 04:00:00,3,False
28,79,54,8,NO2,28079054_8_8,Ensanche de Vallecas,2026,5,7,4,12,V,2026-05-07 04:00:00,3,False
28,79,54,9,PM2.5,28079054_9_A,Ensanche de Vallecas,2026,5,7,4,3,V,2026-05-07 04:00:00,3,False
28,79,54,10,PM10,28079054_10_A,Ensanche de Vallecas,2026,5,7,5,8,V,2026-05-07 05:00:00,3,False
28,79,54,12,NOx,28079054_12_8,Ensanche de Vallecas,2026,5,7,5,15,V,2026-05-07 05:00:00,3,False
28,79,54,14,O3,28079054_14_6,Ensanche de Vallecas,2026,5,7,5,60,V,2026-05-07 05:00:00,3,False
28,79,54,7,NO,28079054_7_8,Ensanche de Vallecas,2026,5,7,5,0,V,2026-05-07 05:00:00,3,False
28,79,54,8,NO2,28079054_8_8,Ensanche de Vallecas,2026,5,7,5,15,V,2026-05-07 05:00:00,3,False
28,79,54,9,PM2.5,28079054_9_A,Ensanche de Vallecas,2026,5,7,5,4,V,2026-05-07 05:00:00,3,False
28,79,54,10,PM10,28079054_10_A,Ensanche de Vallecas,2026,5,7,6,7,V,2026-05-07 06:00:00,3,False
28,79,54,12,NOx,28079054_12_8,Ensanche de Vallecas,2026,5,7,6,19,V,2026-05-07 06:00:00,3,False
28,79,54,14,O3,28079054_14_6,Ensanche de Vallecas,2026,5,7,6,57,V,2026-05-07 06:00:00,3,False
28,79,54,7,NO,28079054_7_8,Ensanche de Vallecas,2026,5,7,6,0,V,2026-05-07 06:00:00,3,False
28,79,54,8,NO2,28079054_8_8,Ensanche de Vallecas,2026,5,7,6,19,V,2026-05-07 06:00:00,3,False
28,79,54,9,PM2.5,28079054_9_A,Ensanche de Vallecas,2026,5,7,6,4,V,2026-05-07 06:00:00,3,False
28,79,54,10,PM10,28079054_10_A,Ensanche de Vallecas,2026,5,7,7,6,V,2026-05-07 07:00:00,3,False
28,79,54,12,NOx,28079054_12_8,Ensanche de Vallecas,2026,5,7,7,49,V,2026-05-07 07:00:00,3,False
28,79,54,14,O3,28079054_14_6,Ensanche de Vallecas,2026,5,7,7,39,V,2026-05-07 07:00:00,3,False
28,79,54,7,NO,28079054_7_8,Ensanche de Vallecas,2026,5,7,7,4,V,2026-05-07 07:00:00,3,False
28,79,54,8,NO2,28079054_8_8,Ensanche de Vallecas,2026,5,7,7,43,V,2026-05-07 07:00:00,3,False
28,79,54,9,PM2.5,28079054_9_A,Ensanche de Vallecas,2026,5,7,7,3,V,2026-05-07 07:00:00,3,False
28,79,54,10,PM10,28079054_10_A,Ensanche de Vallecas,2026,5,7,8,14,V,2026-05-07 08:00:00,3,False
28,79,54,12,NOx,28079054_12_8,Ensanche de Vallecas,2026,5,7,8,71,V,2026-05-07 08:00:00,3,False
28,79,54,14,O3,28079054_14_6,Ensanche de Vallecas,2026,5,7,8,33,V,2026-05-07 08:00:00,3,False
28,79,54,7,NO,28079054_7_8,Ensanche de Vallecas,2026,5,7,8,12,V,2026-05-07 08:00:00,3,False
28,79,54,8,NO2,28079054_8_8,Ensanche de Vallecas,2026,5,7,8,52,V,2026-05-07 08:00:00,3,False
28,79,54,9,PM2.5,28079054_9_A,Ensanche de Vallecas,2026,5,7,8,5,V,2026-05-07 08:00:00,3,False
28,79,54,10,PM10,28079054_10_A,Ensanche de Vallecas,2026,5,7,9,22,V,2026-05-07 09:00:00,3,False
28,79,54,12,NOx,28079054_12_8,Ensanche de Vallecas,2026,5,7,9,63,V,2026-05-07 09:00:00,3,False
28,79,54,14,O3,28079054_14_6,Ensanche de Vallecas,2026,5,7,9,37,V,2026-05-07 09:00:00,3,False
28,79,54,7,NO,28079054_7_8,Ensanche de Vallecas,2026,5,7,9,9,V,2026-05-07 09:00:00,3,False
28,79,54,8,NO2,28079054_8_8,Ensanche de Vallecas,2026,5,7,9,49,V,2026-05-07 09:00:00,3,False
28,79,54,9,PM2.5,28079054_9_A,Ensanche de Vallecas,2026,5,7,9,7,V,2026-05-07 09:00:00,3,False
28,79,54,10,PM10,28079054_10_A,Ensanche de Vallecas,2026,5,7,10,18,V,2026-05-07 10:00:00,3,False
28,79,54,12,NOx,28079054_12_8,Ensanche de Vallecas,2026,5,7,10,40,V,2026-05-07 10:00:00,3,False
28,79,54,14,O3,28079054_14_6,Ensanche de Vallecas,2026,5,7,10,58,V,2026-05-07 10:00:00,3,False
28,79,54,7,NO,28079054_7_8,Ensanche de Vallecas,2026,5,7,10,7,V,2026-05-07 10:00:00,3,False
28,79,54,8,NO2,28079054_8_8,Ensanche de Vallecas,2026,5,7,10,29,V,2026-05-07 10:00:00,3,False
28,79,54,9,PM2.5,28079054_9_A,Ensanche de Vallecas,2026,5,7,10,6,V,2026-05-07 10:00:00,3,False
28,79,54,10,PM10,28079054_10_A,Ensanche de Vallecas,2026,5,7,11,18,V,2026-05-07 11:00:00,3,False
28,79,54,12,NOx,28079054_12_8,Ensanche de Vallecas,2026,5,7,11,26,V,2026-05-07 11:00:00,3,False
28,79,54,14,O3,28079054_14_6,Ensanche de Vallecas,2026,5,7,11,73,V,2026-05-07 11:00:00,3,False
28,79,54,7,NO,28079054_7_8,Ensanche de Vallecas,2026,5,7,11,4,V,2026-05-07 11:00:00,3,False
28,79,54,8,NO2,28079054_8_8,Ensanche de Vallecas,2026,5,7,11,20,V,2026-05-07 11:00:00,3,False
28,79,54,9,PM2.5,28079054_9_A,Ensanche de Vallecas,2026,5,7,11,7,V,2026-05-07 11:00:00,3,False
28,79,54,10,PM10,28079054_10_A,Ensanche de Vallecas,2026,5,7,12,21,V,2026-05-07 12:00:00,3,False
28,79,54,12,NOx,28079054_12_8,Ensanche de Vallecas,2026,5,7,12,17,V,2026-05-07 12:00:00,3,False
28,79,54,14,O3,28079054_14_6,Ensanche de Vallecas,2026,5,7,12,84,V,2026-05-07 12:00:00,3,False
28,79,54,7,NO,28079054_7_8,Ensanche de Vallecas,2026,5,7,12,1,V,2026-05-07 12:00:00,3,False
28,79,54,8,NO2,28079054_8_8,Ensanche de Vallecas,2026,5,7,12,15,V,2026-05-07 12:00:00,3,False
28,79,54,9,PM2.5,28079054_9_A,Ensanche de Vallecas,2026,5,7,12,8,V,2026-05-07 12:00:00,3,False
28,79,54,10,PM10,28079054_10_A,Ensanche de Vallecas,2026,5,7,13,0,N,2026-05-07 13:00:00,3,False
28,79,54,12,NOx,28079054_12_8,Ensanche de Vallecas,2026,5,7,13,0,N,2026-05-07 13:00:00,3,False
28,79,54,14,O3,28079054_14_6,Ensanche de Vallecas,2026,5,7,13,0,N,2026-05-07 13:00:00,3,False
28,79,54,7,NO,28079054_7_8,Ensanche de Vallecas,2026,5,7,13,0,N,2026-05-07 13:00:00,3,False
28,79,54,8,NO2,28079054_8_8,Ensanche de Vallecas,2026,5,7,13,0,N,2026-05-07 13:00:00,3,False
28,79,54,9,PM2.5,28079054_9_A,Ensanche de Vallecas,2026,5,7,13,0,N,2026-05-07 13:00:00,3,False
28,79,54,10,PM10,28079054_10_A,Ensanche de Vallecas,2026,5,7,14,0,N,2026-05-07 14:00:00,3,False
28,79,54,12,NOx,28079054_12_8,Ensanche de Vallecas,2026,5,7,14,0,N,2026-05-07 14:00:00,3,False
28,79,54,14,O3,28079054_14_6,Ensanche de Vallecas,2026,5,7,14,0,N,2026-05-07 14:00:00,3,False
28,79,54,7,NO,28079054_7_8,Ensanche de Vallecas,2026,5,7,14,0,N,2026-05-07 14:00:00,3,False
28,79,54,8,NO2,28079054_8_8,Ensanche de Vallecas,2026,5,7,14,0,N,2026-05-07 14:00:00,3,False
28,79,54,9,PM2.5,28079054_9_A,Ensanche de Vallecas,2026,5,7,14,0,N,2026-05-07 14:00:00,3,False
28,79,54,10,PM10,28079054_10_A,Ensanche de Vallecas,2026,5,7,15,0,N,2026-05-07 15:00:00,3,False
28,79,54,12,NOx,28079054_12_8,Ensanche de Vallecas,2026,5,7,15,0,N,2026-05-07 15:00:00,3,False
28,79,54,14,O3,28079054_14_6,Ensanche de Vallecas,2026,5,7,15,0,N,2026-05-07 15:00:00,3,False
28,79,54,7,NO,28079054_7_8,Ensanche de Vallecas,2026,5,7,15,0,N,2026-05-07 15:00:00,3,False
28,79,54,8,NO2,28079054_8_8,Ensanche de Vallecas,2026,5,7,15,0,N,2026-05-07 15:00:00,3,False
28,79,54,9,PM2.5,28079054_9_A,Ensanche de Vallecas,2026,5,7,15,0,N,2026-05-07 15:00:00,3,False
28,79,54,10,PM10,28079054_10_A,Ensanche de Vallecas,2026,5,7,16,0,N,2026-05-07 16:00:00,3,False
28,79,54,12,NOx,28079054_12_8,Ensanche de Vallecas,2026,5,7,16,0,N,2026-05-07 16:00:00,3,False
28,79,54,14,O3,28079054_14_6,Ensanche de Vallecas,2026,5,7,16,0,N,2026-05-07 16:00:00,3,False
28,79,54,7,NO,28079054_7_8,Ensanche de Vallecas,2026,5,7,16,0,N,2026-05-07 16:00:00,3,False
28,79,54,8,NO2,28079054_8_8,Ensanche de Vallecas,2026,5,7,16,0,N,2026-05-07 16:00:00,3,False
28,79,54,9,PM2.5,28079054_9_A,Ensanche de Vallecas,2026,5,7,16,0,N,2026-05-07 16:00:00,3,False
28,79,54,10,PM10,28079054_10_A,Ensanche de Vallecas,2026,5,7,17,0,N,2026-05-07 17:00:00,3,False
28,79,54,12,NOx,28079054_12_8,Ensanche de Vallecas,2026,5,7,17,0,N,2026-05-07 17:00:00,3,False
28,79,54,14,O3,28079054_14_6,Ensanche de Vallecas,2026,5,7,17,0,N,2026-05-07 17:00:00,3,False
28,79,54,7,NO,28079054_7_8,Ensanche de Vallecas,2026,5,7,17,0,N,2026-05-07 17:00:00,3,False
28,79,54,8,NO2,28079054_8_8,Ensanche de Vallecas,2026,5,7,17,0,N,2026-05-07 17:00:00,3,False
28,79,54,9,PM2.5,28079054_9_A,Ensanche de Vallecas,2026,5,7,17,0,N,2026-05-07 17:00:00,3,False
28,79,54,10,PM10,28079054_10_A,Ensanche de Vallecas,2026,5,7,18,0,N,2026-05-07 18:00:00,3,False
28,79,54,12,NOx,28079054_12_8,Ensanche de Vallecas,2026,5,7,18,0,N,2026-05-07 18:00:00,3,False
28,79,54,14,O3,28079054_14_6,Ensanche de Vallecas,2026,5,7,18,0,N,2026-05-07 18:00:00,3,False
28,79,54,7,NO,28079054_7_8,Ensanche de Vallecas,2026,5,7,18,0,N,2026-05-07 18:00:00,3,False
28,79,54,8,NO2,28079054_8_8,Ensanche de Vallecas,2026,5,7,18,0,N,2026-05-07 18:00:00,3,False
28,79,54,9,PM2.5,28079054_9_A,Ensanche de Vallecas,2026,5,7,18,0,N,2026-05-07 18:00:00,3,False
28,79,54,10,PM10,28079054_10_A,Ensanche de Vallecas,2026,5,7,19,0,N,2026-05-07 19:00:00,3,False
28,79,54,12,NOx,28079054_12_8,Ensanche de Vallecas,2026,5,7,19,0,N,2026-05-07 19:00:00,3,False
28,79,54,14,O3,28079054_14_6,Ensanche de Vallecas,2026,5,7,19,0,N,2026-05-07 19:00:00,3,False
28,79,54,7,NO,28079054_7_8,Ensanche de Vallecas,2026,5,7,19,0,N,2026-05-07 19:00:00,3,False
28,79,54,8,NO2,28079054_8_8,Ensanche de Vallecas,2026,5,7,19,0,N,2026-05-07 19:00:00,3,False
28,79,54,9,PM2.5,28079054_9_A,Ensanche de Vallecas,2026,5,7,19,0,N,2026-05-07 19:00:00,3,False
28,79,54,10,PM10,28079054_10_A,Ensanche de Vallecas,2026,5,7,20,0,N,2026-05-07 20:00:00,3,False
28,79,54,12,NOx,28079054_12_8,Ensanche de Vallecas,2026,5,7,20,0,N,2026-05-07 20:00:00,3,False
28,79,54,14,O3,28079054_14_6,Ensanche de Vallecas,2026,5,7,20,0,N,2026-05-07 20:00:00,3,False
28,79,54,7,NO,28079054_7_8,Ensanche de Vallecas,2026,5,7,20,0,N,2026-05-07 20:00:00,3,False
28,79,54,8,NO2,28079054_8_8,Ensanche de Vallecas,2026,5,7,20,0,N,2026-05-07 20:00:00,3,False
28,79,54,9,PM2.5,28079054_9_A,Ensanche de Vallecas,2026,5,7,20,0,N,2026-05-07 20:00:00,3,False
28,79,54,10,PM10,28079054_10_A,Ensanche de Vallecas,2026,5,7,21,0,N,2026-05-07 21:00:00,3,False
28,79,54,12,NOx,28079054_12_8,Ensanche de Vallecas,2026,5,7,21,0,N,2026-05-07 21:00:00,3,False
28,79,54,14,O3,28079054_14_6,Ensanche de Vallecas,2026,5,7,21,0,N,2026-05-07 21:00:00,3,False
28,79,54,7,NO,28079054_7_8,Ensanche de Vallecas,2026,5,7,21,0,N,2026-05-07 21:00:00,3,False
28,79,54,8,NO2,28079054_8_8,Ensanche de Vallecas,2026,5,7,21,0,N,2026-05-07 21:00:00,3,False
28,79,54,9,PM2.5,28079054_9_A,Ensanche de Vallecas,2026,5,7,21,0,N,2026-05-07 21:00:00,3,False
28,79,54,10,PM10,28079054_10_A,Ensanche de Vallecas,2026,5,7,22,0,N,2026-05-07 22:00:00,3,False
28,79,54,12,NOx,28079054_12_8,Ensanche de Vallecas,2026,5,7,22,0,N,2026-05-07 22:00:00,3,False
28,79,54,14,O3,28079054_14_6,Ensanche de Vallecas,2026,5,7,22,0,N,2026-05-07 22:00:00,3,False
28,79,54,7,NO,28079054_7_8,Ensanche de Vallecas,2026,5,7,22,0,N,2026-05-07 22:00:00,3,False
28,79,54,8,NO2,28079054_8_8,Ensanche de Vallecas,2026,5,7,22,0,N,2026-05-07 22:00:00,3,False
28,79,54,9,PM2.5,28079054_9_A,Ensanche de Vallecas,2026,5,7,22,0,N,2026-05-07 22:00:00,3,False
28,79,54,10,PM10,28079054_10_A,Ensanche de Vallecas,2026,5,7,23,0,N,2026-05-07 23:00:00,3,False
28,79,54,12,NOx,28079054_12_8,Ensanche de Vallecas,2026,5,7,23,0,N,2026-05-07 23:00:00,3,False
28,79,54,14,O3,28079054_14_6,Ensanche de Vallecas,2026,5,7,23,0,N,2026-05-07 23:00:00,3,False
28,79,54,7,NO,28079054_7_8,Ensanche de Vallecas,2026,5,7,23,0,N,2026-05-07 23:00:00,3,False
28,79,54,8,NO2,28079054_8_8,Ensanche de Vallecas,2026,5,7,23,0,N,2026-05-07 23:00:00,3,False
28,79,54,9,PM2.5,28079054_9_A,Ensanche de Vallecas,2026,5,7,23,0,N,2026-05-07 23:00:00,3,False
28,79,8,10,PM10,28079008_10_47,Escuelas Aguirre,2026,5,7,0,22,V,2026-05-07 00:00:00,3,False
28,79,8,12,NOx,28079008_12_8,Escuelas Aguirre,2026,5,7,0,36,V,2026-05-07 00:00:00,3,False
28,79,8,14,O3,28079008_14_6,Escuelas Aguirre,2026,5,7,0,46,V,2026-05-07 00:00:00,3,False
28,79,8,7,NO,28079008_7_8,Escuelas Aguirre,2026,5,7,0,0,V,2026-05-07 00:00:00,3,False
28,79,8,8,NO2,28079008_8_8,Escuelas Aguirre,2026,5,7,0,36,V,2026-05-07 00:00:00,3,False
28,79,8,9,PM2.5,28079008_9_47,Escuelas Aguirre,2026,5,7,0,11,V,2026-05-07 00:00:00,3,False
28,79,8,10,PM10,28079008_10_47,Escuelas Aguirre,2026,5,7,1,13,V,2026-05-07 01:00:00,3,False
28,79,8,12,NOx,28079008_12_8,Escuelas Aguirre,2026,5,7,1,24,V,2026-05-07 01:00:00,3,False
28,79,8,14,O3,28079008_14_6,Escuelas Aguirre,2026,5,7,1,74,V,2026-05-07 01:00:00,3,False
28,79,8,7,NO,28079008_7_8,Escuelas Aguirre,2026,5,7,1,0,V,2026-05-07 01:00:00,3,False
28,79,8,8,NO2,28079008_8_8,Escuelas Aguirre,2026,5,7,1,24,V,2026-05-07 01:00:00,3,False
28,79,8,9,PM2.5,28079008_9_47,Escuelas Aguirre,2026,5,7,1,7,V,2026-05-07 01:00:00,3,False
28,79,8,10,PM10,28079008_10_47,Escuelas Aguirre,2026,5,7,2,8,V,2026-05-07 02:00:00,3,False
28,79,8,12,NOx,28079008_12_8,Escuelas Aguirre,2026,5,7,2,11,V,2026-05-07 02:00:00,3,False
28,79,8,14,O3,28079008_14_6,Escuelas Aguirre,2026,5,7,2,68,V,2026-05-07 02:00:00,3,False
28,79,8,7,NO,28079008_7_8,Escuelas Aguirre,2026,5,7,2,0,V,2026-05-07 02:00:00,3,False
28,79,8,8,NO2,28079008_8_8,Escuelas Aguirre,2026,5,7,2,11,V,2026-05-07 02:00:00,3,False
28,79,8,9,PM2.5,28079008_9_47,Escuelas Aguirre,2026,5,7,2,4,V,2026-05-07 02:00:00,3,False
28,79,8,10,PM10,28079008_10_47,Escuelas Aguirre,2026,5,7,3,7,V,2026-05-07 03:00:00,3,False
28,79,8,12,NOx,28079008_12_8,Escuelas Aguirre,2026,5,7,3,10,V,2026-05-07 03:00:00,3,False
28,79,8,14,O3,28079008_14_6,Escuelas Aguirre,2026,5,7,3,63,V,2026-05-07 03:00:00,3,False
28,79,8,7,NO,28079008_7_8,Escuelas Aguirre,2026,5,7,3,0,V,2026-05-07 03:00:00,3,False
28,79,8,8,NO2,28079008_8_8,Escuelas Aguirre,2026,5,7,3,10,V,2026-05-07 03:00:00,3,False
28,79,8,9,PM2.5,28079008_9_47,Escuelas Aguirre,2026,5,7,3,4,V,2026-05-07 03:00:00,3,False
28,79,8,10,PM10,28079008_10_47,Escuelas Aguirre,2026,5,7,4,7,V,2026-05-07 04:00:00,3,False
28,79,8,12,NOx,28079008_12_8,Escuelas Aguirre,2026,5,7,4,9,V,2026-05-07 04:00:00,3,False
28,79,8,14,O3,28079008_14_6,Escuelas Aguirre,2026,5,7,4,67,V,2026-05-07 04:00:00,3,False
28,79,8,7,NO,28079008_7_8,Escuelas Aguirre,2026,5,7,4,0,V,2026-05-07 04:00:00,3,False
28,79,8,8,NO2,28079008_8_8,Escuelas Aguirre,2026,5,7,4,9,V,2026-05-07 04:00:00,3,False
28,79,8,9,PM2.5,28079008_9_47,Escuelas Aguirre,2026,5,7,4,4,V,2026-05-07 04:00:00,3,False
28,79,8,10,PM10,28079008_10_47,Escuelas Aguirre,2026,5,7,5,10,V,2026-05-07 05:00:00,3,False
28,79,8,12,NOx,28079008_12_8,Escuelas Aguirre,2026,5,7,5,7,V,2026-05-07 05:00:00,3,False
28,79,8,14,O3,28079008_14_6,Escuelas Aguirre,2026,5,7,5,69,V,2026-05-07 05:00:00,3,False
28,79,8,7,NO,28079008_7_8,Escuelas Aguirre,2026,5,7,5,0,V,2026-05-07 05:00:00,3,False
28,79,8,8,NO2,28079008_8_8,Escuelas Aguirre,2026,5,7,5,7,V,2026-05-07 05:00:00,3,False
28,79,8,9,PM2.5,28079008_9_47,Escuelas Aguirre,2026,5,7,5,6,V,2026-05-07 05:00:00,3,False
28,79,8,10,PM10,28079008_10_47,Escuelas Aguirre,2026,5,7,6,12,V,2026-05-07 06:00:00,3,False
28,79,8,12,NOx,28079008_12_8,Escuelas Aguirre,2026,5,7,6,8,V,2026-05-07 06:00:00,3,False
28,79,8,14,O3,28079008_14_6,Escuelas Aguirre,2026,5,7,6,63,V,2026-05-07 06:00:00,3,False
28,79,8,7,NO,28079008_7_8,Escuelas Aguirre,2026,5,7,6,0,V,2026-05-07 06:00:00,3,False
28,79,8,8,NO2,28079008_8_8,Escuelas Aguirre,2026,5,7,6,8,V,2026-05-07 06:00:00,3,False
28,79,8,9,PM2.5,28079008_9_47,Escuelas Aguirre,2026,5,7,6,8,V,2026-05-07 06:00:00,3,False
28,79,8,10,PM10,28079008_10_47,Escuelas Aguirre,2026,5,7,7,14,V,2026-05-07 07:00:00,3,False
28,79,8,12,NOx,28079008_12_8,Escuelas Aguirre,2026,5,7,7,15,V,2026-05-07 07:00:00,3,False
28,79,8,14,O3,28079008_14_6,Escuelas Aguirre,2026,5,7,7,45,V,2026-05-07 07:00:00,3,False
28,79,8,7,NO,28079008_7_8,Escuelas Aguirre,2026,5,7,7,0,V,2026-05-07 07:00:00,3,False
28,79,8,8,NO2,28079008_8_8,Escuelas Aguirre,2026,5,7,7,15,V,2026-05-07 07:00:00,3,False
28,79,8,9,PM2.5,28079008_9_47,Escuelas Aguirre,2026,5,7,7,7,V,2026-05-07 07:00:00,3,False
28,79,8,10,PM10,28079008_10_47,Escuelas Aguirre,2026,5,7,8,19,V,2026-05-07 08:00:00,3,False
28,79,8,12,NOx,28079008_12_8,Escuelas Aguirre,2026,5,7,8,28,V,2026-05-07 08:00:00,3,False
28,79,8,14,O3,28079008_14_6,Escuelas Aguirre,2026,5,7,8,38,V,2026-05-07 08:00:00,3,False
28,79,8,7,NO,28079008_7_8,Escuelas Aguirre,2026,5,7,8,1,V,2026-05-07 08:00:00,3,False
28,79,8,8,NO2,28079008_8_8,Escuelas Aguirre,2026,5,7,8,27,V,2026-05-07 08:00:00,3,False
28,79,8,9,PM2.5,28079008_9_47,Escuelas Aguirre,2026,5,7,8,9,V,2026-05-07 08:00:00,3,False
28,79,8,10,PM10,28079008_10_47,Escuelas Aguirre,2026,5,7,9,18,V,2026-05-07 09:00:00,3,False
28,79,8,12,NOx,28079008_12_8,Escuelas Aguirre,2026,5,7,9,32,V,2026-05-07 09:00:00,3,False
28,79,8,14,O3,28079008_14_6,Escuelas Aguirre,2026,5,7,9,49,V,2026-05-07 09:00:00,3,False
28,79,8,7,NO,28079008_7_8,Escuelas Aguirre,2026,5,7,9,1,V,2026-05-07 09:00:00,3,False
28,79,8,8,NO2,28079008_8_8,Escuelas Aguirre,2026,5,7,9,32,V,2026-05-07 09:00:00,3,False
28,79,8,9,PM2.5,28079008_9_47,Escuelas Aguirre,2026,5,7,9,6,V,2026-05-07 09:00:00,3,False
28,79,8,10,PM10,28079008_10_47,Escuelas Aguirre,2026,5,7,10,14,V,2026-05-07 10:00:00,3,False
28,79,8,12,NOx,28079008_12_8,Escuelas Aguirre,2026,5,7,10,24,V,2026-05-07 10:00:00,3,False
28,79,8,14,O3,28079008_14_6,Escuelas Aguirre,2026,5,7,10,71,V,2026-05-07 10:00:00,3,False
28,79,8,7,NO,28079008_7_8,Escuelas Aguirre,2026,5,7,10,0,V,2026-05-07 10:00:00,3,False
28,79,8,8,NO2,28079008_8_8,Escuelas Aguirre,2026,5,7,10,24,V,2026-05-07 10:00:00,3,False
28,79,8,9,PM2.5,28079008_9_47,Escuelas Aguirre,2026,5,7,10,4,V,2026-05-07 10:00:00,3,False
28,79,8,10,PM10,28079008_10_47,Escuelas Aguirre,2026,5,7,11,19,V,2026-05-07 11:00:00,3,False
28,79,8,12,NOx,28079008_12_8,Escuelas Aguirre,2026,5,7,11,16,V,2026-05-07 11:00:00,3,False
28,79,8,14,O3,28079008_14_6,Escuelas Aguirre,2026,5,7,11,76,V,2026-05-07 11:00:00,3,False
28,79,8,7,NO,28079008_7_8,Escuelas Aguirre,2026,5,7,11,0,V,2026-05-07 11:00:00,3,False
28,79,8,8,NO2,28079008_8_8,Escuelas Aguirre,2026,5,7,11,16,V,2026-05-07 11:00:00,3,False
28,79,8,9,PM2.5,28079008_9_47,Escuelas Aguirre,2026,5,7,11,9,V,2026-05-07 11:00:00,3,False
28,79,8,10,PM10,28079008_10_47,Escuelas Aguirre,2026,5,7,12,15,V,2026-05-07 12:00:00,3,False
28,79,8,12,NOx,28079008_12_8,Escuelas Aguirre,2026,5,7,12,15,V,2026-05-07 12:00:00,3,False
28,79,8,14,O3,28079008_14_6,Escuelas Aguirre,2026,5,7,12,80,V,2026-05-07 12:00:00,3,False
28,79,8,7,NO,28079008_7_8,Escuelas Aguirre,2026,5,7,12,0,V,2026-05-07 12:00:00,3,False
28,79,8,8,NO2,28079008_8_8,Escuelas Aguirre,2026,5,7,12,15,V,2026-05-07 12:00:00,3,False
28,79,8,9,PM2.5,28079008_9_47,Escuelas Aguirre,2026,5,7,12,5,V,2026-05-07 12:00:00,3,False
28,79,8,10,PM10,28079008_10_47,Escuelas Aguirre,2026,5,7,13,0,N,2026-05-07 13:00:00,3,False
28,79,8,12,NOx,28079008_12_8,Escuelas Aguirre,2026,5,7,13,0,N,2026-05-07 13:00:00,3,False
28,79,8,14,O3,28079008_14_6,Escuelas Aguirre,2026,5,7,13,0,N,2026-05-07 13:00:00,3,False
28,79,8,7,NO,28079008_7_8,Escuelas Aguirre,2026,5,7,13,0,N,2026-05-07 13:00:00,3,False
28,79,8,8,NO2,28079008_8_8,Escuelas Aguirre,2026,5,7,13,0,N,2026-05-07 13:00:00,3,False
28,79,8,9,PM2.5,28079008_9_47,Escuelas Aguirre,2026,5,7,13,0,N,2026-05-07 13:00:00,3,False
28,79,8,10,PM10,28079008_10_47,Escuelas Aguirre,2026,5,7,14,0,N,2026-05-07 14:00:00,3,False
28,79,8,12,NOx,28079008_12_8,Escuelas Aguirre,2026,5,7,14,0,N,2026-05-07 14:00:00,3,False
28,79,8,14,O3,28079008_14_6,Escuelas Aguirre,2026,5,7,14,0,N,2026-05-07 14:00:00,3,False
28,79,8,7,NO,28079008_7_8,Escuelas Aguirre,2026,5,7,14,0,N,2026-05-07 14:00:00,3,False
28,79,8,8,NO2,28079008_8_8,Escuelas Aguirre,2026,5,7,14,0,N,2026-05-07 14:00:00,3,False
28,79,8,9,PM2.5,28079008_9_47,Escuelas Aguirre,2026,5,7,14,0,N,2026-05-07 14:00:00,3,False
28,79,8,10,PM10,28079008_10_47,Escuelas Aguirre,2026,5,7,15,0,N,2026-05-07 15:00:00,3,False
28,79,8,12,NOx,28079008_12_8,Escuelas Aguirre,2026,5,7,15,0,N,2026-05-07 15:00:00,3,False
28,79,8,14,O3,28079008_14_6,Escuelas Aguirre,2026,5,7,15,0,N,2026-05-07 15:00:00,3,False
28,79,8,7,NO,28079008_7_8,Escuelas Aguirre,2026,5,7,15,0,N,2026-05-07 15:00:00,3,False
28,79,8,8,NO2,28079008_8_8,Escuelas Aguirre,2026,5,7,15,0,N,2026-05-07 15:00:00,3,False
28,79,8,9,PM2.5,28079008_9_47,Escuelas Aguirre,2026,5,7,15,0,N,2026-05-07 15:00:00,3,False
28,79,8,10,PM10,28079008_10_47,Escuelas Aguirre,2026,5,7,16,0,N,2026-05-07 16:00:00,3,False
28,79,8,12,NOx,28079008_12_8,Escuelas Aguirre,2026,5,7,16,0,N,2026-05-07 16:00:00,3,False
28,79,8,14,O3,28079008_14_6,Escuelas Aguirre,2026,5,7,16,0,N,2026-05-07 16:00:00,3,False
28,79,8,7,NO,28079008_7_8,Escuelas Aguirre,2026,5,7,16,0,N,2026-05-07 16:00:00,3,False
28,79,8,8,NO2,28079008_8_8,Escuelas Aguirre,2026,5,7,16,0,N,2026-05-07 16:00:00,3,False
28,79,8,9,PM2.5,28079008_9_47,Escuelas Aguirre,2026,5,7,16,0,N,2026-05-07 16:00:00,3,False
28,79,8,10,PM10,28079008_10_47,Escuelas Aguirre,2026,5,7,17,0,N,2026-05-07 17:00:00,3,False
28,79,8,12,NOx,28079008_12_8,Escuelas Aguirre,2026,5,7,17,0,N,2026-05-07 17:00:00,3,False
28,79,8,14,O3,28079008_14_6,Escuelas Aguirre,2026,5,7,17,0,N,2026-05-07 17:00:00,3,False
28,79,8,7,NO,28079008_7_8,Escuelas Aguirre,2026,5,7,17,0,N,2026-05-07 17:00:00,3,False
28,79,8,8,NO2,28079008_8_8,Escuelas Aguirre,2026,5,7,17,0,N,2026-05-07 17:00:00,3,False
28,79,8,9,PM2.5,28079008_9_47,Escuelas Aguirre,2026,5,7,17,0,N,2026-05-07 17:00:00,3,False
28,79,8,10,PM10,28079008_10_47,Escuelas Aguirre,2026,5,7,18,0,N,2026-05-07 18:00:00,3,False
28,79,8,12,NOx,28079008_12_8,Escuelas Aguirre,2026,5,7,18,0,N,2026-05-07 18:00:00,3,False
28,79,8,14,O3,28079008_14_6,Escuelas Aguirre,2026,5,7,18,0,N,2026-05-07 18:00:00,3,False
28,79,8,7,NO,28079008_7_8,Escuelas Aguirre,2026,5,7,18,0,N,2026-05-07 18:00:00,3,False
28,79,8,8,NO2,28079008_8_8,Escuelas Aguirre,2026,5,7,18,0,N,2026-05-07 18:00:00,3,False
28,79,8,9,PM2.5,28079008_9_47,Escuelas Aguirre,2026,5,7,18,0,N,2026-05-07 18:00:00,3,False
28,79,8,10,PM10,28079008_10_47,Escuelas Aguirre,2026,5,7,19,0,N,2026-05-07 19:00:00,3,False
28,79,8,12,NOx,28079008_12_8,Escuelas Aguirre,2026,5,7,19,0,N,2026-05-07 19:00:00,3,False
28,79,8,14,O3,28079008_14_6,Escuelas Aguirre,2026,5,7,19,0,N,2026-05-07 19:00:00,3,False
28,79,8,7,NO,28079008_7_8,Escuelas Aguirre,2026,5,7,19,0,N,2026-05-07 19:00:00,3,False
28,79,8,8,NO2,28079008_8_8,Escuelas Aguirre,2026,5,7,19,0,N,2026-05-07 19:00:00,3,False
28,79,8,9,PM2.5,28079008_9_47,Escuelas Aguirre,2026,5,7,19,0,N,2026-05-07 19:00:00,3,False
28,79,8,10,PM10,28079008_10_47,Escuelas Aguirre,2026,5,7,20,0,N,2026-05-07 20:00:00,3,False
28,79,8,12,NOx,28079008_12_8,Escuelas Aguirre,2026,5,7,20,0,N,2026-05-07 20:00:00,3,False
28,79,8,14,O3,28079008_14_6,Escuelas Aguirre,2026,5,7,20,0,N,2026-05-07 20:00:00,3,False
28,79,8,7,NO,28079008_7_8,Escuelas Aguirre,2026,5,7,20,0,N,2026-05-07 20:00:00,3,False
28,79,8,8,NO2,28079008_8_8,Escuelas Aguirre,2026,5,7,20,0,N,2026-05-07 20:00:00,3,False
28,79,8,9,PM2.5,28079008_9_47,Escuelas Aguirre,2026,5,7,20,0,N,2026-05-07 20:00:00,3,False
28,79,8,10,PM10,28079008_10_47,Escuelas Aguirre,2026,5,7,21,0,N,2026-05-07 21:00:00,3,False
28,79,8,12,NOx,28079008_12_8,Escuelas Aguirre,2026,5,7,21,0,N,2026-05-07 21:00:00,3,False
28,79,8,14,O3,28079008_14_6,Escuelas Aguirre,2026,5,7,21,0,N,2026-05-07 21:00:00,3,False
28,79,8,7,NO,28079008_7_8,Escuelas Aguirre,2026,5,7,21,0,N,2026-05-07 21:00:00,3,False
28,79,8,8,NO2,28079008_8_8,Escuelas Aguirre,2026,5,7,21,0,N,2026-05-07 21:00:00,3,False
28,79,8,9,PM2.5,28079008_9_47,Escuelas Aguirre,2026,5,7,21,0,N,2026-05-07 21:00:00,3,False
28,79,8,10,PM10,28079008_10_47,Escuelas Aguirre,2026,5,7,22,0,N,2026-05-07 22:00:00,3,False
28,79,8,12,NOx,28079008_12_8,Escuelas Aguirre,2026,5,7,22,0,N,2026-05-07 22:00:00,3,False
28,79,8,14,O3,28079008_14_6,Escuelas Aguirre,2026,5,7,22,0,N,2026-05-07 22:00:00,3,False
28,79,8,7,NO,28079008_7_8,Escuelas Aguirre,2026,5,7,22,0,N,2026-05-07 22:00:00,3,False
28,79,8,8,NO2,28079008_8_8,Escuelas Aguirre,2026,5,7,22,0,N,2026-05-07 22:00:00,3,False
28,79,8,9,PM2.5,28079008_9_47,Escuelas Aguirre,2026,5,7,22,0,N,2026-05-07 22:00:00,3,False
28,79,8,10,PM10,28079008_10_47,Escuelas Aguirre,2026,5,7,23,0,N,2026-05-07 23:00:00,3,False
28,79,8,12,NOx,28079008_12_8,Escuelas Aguirre,2026,5,7,23,0,N,2026-05-07 23:00:00,3,False
28,79,8,14,O3,28079008_14_6,Escuelas Aguirre,2026,5,7,23,0,N,2026-05-07 23:00:00,3,False
28,79,8,7,NO,28079008_7_8,Escuelas Aguirre,2026,5,7,23,0,N,2026-05-07 23:00:00,3,False
28,79,8,8,NO2,28079008_8_8,Escuelas Aguirre,2026,5,7,23,0,N,2026-05-07 23:00:00,3,False
28,79,8,9,PM2.5,28079008_9_47,Escuelas Aguirre,2026,5,7,23,0,N,2026-05-07 23:00:00,3,False
28,79,18,10,PM10,28079018_10_47,Farolillo,2026,5,7,0,20,V,2026-05-07 00:00:00,3,False
28,79,18,12,NOx,28079018_12_8,Farolillo,2026,5,7,0,45,V,2026-05-07 00:00:00,3,False
28,79,18,14,O3,28079018_14_6,Farolillo,2026,5,7,0,39,V,2026-05-07 00:00:00,3,False
28,79,18,7,NO,28079018_7_8,Farolillo,2026,5,7,0,2,V,2026-05-07 00:00:00,3,False
28,79,18,8,NO2,28079018_8_8,Farolillo,2026,5,7,0,42,V,2026-05-07 00:00:00,3,False
28,79,18,10,PM10,28079018_10_47,Farolillo,2026,5,7,1,14,V,2026-05-07 01:00:00,3,False
28,79,18,12,NOx,28079018_12_8,Farolillo,2026,5,7,1,25,V,2026-05-07 01:00:00,3,False
28,79,18,14,O3,28079018_14_6,Farolillo,2026,5,7,1,56,V,2026-05-07 01:00:00,3,False
28,79,18,7,NO,28079018_7_8,Farolillo,2026,5,7,1,1,V,2026-05-07 01:00:00,3,False
28,79,18,8,NO2,28079018_8_8,Farolillo,2026,5,7,1,24,V,2026-05-07 01:00:00,3,False
28,79,18,10,PM10,28079018_10_47,Farolillo,2026,5,7,2,11,V,2026-05-07 02:00:00,3,False
28,79,18,12,NOx,28079018_12_8,Farolillo,2026,5,7,2,13,V,2026-05-07 02:00:00,3,False
28,79,18,14,O3,28079018_14_6,Farolillo,2026,5,7,2,65,V,2026-05-07 02:00:00,3,False
28,79,18,7,NO,28079018_7_8,Farolillo,2026,5,7,2,0,V,2026-05-07 02:00:00,3,False
28,79,18,8,NO2,28079018_8_8,Farolillo,2026,5,7,2,12,V,2026-05-07 02:00:00,3,False
28,79,18,10,PM10,28079018_10_47,Farolillo,2026,5,7,3,9,V,2026-05-07 03:00:00,3,False
28,79,18,12,NOx,28079018_12_8,Farolillo,2026,5,7,3,10,V,2026-05-07 03:00:00,3,False
28,79,18,14,O3,28079018_14_6,Farolillo,2026,5,7,3,65,V,2026-05-07 03:00:00,3,False
28,79,18,7,NO,28079018_7_8,Farolillo,2026,5,7,3,0,V,2026-05-07 03:00:00,3,False
28,79,18,8,NO2,28079018_8_8,Farolillo,2026,5,7,3,10,V,2026-05-07 03:00:00,3,False
28,79,18,10,PM10,28079018_10_47,Farolillo,2026,5,7,4,7,V,2026-05-07 04:00:00,3,False
28,79,18,12,NOx,28079018_12_8,Farolillo,2026,5,7,4,8,V,2026-05-07 04:00:00,3,False
28,79,18,14,O3,28079018_14_6,Farolillo,2026,5,7,4,67,V,2026-05-07 04:00:00,3,False
28,79,18,7,NO,28079018_7_8,Farolillo,2026,5,7,4,0,V,2026-05-07 04:00:00,3,False
28,79,18,8,NO2,28079018_8_8,Farolillo,2026,5,7,4,8,V,2026-05-07 04:00:00,3,False
28,79,18,10,PM10,28079018_10_47,Farolillo,2026,5,7,5,8,V,2026-05-07 05:00:00,3,False
28,79,18,12,NOx,28079018_12_8,Farolillo,2026,5,7,5,8,V,2026-05-07 05:00:00,3,False
28,79,18,14,O3,28079018_14_6,Farolillo,2026,5,7,5,67,V,2026-05-07 05:00:00,3,False
28,79,18,7,NO,28079018_7_8,Farolillo,2026,5,7,5,0,V,2026-05-07 05:00:00,3,False
28,79,18,8,NO2,28079018_8_8,Farolillo,2026,5,7,5,8,V,2026-05-07 05:00:00,3,False
28,79,18,10,PM10,28079018_10_47,Farolillo,2026,5,7,6,11,V,2026-05-07 06:00:00,3,False
28,79,18,12,NOx,28079018_12_8,Farolillo,2026,5,7,6,12,V,2026-05-07 06:00:00,3,False
28,79,18,14,O3,28079018_14_6,Farolillo,2026,5,7,6,64,V,2026-05-07 06:00:00,3,False
28,79,18,7,NO,28079018_7_8,Farolillo,2026,5,7,6,0,V,2026-05-07 06:00:00,3,False
28,79,18,8,NO2,28079018_8_8,Farolillo,2026,5,7,6,11,V,2026-05-07 06:00:00,3,False
28,79,18,10,PM10,28079018_10_47,Farolillo,2026,5,7,7,11,V,2026-05-07 07:00:00,3,False
28,79,18,12,NOx,28079018_12_8,Farolillo,2026,5,7,7,26,V,2026-05-07 07:00:00,3,False
28,79,18,14,O3,28079018_14_6,Farolillo,2026,5,7,7,52,V,2026-05-07 07:00:00,3,False
28,79,18,7,NO,28079018_7_8,Farolillo,2026,5,7,7,2,V,2026-05-07 07:00:00,3,False
28,79,18,8,NO2,28079018_8_8,Farolillo,2026,5,7,7,24,V,2026-05-07 07:00:00,3,False
28,79,18,10,PM10,28079018_10_47,Farolillo,2026,5,7,8,12,V,2026-05-07 08:00:00,3,False
28,79,18,12,NOx,28079018_12_8,Farolillo,2026,5,7,8,38,V,2026-05-07 08:00:00,3,False
28,79,18,14,O3,28079018_14_6,Farolillo,2026,5,7,8,51,V,2026-05-07 08:00:00,3,False
28,79,18,7,NO,28079018_7_8,Farolillo,2026,5,7,8,4,V,2026-05-07 08:00:00,3,False
28,79,18,8,NO2,28079018_8_8,Farolillo,2026,5,7,8,32,V,2026-05-07 08:00:00,3,False
28,79,18,10,PM10,28079018_10_47,Farolillo,2026,5,7,9,36,V,2026-05-07 09:00:00,3,False
28,79,18,12,NOx,28079018_12_8,Farolillo,2026,5,7,9,35,V,2026-05-07 09:00:00,3,False
28,79,18,14,O3,28079018_14_6,Farolillo,2026,5,7,9,57,V,2026-05-07 09:00:00,3,False
28,79,18,7,NO,28079018_7_8,Farolillo,2026,5,7,9,4,V,2026-05-07 09:00:00,3,False
28,79,18,8,NO2,28079018_8_8,Farolillo,2026,5,7,9,29,V,2026-05-07 09:00:00,3,False
28,79,18,10,PM10,28079018_10_47,Farolillo,2026,5,7,10,39,V,2026-05-07 10:00:00,3,False
28,79,18,12,NOx,28079018_12_8,Farolillo,2026,5,7,10,16,V,2026-05-07 10:00:00,3,False
28,79,18,14,O3,28079018_14_6,Farolillo,2026,5,7,10,81,V,2026-05-07 10:00:00,3,False
28,79,18,7,NO,28079018_7_8,Farolillo,2026,5,7,10,3,V,2026-05-07 10:00:00,3,False
28,79,18,8,NO2,28079018_8_8,Farolillo,2026,5,7,10,12,V,2026-05-07 10:00:00,3,False
28,79,18,10,PM10,28079018_10_47,Farolillo,2026,5,7,11,14,V,2026-05-07 11:00:00,3,False
28,79,18,12,NOx,28079018_12_8,Farolillo,2026,5,7,11,18,V,2026-05-07 11:00:00,3,False
28,79,18,14,O3,28079018_14_6,Farolillo,2026,5,7,11,79,V,2026-05-07 11:00:00,3,False
28,79,18,7,NO,28079018_7_8,Farolillo,2026,5,7,11,3,V,2026-05-07 11:00:00,3,False
28,79,18,8,NO2,28079018_8_8,Farolillo,2026,5,7,11,14,V,2026-05-07 11:00:00,3,False
28,79,18,10,PM10,28079018_10_47,Farolillo,2026,5,7,12,18,V,2026-05-07 12:00:00,3,False
28,79,18,12,NOx,28079018_12_8,Farolillo,2026,5,7,12,17,V,2026-05-07 12:00:00,3,False
28,79,18,14,O3,28079018_14_6,Farolillo,2026,5,7,12,84,V,2026-05-07 12:00:00,3,False
28,79,18,7,NO,28079018_7_8,Farolillo,2026,5,7,12,3,V,2026-05-07 12:00:00,3,False
28,79,18,8,NO2,28079018_8_8,Farolillo,2026,5,7,12,12,V,2026-05-07 12:00:00,3,False
28,79,18,10,PM10,28079018_10_47,Farolillo,2026,5,7,13,0,N,2026-05-07 13:00:00,3,False
28,79,18,12,NOx,28079018_12_8,Farolillo,2026,5,7,13,0,N,2026-05-07 13:00:00,3,False
28,79,18,14,O3,28079018_14_6,Farolillo,2026,5,7,13,0,N,2026-05-07 13:00:00,3,False
28,79,18,7,NO,28079018_7_8,Farolillo,2026,5,7,13,0,N,2026-05-07 13:00:00,3,False
28,79,18,8,NO2,28079018_8_8,Farolillo,2026,5,7,13,0,N,2026-05-07 13:00:00,3,False
28,79,18,10,PM10,28079018_10_47,Farolillo,2026,5,7,14,0,N,2026-05-07 14:00:00,3,False
28,79,18,12,NOx,28079018_12_8,Farolillo,2026,5,7,14,0,N,2026-05-07 14:00:00,3,False
28,79,18,14,O3,28079018_14_6,Farolillo,2026,5,7,14,0,N,2026-05-07 14:00:00,3,False
28,79,18,7,NO,28079018_7_8,Farolillo,2026,5,7,14,0,N,2026-05-07 14:00:00,3,False
28,79,18,8,NO2,28079018_8_8,Farolillo,2026,5,7,14,0,N,2026-05-07 14:00:00,3,False
28,79,18,10,PM10,28079018_10_47,Farolillo,2026,5,7,15,0,N,2026-05-07 15:00:00,3,False
28,79,18,12,NOx,28079018_12_8,Farolillo,2026,5,7,15,0,N,2026-05-07 15:00:00,3,False
28,79,18,14,O3,28079018_14_6,Farolillo,2026,5,7,15,0,N,2026-05-07 15:00:00,3,False
28,79,18,7,NO,28079018_7_8,Farolillo,2026,5,7,15,0,N,2026-05-07 15:00:00,3,False
28,79,18,8,NO2,28079018_8_8,Farolillo,2026,5,7,15,0,N,2026-05-07 15:00:00,3,False
28,79,18,10,PM10,28079018_10_47,Farolillo,2026,5,7,16,0,N,2026-05-07 16:00:00,3,False
28,79,18,12,NOx,28079018_12_8,Farolillo,2026,5,7,16,0,N,2026-05-07 16:00:00,3,False
28,79,18,14,O3,28079018_14_6,Farolillo,2026,5,7,16,0,N,2026-05-07 16:00:00,3,False
28,79,18,7,NO,28079018_7_8,Farolillo,2026,5,7,16,0,N,2026-05-07 16:00:00,3,False
28,79,18,8,NO2,28079018_8_8,Farolillo,2026,5,7,16,0,N,2026-05-07 16:00:00,3,False
28,79,18,10,PM10,28079018_10_47,Farolillo,2026,5,7,17,0,N,2026-05-07 17:00:00,3,False
28,79,18,12,NOx,28079018_12_8,Farolillo,2026,5,7,17,0,N,2026-05-07 17:00:00,3,False
28,79,18,14,O3,28079018_14_6,Farolillo,2026,5,7,17,0,N,2026-05-07 17:00:00,3,False
28,79,18,7,NO,28079018_7_8,Farolillo,2026,5,7,17,0,N,2026-05-07 17:00:00,3,False
28,79,18,8,NO2,28079018_8_8,Farolillo,2026,5,7,17,0,N,2026-05-07 17:00:00,3,False
28,79,18,10,PM10,28079018_10_47,Farolillo,2026,5,7,18,0,N,2026-05-07 18:00:00,3,False
28,79,18,12,NOx,28079018_12_8,Farolillo,2026,5,7,18,0,N,2026-05-07 18:00:00,3,False
28,79,18,14,O3,28079018_14_6,Farolillo,2026,5,7,18,0,N,2026-05-07 18:00:00,3,False
28,79,18,7,NO,28079018_7_8,Farolillo,2026,5,7,18,0,N,2026-05-07 18:00:00,3,False
28,79,18,8,NO2,28079018_8_8,Farolillo,2026,5,7,18,0,N,2026-05-07 18:00:00,3,False
28,79,18,10,PM10,28079018_10_47,Farolillo,2026,5,7,19,0,N,2026-05-07 19:00:00,3,False
28,79,18,12,NOx,28079018_12_8,Farolillo,2026,5,7,19,0,N,2026-05-07 19:00:00,3,False
28,79,18,14,O3,28079018_14_6,Farolillo,2026,5,7,19,0,N,2026-05-07 19:00:00,3,False
28,79,18,7,NO,28079018_7_8,Farolillo,2026,5,7,19,0,N,2026-05-07 19:00:00,3,False
28,79,18,8,NO2,28079018_8_8,Farolillo,2026,5,7,19,0,N,2026-05-07 19:00:00,3,False
28,79,18,10,PM10,28079018_10_47,Farolillo,2026,5,7,20,0,N,2026-05-07 20:00:00,3,False
28,79,18,12,NOx,28079018_12_8,Farolillo,2026,5,7,20,0,N,2026-05-07 20:00:00,3,False
28,79,18,14,O3,28079018_14_6,Farolillo,2026,5,7,20,0,N,2026-05-07 20:00:00,3,False
28,79,18,7,NO,28079018_7_8,Farolillo,2026,5,7,20,0,N,2026-05-07 20:00:00,3,False
28,79,18,8,NO2,28079018_8_8,Farolillo,2026,5,7,20,0,N,2026-05-07 20:00:00,3,False
28,79,18,10,PM10,28079018_10_47,Farolillo,2026,5,7,21,0,N,2026-05-07 21:00:00,3,False
28,79,18,12,NOx,28079018_12_8,Farolillo,2026,5,7,21,0,N,2026-05-07 21:00:00,3,False
28,79,18,14,O3,28079018_14_6,Farolillo,2026,5,7,21,0,N,2026-05-07 21:00:00,3,False
28,79,18,7,NO,28079018_7_8,Farolillo,2026,5,7,21,0,N,2026-05-07 21:00:00,3,False
28,79,18,8,NO2,28079018_8_8,Farolillo,2026,5,7,21,0,N,2026-05-07 21:00:00,3,False
28,79,18,10,PM10,28079018_10_47,Farolillo,2026,5,7,22,0,N,2026-05-07 22:00:00,3,False
28,79,18,12,NOx,28079018_12_8,Farolillo,2026,5,7,22,0,N,2026-05-07 22:00:00,3,False
28,79,18,14,O3,28079018_14_6,Farolillo,2026,5,7,22,0,N,2026-05-07 22:00:00,3,False
28,79,18,7,NO,28079018_7_8,Farolillo,2026,5,7,22,0,N,2026-05-07 22:00:00,3,False
28,79,18,8,NO2,28079018_8_8,Farolillo,2026,5,7,22,0,N,2026-05-07 22:00:00,3,False
28,79,18,10,PM10,28079018_10_47,Farolillo,2026,5,7,23,0,N,2026-05-07 23:00:00,3,False
28,79,18,12,NOx,28079018_12_8,Farolillo,2026,5,7,23,0,N,2026-05-07 23:00:00,3,False
28,79,18,14,O3,28079018_14_6,Farolillo,2026,5,7,23,0,N,2026-05-07 23:00:00,3,False
28,79,18,7,NO,28079018_7_8,Farolillo,2026,5,7,23,0,N,2026-05-07 23:00:00,3,False
28,79,18,8,NO2,28079018_8_8,Farolillo,2026,5,7,23,0,N,2026-05-07 23:00:00,3,False
28,79,59,12,NOx,28079059_12_8,Juan Carlos I,2026,5,7,0,25,V,2026-05-07 00:00:00,3,False
28,79,59,14,O3,28079059_14_6,Juan Carlos I,2026,5,7,0,63,V,2026-05-07 00:00:00,3,False
28,79,59,7,NO,28079059_7_8,Juan Carlos I,2026,5,7,0,1,V,2026-05-07 00:00:00,3,False
28,79,59,8,NO2,28079059_8_8,Juan Carlos I,2026,5,7,0,23,V,2026-05-07 00:00:00,3,False
28,79,59,12,NOx,28079059_12_8,Juan Carlos I,2026,5,7,1,9,V,2026-05-07 01:00:00,3,False
28,79,59,14,O3,28079059_14_6,Juan Carlos I,2026,5,7,1,70,V,2026-05-07 01:00:00,3,False
28,79,59,7,NO,28079059_7_8,Juan Carlos I,2026,5,7,1,1,V,2026-05-07 01:00:00,3,False
28,79,59,8,NO2,28079059_8_8,Juan Carlos I,2026,5,7,1,7,V,2026-05-07 01:00:00,3,False
28,79,59,12,NOx,28079059_12_8,Juan Carlos I,2026,5,7,2,9,V,2026-05-07 02:00:00,3,False
28,79,59,14,O3,28079059_14_6,Juan Carlos I,2026,5,7,2,65,V,2026-05-07 02:00:00,3,False
28,79,59,7,NO,28079059_7_8,Juan Carlos I,2026,5,7,2,1,V,2026-05-07 02:00:00,3,False
28,79,59,8,NO2,28079059_8_8,Juan Carlos I,2026,5,7,2,7,V,2026-05-07 02:00:00,3,False
28,79,59,12,NOx,28079059_12_8,Juan Carlos I,2026,5,7,3,8,V,2026-05-07 03:00:00,3,False
28,79,59,14,O3,28079059_14_6,Juan Carlos I,2026,5,7,3,65,V,2026-05-07 03:00:00,3,False
28,79,59,7,NO,28079059_7_8,Juan Carlos I,2026,5,7,3,1,V,2026-05-07 03:00:00,3,False
28,79,59,8,NO2,28079059_8_8,Juan Carlos I,2026,5,7,3,7,V,2026-05-07 03:00:00,3,False
28,79,59,12,NOx,28079059_12_8,Juan Carlos I,2026,5,7,4,6,V,2026-05-07 04:00:00,3,False
28,79,59,14,O3,28079059_14_6,Juan Carlos I,2026,5,7,4,70,V,2026-05-07 04:00:00,3,False
28,79,59,7,NO,28079059_7_8,Juan Carlos I,2026,5,7,4,1,V,2026-05-07 04:00:00,3,False
28,79,59,8,NO2,28079059_8_8,Juan Carlos I,2026,5,7,4,5,V,2026-05-07 04:00:00,3,False
28,79,59,12,NOx,28079059_12_8,Juan Carlos I,2026,5,7,5,6,V,2026-05-07 05:00:00,3,False
28,79,59,14,O3,28079059_14_6,Juan Carlos I,2026,5,7,5,69,V,2026-05-07 05:00:00,3,False
28,79,59,7,NO,28079059_7_8,Juan Carlos I,2026,5,7,5,1,V,2026-05-07 05:00:00,3,False
28,79,59,8,NO2,28079059_8_8,Juan Carlos I,2026,5,7,5,4,V,2026-05-07 05:00:00,3,False
28,79,59,12,NOx,28079059_12_8,Juan Carlos I,2026,5,7,6,13,V,2026-05-07 06:00:00,3,False
28,79,59,14,O3,28079059_14_6,Juan Carlos I,2026,5,7,6,59,V,2026-05-07 06:00:00,3,False
28,79,59,7,NO,28079059_7_8,Juan Carlos I,2026,5,7,6,1,V,2026-05-07 06:00:00,3,False
28,79,59,8,NO2,28079059_8_8,Juan Carlos I,2026,5,7,6,11,V,2026-05-07 06:00:00,3,False
28,79,59,12,NOx,28079059_12_8,Juan Carlos I,2026,5,7,7,25,V,2026-05-07 07:00:00,3,False
28,79,59,14,O3,28079059_14_6,Juan Carlos I,2026,5,7,7,50,V,2026-05-07 07:00:00,3,False
28,79,59,7,NO,28079059_7_8,Juan Carlos I,2026,5,7,7,1,V,2026-05-07 07:00:00,3,False
28,79,59,8,NO2,28079059_8_8,Juan Carlos I,2026,5,7,7,23,V,2026-05-07 07:00:00,3,False
28,79,59,12,NOx,28079059_12_8,Juan Carlos I,2026,5,7,8,35,V,2026-05-07 08:00:00,3,False
28,79,59,14,O3,28079059_14_6,Juan Carlos I,2026,5,7,8,50,V,2026-05-07 08:00:00,3,False
28,79,59,7,NO,28079059_7_8,Juan Carlos I,2026,5,7,8,3,V,2026-05-07 08:00:00,3,False
28,79,59,8,NO2,28079059_8_8,Juan Carlos I,2026,5,7,8,30,V,2026-05-07 08:00:00,3,False
28,79,59,12,NOx,28079059_12_8,Juan Carlos I,2026,5,7,9,17,V,2026-05-07 09:00:00,3,False
28,79,59,14,O3,28079059_14_6,Juan Carlos I,2026,5,7,9,68,V,2026-05-07 09:00:00,3,False
28,79,59,7,NO,28079059_7_8,Juan Carlos I,2026,5,7,9,2,V,2026-05-07 09:00:00,3,False
28,79,59,8,NO2,28079059_8_8,Juan Carlos I,2026,5,7,9,15,V,2026-05-07 09:00:00,3,False
28,79,59,12,NOx,28079059_12_8,Juan Carlos I,2026,5,7,10,12,V,2026-05-07 10:00:00,3,False
28,79,59,14,O3,28079059_14_6,Juan Carlos I,2026,5,7,10,83,V,2026-05-07 10:00:00,3,False
28,79,59,7,NO,28079059_7_8,Juan Carlos I,2026,5,7,10,2,V,2026-05-07 10:00:00,3,False
28,79,59,8,NO2,28079059_8_8,Juan Carlos I,2026,5,7,10,9,V,2026-05-07 10:00:00,3,False
28,79,59,12,NOx,28079059_12_8,Juan Carlos I,2026,5,7,11,12,V,2026-05-07 11:00:00,3,False
28,79,59,14,O3,28079059_14_6,Juan Carlos I,2026,5,7,11,89,V,2026-05-07 11:00:00,3,False
28,79,59,7,NO,28079059_7_8,Juan Carlos I,2026,5,7,11,3,V,2026-05-07 11:00:00,3,False
28,79,59,8,NO2,28079059_8_8,Juan Carlos I,2026,5,7,11,8,V,2026-05-07 11:00:00,3,False
28,79,59,12,NOx,28079059_12_8,Juan Carlos I,2026,5,7,12,12,V,2026-05-07 12:00:00,3,False
28,79,59,14,O3,28079059_14_6,Juan Carlos I,2026,5,7,12,91,V,2026-05-07 12:00:00,3,False
28,79,59,7,NO,28079059_7_8,Juan Carlos I,2026,5,7,12,3,V,2026-05-07 12:00:00,3,False
28,79,59,8,NO2,28079059_8_8,Juan Carlos I,2026,5,7,12,8,V,2026-05-07 12:00:00,3,False
28,79,59,12,NOx,28079059_12_8,Juan Carlos I,2026,5,7,13,0,N,2026-05-07 13:00:00,3,False
28,79,59,14,O3,28079059_14_6,Juan Carlos I,2026,5,7,13,0,N,2026-05-07 13:00:00,3,False
28,79,59,7,NO,28079059_7_8,Juan Carlos I,2026,5,7,13,0,N,2026-05-07 13:00:00,3,False
28,79,59,8,NO2,28079059_8_8,Juan Carlos I,2026,5,7,13,0,N,2026-05-07 13:00:00,3,False
28,79,59,12,NOx,28079059_12_8,Juan Carlos I,2026,5,7,14,0,N,2026-05-07 14:00:00,3,False
28,79,59,14,O3,28079059_14_6,Juan Carlos I,2026,5,7,14,0,N,2026-05-07 14:00:00,3,False
28,79,59,7,NO,28079059_7_8,Juan Carlos I,2026,5,7,14,0,N,2026-05-07 14:00:00,3,False
28,79,59,8,NO2,28079059_8_8,Juan Carlos I,2026,5,7,14,0,N,2026-05-07 14:00:00,3,False
28,79,59,12,NOx,28079059_12_8,Juan Carlos I,2026,5,7,15,0,N,2026-05-07 15:00:00,3,False
28,79,59,14,O3,28079059_14_6,Juan Carlos I,2026,5,7,15,0,N,2026-05-07 15:00:00,3,False
28,79,59,7,NO,28079059_7_8,Juan Carlos I,2026,5,7,15,0,N,2026-05-07 15:00:00,3,False
28,79,59,8,NO2,28079059_8_8,Juan Carlos I,2026,5,7,15,0,N,2026-05-07 15:00:00,3,False
28,79,59,12,NOx,28079059_12_8,Juan Carlos I,2026,5,7,16,0,N,2026-05-07 16:00:00,3,False
28,79,59,14,O3,28079059_14_6,Juan Carlos I,2026,5,7,16,0,N,2026-05-07 16:00:00,3,False
28,79,59,7,NO,28079059_7_8,Juan Carlos I,2026,5,7,16,0,N,2026-05-07 16:00:00,3,False
28,79,59,8,NO2,28079059_8_8,Juan Carlos I,2026,5,7,16,0,N,2026-05-07 16:00:00,3,False
28,79,59,12,NOx,28079059_12_8,Juan Carlos I,2026,5,7,17,0,N,2026-05-07 17:00:00,3,False
28,79,59,14,O3,28079059_14_6,Juan Carlos I,2026,5,7,17,0,N,2026-05-07 17:00:00,3,False
28,79,59,7,NO,28079059_7_8,Juan Carlos I,2026,5,7,17,0,N,2026-05-07 17:00:00,3,False
28,79,59,8,NO2,28079059_8_8,Juan Carlos I,2026,5,7,17,0,N,2026-05-07 17:00:00,3,False
28,79,59,12,NOx,28079059_12_8,Juan Carlos I,2026,5,7,18,0,N,2026-05-07 18:00:00,3,False
28,79,59,14,O3,28079059_14_6,Juan Carlos I,2026,5,7,18,0,N,2026-05-07 18:00:00,3,False
28,79,59,7,NO,28079059_7_8,Juan Carlos I,2026,5,7,18,0,N,2026-05-07 18:00:00,3,False
28,79,59,8,NO2,28079059_8_8,Juan Carlos I,2026,5,7,18,0,N,2026-05-07 18:00:00,3,False
28,79,59,12,NOx,28079059_12_8,Juan Carlos I,2026,5,7,19,0,N,2026-05-07 19:00:00,3,False
28,79,59,14,O3,28079059_14_6,Juan Carlos I,2026,5,7,19,0,N,2026-05-07 19:00:00,3,False
28,79,59,7,NO,28079059_7_8,Juan Carlos I,2026,5,7,19,0,N,2026-05-07 19:00:00,3,False
28,79,59,8,NO2,28079059_8_8,Juan Carlos I,2026,5,7,19,0,N,2026-05-07 19:00:00,3,False
28,79,59,12,NOx,28079059_12_8,Juan Carlos I,2026,5,7,20,0,N,2026-05-07 20:00:00,3,False
28,79,59,14,O3,28079059_14_6,Juan Carlos I,2026,5,7,20,0,N,2026-05-07 20:00:00,3,False
28,79,59,7,NO,28079059_7_8,Juan Carlos I,2026,5,7,20,0,N,2026-05-07 20:00:00,3,False
28,79,59,8,NO2,28079059_8_8,Juan Carlos I,2026,5,7,20,0,N,2026-05-07 20:00:00,3,False
28,79,59,12,NOx,28079059_12_8,Juan Carlos I,2026,5,7,21,0,N,2026-05-07 21:00:00,3,False
28,79,59,14,O3,28079059_14_6,Juan Carlos I,2026,5,7,21,0,N,2026-05-07 21:00:00,3,False
28,79,59,7,NO,28079059_7_8,Juan Carlos I,2026,5,7,21,0,N,2026-05-07 21:00:00,3,False
28,79,59,8,NO2,28079059_8_8,Juan Carlos I,2026,5,7,21,0,N,2026-05-07 21:00:00,3,False
28,79,59,12,NOx,28079059_12_8,Juan Carlos I,2026,5,7,22,0,N,2026-05-07 22:00:00,3,False
28,79,59,14,O3,28079059_14_6,Juan Carlos I,2026,5,7,22,0,N,2026-05-07 22:00:00,3,False
28,79,59,7,NO,28079059_7_8,Juan Carlos I,2026,5,7,22,0,N,2026-05-07 22:00:00,3,False
28,79,59,8,NO2,28079059_8_8,Juan Carlos I,2026,5,7,22,0,N,2026-05-07 22:00:00,3,False
28,79,59,12,NOx,28079059_12_8,Juan Carlos I,2026,5,7,23,0,N,2026-05-07 23:00:00,3,False
28,79,59,14,O3,28079059_14_6,Juan Carlos I,2026,5,7,23,0,N,2026-05-07 23:00:00,3,False
28,79,59,7,NO,28079059_7_8,Juan Carlos I,2026,5,7,23,0,N,2026-05-07 23:00:00,3,False
28,79,59,8,NO2,28079059_8_8,Juan Carlos I,2026,5,7,23,0,N,2026-05-07 23:00:00,3,False
28,79,36,10,PM10,28079036_10_47,Moratalaz,2026,5,7,0,8,V,2026-05-07 00:00:00,3,False
28,79,36,12,NOx,28079036_12_8,Moratalaz,2026,5,7,0,37,V,2026-05-07 00:00:00,3,False
28,79,36,7,NO,28079036_7_8,Moratalaz,2026,5,7,0,1,V,2026-05-07 00:00:00,3,False
28,79,36,8,NO2,28079036_8_8,Moratalaz,2026,5,7,0,35,V,2026-05-07 00:00:00,3,False
28,79,36,10,PM10,28079036_10_47,Moratalaz,2026,5,7,1,6,V,2026-05-07 01:00:00,3,False
28,79,36,12,NOx,28079036_12_8,Moratalaz,2026,5,7,1,18,V,2026-05-07 01:00:00,3,False
28,79,36,7,NO,28079036_7_8,Moratalaz,2026,5,7,1,1,V,2026-05-07 01:00:00,3,False
28,79,36,8,NO2,28079036_8_8,Moratalaz,2026,5,7,1,17,V,2026-05-07 01:00:00,3,False
28,79,36,10,PM10,28079036_10_47,Moratalaz,2026,5,7,2,6,V,2026-05-07 02:00:00,3,False
28,79,36,12,NOx,28079036_12_8,Moratalaz,2026,5,7,2,9,V,2026-05-07 02:00:00,3,False
28,79,36,7,NO,28079036_7_8,Moratalaz,2026,5,7,2,1,V,2026-05-07 02:00:00,3,False
28,79,36,8,NO2,28079036_8_8,Moratalaz,2026,5,7,2,8,V,2026-05-07 02:00:00,3,False
28,79,36,10,PM10,28079036_10_47,Moratalaz,2026,5,7,3,5,V,2026-05-07 03:00:00,3,False
28,79,36,12,NOx,28079036_12_8,Moratalaz,2026,5,7,3,10,V,2026-05-07 03:00:00,3,False
28,79,36,7,NO,28079036_7_8,Moratalaz,2026,5,7,3,1,V,2026-05-07 03:00:00,3,False
28,79,36,8,NO2,28079036_8_8,Moratalaz,2026,5,7,3,9,V,2026-05-07 03:00:00,3,False
28,79,36,10,PM10,28079036_10_47,Moratalaz,2026,5,7,4,5,V,2026-05-07 04:00:00,3,False
28,79,36,12,NOx,28079036_12_8,Moratalaz,2026,5,7,4,8,V,2026-05-07 04:00:00,3,False
28,79,36,7,NO,28079036_7_8,Moratalaz,2026,5,7,4,1,V,2026-05-07 04:00:00,3,False
28,79,36,8,NO2,28079036_8_8,Moratalaz,2026,5,7,4,7,V,2026-05-07 04:00:00,3,False
28,79,36,10,PM10,28079036_10_47,Moratalaz,2026,5,7,5,5,V,2026-05-07 05:00:00,3,False
28,79,36,12,NOx,28079036_12_8,Moratalaz,2026,5,7,5,6,V,2026-05-07 05:00:00,3,False
28,79,36,7,NO,28079036_7_8,Moratalaz,2026,5,7,5,1,V,2026-05-07 05:00:00,3,False
28,79,36,8,NO2,28079036_8_8,Moratalaz,2026,5,7,5,5,V,2026-05-07 05:00:00,3,False
28,79,36,10,PM10,28079036_10_47,Moratalaz,2026,5,7,6,6,V,2026-05-07 06:00:00,3,False
28,79,36,12,NOx,28079036_12_8,Moratalaz,2026,5,7,6,15,V,2026-05-07 06:00:00,3,False
28,79,36,7,NO,28079036_7_8,Moratalaz,2026,5,7,6,0,V,2026-05-07 06:00:00,3,False
28,79,36,8,NO2,28079036_8_8,Moratalaz,2026,5,7,6,14,V,2026-05-07 06:00:00,3,False
28,79,36,10,PM10,28079036_10_47,Moratalaz,2026,5,7,7,8,V,2026-05-07 07:00:00,3,False
28,79,36,12,NOx,28079036_12_8,Moratalaz,2026,5,7,7,27,V,2026-05-07 07:00:00,3,False
28,79,36,7,NO,28079036_7_8,Moratalaz,2026,5,7,7,1,V,2026-05-07 07:00:00,3,False
28,79,36,8,NO2,28079036_8_8,Moratalaz,2026,5,7,7,26,V,2026-05-07 07:00:00,3,False
28,79,36,10,PM10,28079036_10_47,Moratalaz,2026,5,7,8,12,V,2026-05-07 08:00:00,3,False
28,79,36,12,NOx,28079036_12_8,Moratalaz,2026,5,7,8,34,V,2026-05-07 08:00:00,3,False
28,79,36,7,NO,28079036_7_8,Moratalaz,2026,5,7,8,3,V,2026-05-07 08:00:00,3,False
28,79,36,8,NO2,28079036_8_8,Moratalaz,2026,5,7,8,30,V,2026-05-07 08:00:00,3,False
28,79,36,10,PM10,28079036_10_47,Moratalaz,2026,5,7,9,15,V,2026-05-07 09:00:00,3,False
28,79,36,12,NOx,28079036_12_8,Moratalaz,2026,5,7,9,35,V,2026-05-07 09:00:00,3,False
28,79,36,7,NO,28079036_7_8,Moratalaz,2026,5,7,9,4,V,2026-05-07 09:00:00,3,False
28,79,36,8,NO2,28079036_8_8,Moratalaz,2026,5,7,9,28,V,2026-05-07 09:00:00,3,False
28,79,36,10,PM10,28079036_10_47,Moratalaz,2026,5,7,10,17,V,2026-05-07 10:00:00,3,False
28,79,36,12,NOx,28079036_12_8,Moratalaz,2026,5,7,10,20,V,2026-05-07 10:00:00,3,False
28,79,36,7,NO,28079036_7_8,Moratalaz,2026,5,7,10,2,V,2026-05-07 10:00:00,3,False
28,79,36,8,NO2,28079036_8_8,Moratalaz,2026,5,7,10,17,V,2026-05-07 10:00:00,3,False
28,79,36,10,PM10,28079036_10_47,Moratalaz,2026,5,7,11,20,V,2026-05-07 11:00:00,3,False
28,79,36,12,NOx,28079036_12_8,Moratalaz,2026,5,7,11,24,V,2026-05-07 11:00:00,3,False
28,79,36,7,NO,28079036_7_8,Moratalaz,2026,5,7,11,4,V,2026-05-07 11:00:00,3,False
28,79,36,8,NO2,28079036_8_8,Moratalaz,2026,5,7,11,18,V,2026-05-07 11:00:00,3,False
28,79,36,10,PM10,28079036_10_47,Moratalaz,2026,5,7,12,22,V,2026-05-07 12:00:00,3,False
28,79,36,12,NOx,28079036_12_8,Moratalaz,2026,5,7,12,20,V,2026-05-07 12:00:00,3,False
28,79,36,7,NO,28079036_7_8,Moratalaz,2026,5,7,12,3,V,2026-05-07 12:00:00,3,False
28,79,36,8,NO2,28079036_8_8,Moratalaz,2026,5,7,12,16,V,2026-05-07 12:00:00,3,False
28,79,36,10,PM10,28079036_10_47,Moratalaz,2026,5,7,13,0,N,2026-05-07 13:00:00,3,False
28,79,36,12,NOx,28079036_12_8,Moratalaz,2026,5,7,13,0,N,2026-05-07 13:00:00,3,False
28,79,36,7,NO,28079036_7_8,Moratalaz,2026,5,7,13,0,N,2026-05-07 13:00:00,3,False
28,79,36,8,NO2,28079036_8_8,Moratalaz,2026,5,7,13,0,N,2026-05-07 13:00:00,3,False
28,79,36,10,PM10,28079036_10_47,Moratalaz,2026,5,7,14,0,N,2026-05-07 14:00:00,3,False
28,79,36,12,NOx,28079036_12_8,Moratalaz,2026,5,7,14,0,N,2026-05-07 14:00:00,3,False
28,79,36,7,NO,28079036_7_8,Moratalaz,2026,5,7,14,0,N,2026-05-07 14:00:00,3,False
28,79,36,8,NO2,28079036_8_8,Moratalaz,2026,5,7,14,0,N,2026-05-07 14:00:00,3,False
28,79,36,10,PM10,28079036_10_47,Moratalaz,2026,5,7,15,0,N,2026-05-07 15:00:00,3,False
28,79,36,12,NOx,28079036_12_8,Moratalaz,2026,5,7,15,0,N,2026-05-07 15:00:00,3,False
28,79,36,7,NO,28079036_7_8,Moratalaz,2026,5,7,15,0,N,2026-05-07 15:00:00,3,False
28,79,36,8,NO2,28079036_8_8,Moratalaz,2026,5,7,15,0,N,2026-05-07 15:00:00,3,False
28,79,36,10,PM10,28079036_10_47,Moratalaz,2026,5,7,16,0,N,2026-05-07 16:00:00,3,False
28,79,36,12,NOx,28079036_12_8,Moratalaz,2026,5,7,16,0,N,2026-05-07 16:00:00,3,False
28,79,36,7,NO,28079036_7_8,Moratalaz,2026,5,7,16,0,N,2026-05-07 16:00:00,3,False
28,79,36,8,NO2,28079036_8_8,Moratalaz,2026,5,7,16,0,N,2026-05-07 16:00:00,3,False
28,79,36,10,PM10,28079036_10_47,Moratalaz,2026,5,7,17,0,N,2026-05-07 17:00:00,3,False
28,79,36,12,NOx,28079036_12_8,Moratalaz,2026,5,7,17,0,N,2026-05-07 17:00:00,3,False
28,79,36,7,NO,28079036_7_8,Moratalaz,2026,5,7,17,0,N,2026-05-07 17:00:00,3,False
28,79,36,8,NO2,28079036_8_8,Moratalaz,2026,5,7,17,0,N,2026-05-07 17:00:00,3,False
28,79,36,10,PM10,28079036_10_47,Moratalaz,2026,5,7,18,0,N,2026-05-07 18:00:00,3,False
28,79,36,12,NOx,28079036_12_8,Moratalaz,2026,5,7,18,0,N,2026-05-07 18:00:00,3,False
28,79,36,7,NO,28079036_7_8,Moratalaz,2026,5,7,18,0,N,2026-05-07 18:00:00,3,False
28,79,36,8,NO2,28079036_8_8,Moratalaz,2026,5,7,18,0,N,2026-05-07 18:00:00,3,False
28,79,36,10,PM10,28079036_10_47,Moratalaz,2026,5,7,19,0,N,2026-05-07 19:00:00,3,False
28,79,36,12,NOx,28079036_12_8,Moratalaz,2026,5,7,19,0,N,2026-05-07 19:00:00,3,False
28,79,36,7,NO,28079036_7_8,Moratalaz,2026,5,7,19,0,N,2026-05-07 19:00:00,3,False
28,79,36,8,NO2,28079036_8_8,Moratalaz,2026,5,7,19,0,N,2026-05-07 19:00:00,3,False
28,79,36,10,PM10,28079036_10_47,Moratalaz,2026,5,7,20,0,N,2026-05-07 20:00:00,3,False
28,79,36,12,NOx,28079036_12_8,Moratalaz,2026,5,7,20,0,N,2026-05-07 20:00:00,3,False
28,79,36,7,NO,28079036_7_8,Moratalaz,2026,5,7,20,0,N,2026-05-07 20:00:00,3,False
28,79,36,8,NO2,28079036_8_8,Moratalaz,2026,5,7,20,0,N,2026-05-07 20:00:00,3,False
28,79,36,10,PM10,28079036_10_47,Moratalaz,2026,5,7,21,0,N,2026-05-07 21:00:00,3,False
28,79,36,12,NOx,28079036_12_8,Moratalaz,2026,5,7,21,0,N,2026-05-07 21:00:00,3,False
28,79,36,7,NO,28079036_7_8,Moratalaz,2026,5,7,21,0,N,2026-05-07 21:00:00,3,False
28,79,36,8,NO2,28079036_8_8,Moratalaz,2026,5,7,21,0,N,2026-05-07 21:00:00,3,False
28,79,36,10,PM10,28079036_10_47,Moratalaz,2026,5,7,22,0,N,2026-05-07 22:00:00,3,False
28,79,36,12,NOx,28079036_12_8,Moratalaz,2026,5,7,22,0,N,2026-05-07 22:00:00,3,False
28,79,36,7,NO,28079036_7_8,Moratalaz,2026,5,7,22,0,N,2026-05-07 22:00:00,3,False
28,79,36,8,NO2,28079036_8_8,Moratalaz,2026,5,7,22,0,N,2026-05-07 22:00:00,3,False
28,79,36,10,PM10,28079036_10_47,Moratalaz,2026,5,7,23,0,N,2026-05-07 23:00:00,3,False
28,79,36,12,NOx,28079036_12_8,Moratalaz,2026,5,7,23,0,N,2026-05-07 23:00:00,3,False
28,79,36,7,NO,28079036_7_8,Moratalaz,2026,5,7,23,0,N,2026-05-07 23:00:00,3,False
28,79,36,8,NO2,28079036_8_8,Moratalaz,2026,5,7,23,0,N,2026-05-07 23:00:00,3,False
28,79,47,10,PM10,28079047_10_47,Méndez Álvaro,2026,5,7,0,20,V,2026-05-07 00:00:00,3,False
28,79,47,12,NOx,28079047_12_8,Méndez Álvaro,2026,5,7,0,68,V,2026-05-07 00:00:00,3,False
28,79,47,7,NO,28079047_7_8,Méndez Álvaro,2026,5,7,0,1,V,2026-05-07 00:00:00,3,False
28,79,47,8,NO2,28079047_8_8,Méndez Álvaro,2026,5,7,0,67,V,2026-05-07 00:00:00,3,False
28,79,47,9,PM2.5,28079047_9_47,Méndez Álvaro,2026,5,7,0,9,V,2026-05-07 00:00:00,3,False
28,79,47,10,PM10,28079047_10_47,Méndez Álvaro,2026,5,7,1,19,V,2026-05-07 01:00:00,3,False
28,79,47,12,NOx,28079047_12_8,Méndez Álvaro,2026,5,7,1,24,V,2026-05-07 01:00:00,3,False
28,79,47,7,NO,28079047_7_8,Méndez Álvaro,2026,5,7,1,0,V,2026-05-07 01:00:00,3,False
28,79,47,8,NO2,28079047_8_8,Méndez Álvaro,2026,5,7,1,23,V,2026-05-07 01:00:00,3,False
28,79,47,9,PM2.5,28079047_9_47,Méndez Álvaro,2026,5,7,1,9,V,2026-05-07 01:00:00,3,False
28,79,47,10,PM10,28079047_10_47,Méndez Álvaro,2026,5,7,2,7,V,2026-05-07 02:00:00,3,False
28,79,47,12,NOx,28079047_12_8,Méndez Álvaro,2026,5,7,2,9,V,2026-05-07 02:00:00,3,False
28,79,47,7,NO,28079047_7_8,Méndez Álvaro,2026,5,7,2,0,V,2026-05-07 02:00:00,3,False
28,79,47,8,NO2,28079047_8_8,Méndez Álvaro,2026,5,7,2,8,V,2026-05-07 02:00:00,3,False
28,79,47,9,PM2.5,28079047_9_47,Méndez Álvaro,2026,5,7,2,2,V,2026-05-07 02:00:00,3,False
28,79,47,10,PM10,28079047_10_47,Méndez Álvaro,2026,5,7,3,7,V,2026-05-07 03:00:00,3,False
28,79,47,12,NOx,28079047_12_8,Méndez Álvaro,2026,5,7,3,11,V,2026-05-07 03:00:00,3,False
28,79,47,7,NO,28079047_7_8,Méndez Álvaro,2026,5,7,3,0,V,2026-05-07 03:00:00,3,False
28,79,47,8,NO2,28079047_8_8,Méndez Álvaro,2026,5,7,3,11,V,2026-05-07 03:00:00,3,False
28,79,47,9,PM2.5,28079047_9_47,Méndez Álvaro,2026,5,7,3,4,V,2026-05-07 03:00:00,3,False
28,79,47,10,PM10,28079047_10_47,Méndez Álvaro,2026,5,7,4,7,V,2026-05-07 04:00:00,3,False
28,79,47,12,NOx,28079047_12_8,Méndez Álvaro,2026,5,7,4,8,V,2026-05-07 04:00:00,3,False
28,79,47,7,NO,28079047_7_8,Méndez Álvaro,2026,5,7,4,0,V,2026-05-07 04:00:00,3,False
28,79,47,8,NO2,28079047_8_8,Méndez Álvaro,2026,5,7,4,8,V,2026-05-07 04:00:00,3,False
28,79,47,9,PM2.5,28079047_9_47,Méndez Álvaro,2026,5,7,4,4,V,2026-05-07 04:00:00,3,False
28,79,47,10,PM10,28079047_10_47,Méndez Álvaro,2026,5,7,5,8,V,2026-05-07 05:00:00,3,False
28,79,47,12,NOx,28079047_12_8,Méndez Álvaro,2026,5,7,5,8,V,2026-05-07 05:00:00,3,False
28,79,47,7,NO,28079047_7_8,Méndez Álvaro,2026,5,7,5,0,V,2026-05-07 05:00:00,3,False
28,79,47,8,NO2,28079047_8_8,Méndez Álvaro,2026,5,7,5,7,V,2026-05-07 05:00:00,3,False
28,79,47,9,PM2.5,28079047_9_47,Méndez Álvaro,2026,5,7,5,3,V,2026-05-07 05:00:00,3,False
28,79,47,10,PM10,28079047_10_47,Méndez Álvaro,2026,5,7,6,8,V,2026-05-07 06:00:00,3,False
28,79,47,12,NOx,28079047_12_8,Méndez Álvaro,2026,5,7,6,15,V,2026-05-07 06:00:00,3,False
28,79,47,7,NO,28079047_7_8,Méndez Álvaro,2026,5,7,6,1,V,2026-05-07 06:00:00,3,False
28,79,47,8,NO2,28079047_8_8,Méndez Álvaro,2026,5,7,6,14,V,2026-05-07 06:00:00,3,False
28,79,47,9,PM2.5,28079047_9_47,Méndez Álvaro,2026,5,7,6,4,V,2026-05-07 06:00:00,3,False
28,79,47,10,PM10,28079047_10_47,Méndez Álvaro,2026,5,7,7,12,V,2026-05-07 07:00:00,3,False
28,79,47,12,NOx,28079047_12_8,Méndez Álvaro,2026,5,7,7,36,V,2026-05-07 07:00:00,3,False
28,79,47,7,NO,28079047_7_8,Méndez Álvaro,2026,5,7,7,2,V,2026-05-07 07:00:00,3,False
28,79,47,8,NO2,28079047_8_8,Méndez Álvaro,2026,5,7,7,33,V,2026-05-07 07:00:00,3,False
28,79,47,9,PM2.5,28079047_9_47,Méndez Álvaro,2026,5,7,7,7,V,2026-05-07 07:00:00,3,False
28,79,47,10,PM10,28079047_10_47,Méndez Álvaro,2026,5,7,8,18,V,2026-05-07 08:00:00,3,False
28,79,47,12,NOx,28079047_12_8,Méndez Álvaro,2026,5,7,8,50,V,2026-05-07 08:00:00,3,False
28,79,47,7,NO,28079047_7_8,Méndez Álvaro,2026,5,7,8,4,V,2026-05-07 08:00:00,3,False
28,79,47,8,NO2,28079047_8_8,Méndez Álvaro,2026,5,7,8,43,V,2026-05-07 08:00:00,3,False
28,79,47,9,PM2.5,28079047_9_47,Méndez Álvaro,2026,5,7,8,9,V,2026-05-07 08:00:00,3,False
28,79,47,10,PM10,28079047_10_47,Méndez Álvaro,2026,5,7,9,19,V,2026-05-07 09:00:00,3,False
28,79,47,12,NOx,28079047_12_8,Méndez Álvaro,2026,5,7,9,33,V,2026-05-07 09:00:00,3,False
28,79,47,7,NO,28079047_7_8,Méndez Álvaro,2026,5,7,9,3,V,2026-05-07 09:00:00,3,False
28,79,47,8,NO2,28079047_8_8,Méndez Álvaro,2026,5,7,9,29,V,2026-05-07 09:00:00,3,False
28,79,47,9,PM2.5,28079047_9_47,Méndez Álvaro,2026,5,7,9,9,V,2026-05-07 09:00:00,3,False
28,79,47,10,PM10,28079047_10_47,Méndez Álvaro,2026,5,7,10,16,V,2026-05-07 10:00:00,3,False
28,79,47,12,NOx,28079047_12_8,Méndez Álvaro,2026,5,7,10,18,V,2026-05-07 10:00:00,3,False
28,79,47,7,NO,28079047_7_8,Méndez Álvaro,2026,5,7,10,3,V,2026-05-07 10:00:00,3,False
28,79,47,8,NO2,28079047_8_8,Méndez Álvaro,2026,5,7,10,14,V,2026-05-07 10:00:00,3,False
28,79,47,9,PM2.5,28079047_9_47,Méndez Álvaro,2026,5,7,10,7,V,2026-05-07 10:00:00,3,False
28,79,47,10,PM10,28079047_10_47,Méndez Álvaro,2026,5,7,11,16,V,2026-05-07 11:00:00,3,False
28,79,47,12,NOx,28079047_12_8,Méndez Álvaro,2026,5,7,11,18,V,2026-05-07 11:00:00,3,False
28,79,47,7,NO,28079047_7_8,Méndez Álvaro,2026,5,7,11,3,V,2026-05-07 11:00:00,3,False
28,79,47,8,NO2,28079047_8_8,Méndez Álvaro,2026,5,7,11,14,V,2026-05-07 11:00:00,3,False
28,79,47,9,PM2.5,28079047_9_47,Méndez Álvaro,2026,5,7,11,8,V,2026-05-07 11:00:00,3,False
28,79,47,10,PM10,28079047_10_47,Méndez Álvaro,2026,5,7,12,17,V,2026-05-07 12:00:00,3,False
28,79,47,12,NOx,28079047_12_8,Méndez Álvaro,2026,5,7,12,13,V,2026-05-07 12:00:00,3,False
28,79,47,7,NO,28079047_7_8,Méndez Álvaro,2026,5,7,12,2,V,2026-05-07 12:00:00,3,False
28,79,47,8,NO2,28079047_8_8,Méndez Álvaro,2026,5,7,12,10,V,2026-05-07 12:00:00,3,False
28,79,47,9,PM2.5,28079047_9_47,Méndez Álvaro,2026,5,7,12,6,V,2026-05-07 12:00:00,3,False
28,79,47,10,PM10,28079047_10_47,Méndez Álvaro,2026,5,7,13,0,N,2026-05-07 13:00:00,3,False
28,79,47,12,NOx,28079047_12_8,Méndez Álvaro,2026,5,7,13,0,N,2026-05-07 13:00:00,3,False
28,79,47,7,NO,28079047_7_8,Méndez Álvaro,2026,5,7,13,0,N,2026-05-07 13:00:00,3,False
28,79,47,8,NO2,28079047_8_8,Méndez Álvaro,2026,5,7,13,0,N,2026-05-07 13:00:00,3,False
28,79,47,9,PM2.5,28079047_9_47,Méndez Álvaro,2026,5,7,13,0,N,2026-05-07 13:00:00,3,False
28,79,47,10,PM10,28079047_10_47,Méndez Álvaro,2026,5,7,14,0,N,2026-05-07 14:00:00,3,False
28,79,47,12,NOx,28079047_12_8,Méndez Álvaro,2026,5,7,14,0,N,2026-05-07 14:00:00,3,False
28,79,47,7,NO,28079047_7_8,Méndez Álvaro,2026,5,7,14,0,N,2026-05-07 14:00:00,3,False
28,79,47,8,NO2,28079047_8_8,Méndez Álvaro,2026,5,7,14,0,N,2026-05-07 14:00:00,3,False
28,79,47,9,PM2.5,28079047_9_47,Méndez Álvaro,2026,5,7,14,0,N,2026-05-07 14:00:00,3,False
28,79,47,10,PM10,28079047_10_47,Méndez Álvaro,2026,5,7,15,0,N,2026-05-07 15:00:00,3,False
28,79,47,12,NOx,28079047_12_8,Méndez Álvaro,2026,5,7,15,0,N,2026-05-07 15:00:00,3,False
28,79,47,7,NO,28079047_7_8,Méndez Álvaro,2026,5,7,15,0,N,2026-05-07 15:00:00,3,False
28,79,47,8,NO2,28079047_8_8,Méndez Álvaro,2026,5,7,15,0,N,2026-05-07 15:00:00,3,False
28,79,47,9,PM2.5,28079047_9_47,Méndez Álvaro,2026,5,7,15,0,N,2026-05-07 15:00:00,3,False
28,79,47,10,PM10,28079047_10_47,Méndez Álvaro,2026,5,7,16,0,N,2026-05-07 16:00:00,3,False
28,79,47,12,NOx,28079047_12_8,Méndez Álvaro,2026,5,7,16,0,N,2026-05-07 16:00:00,3,False
28,79,47,7,NO,28079047_7_8,Méndez Álvaro,2026,5,7,16,0,N,2026-05-07 16:00:00,3,False
28,79,47,8,NO2,28079047_8_8,Méndez Álvaro,2026,5,7,16,0,N,2026-05-07 16:00:00,3,False
28,79,47,9,PM2.5,28079047_9_47,Méndez Álvaro,2026,5,7,16,0,N,2026-05-07 16:00:00,3,False
28,79,47,10,PM10,28079047_10_47,Méndez Álvaro,2026,5,7,17,0,N,2026-05-07 17:00:00,3,False
28,79,47,12,NOx,28079047_12_8,Méndez Álvaro,2026,5,7,17,0,N,2026-05-07 17:00:00,3,False
28,79,47,7,NO,28079047_7_8,Méndez Álvaro,2026,5,7,17,0,N,2026-05-07 17:00:00,3,False
28,79,47,8,NO2,28079047_8_8,Méndez Álvaro,2026,5,7,17,0,N,2026-05-07 17:00:00,3,False
28,79,47,9,PM2.5,28079047_9_47,Méndez Álvaro,2026,5,7,17,0,N,2026-05-07 17:00:00,3,False
28,79,47,10,PM10,28079047_10_47,Méndez Álvaro,2026,5,7,18,0,N,2026-05-07 18:00:00,3,False
28,79,47,12,NOx,28079047_12_8,Méndez Álvaro,2026,5,7,18,0,N,2026-05-07 18:00:00,3,False
28,79,47,7,NO,28079047_7_8,Méndez Álvaro,2026,5,7,18,0,N,2026-05-07 18:00:00,3,False
28,79,47,8,NO2,28079047_8_8,Méndez Álvaro,2026,5,7,18,0,N,2026-05-07 18:00:00,3,False
28,79,47,9,PM2.5,28079047_9_47,Méndez Álvaro,2026,5,7,18,0,N,2026-05-07 18:00:00,3,False
28,79,47,10,PM10,28079047_10_47,Méndez Álvaro,2026,5,7,19,0,N,2026-05-07 19:00:00,3,False
28,79,47,12,NOx,28079047_12_8,Méndez Álvaro,2026,5,7,19,0,N,2026-05-07 19:00:00,3,False
28,79,47,7,NO,28079047_7_8,Méndez Álvaro,2026,5,7,19,0,N,2026-05-07 19:00:00,3,False
28,79,47,8,NO2,28079047_8_8,Méndez Álvaro,2026,5,7,19,0,N,2026-05-07 19:00:00,3,False
28,79,47,9,PM2.5,28079047_9_47,Méndez Álvaro,2026,5,7,19,0,N,2026-05-07 19:00:00,3,False
28,79,47,10,PM10,28079047_10_47,Méndez Álvaro,2026,5,7,20,0,N,2026-05-07 20:00:00,3,False
28,79,47,12,NOx,28079047_12_8,Méndez Álvaro,2026,5,7,20,0,N,2026-05-07 20:00:00,3,False
28,79,47,7,NO,28079047_7_8,Méndez Álvaro,2026,5,7,20,0,N,2026-05-07 20:00:00,3,False
28,79,47,8,NO2,28079047_8_8,Méndez Álvaro,2026,5,7,20,0,N,2026-05-07 20:00:00,3,False
28,79,47,9,PM2.5,28079047_9_47,Méndez Álvaro,2026,5,7,20,0,N,2026-05-07 20:00:00,3,False
28,79,47,10,PM10,28079047_10_47,Méndez Álvaro,2026,5,7,21,0,N,2026-05-07 21:00:00,3,False
28,79,47,12,NOx,28079047_12_8,Méndez Álvaro,2026,5,7,21,0,N,2026-05-07 21:00:00,3,False
28,79,47,7,NO,28079047_7_8,Méndez Álvaro,2026,5,7,21,0,N,2026-05-07 21:00:00,3,False
28,79,47,8,NO2,28079047_8_8,Méndez Álvaro,2026,5,7,21,0,N,2026-05-07 21:00:00,3,False
28,79,47,9,PM2.5,28079047_9_47,Méndez Álvaro,2026,5,7,21,0,N,2026-05-07 21:00:00,3,False
28,79,47,10,PM10,28079047_10_47,Méndez Álvaro,2026,5,7,22,0,N,2026-05-07 22:00:00,3,False
28,79,47,12,NOx,28079047_12_8,Méndez Álvaro,2026,5,7,22,0,N,2026-05-07 22:00:00,3,False
28,79,47,7,NO,28079047_7_8,Méndez Álvaro,2026,5,7,22,0,N,2026-05-07 22:00:00,3,False
28,79,47,8,NO2,28079047_8_8,Méndez Álvaro,2026,5,7,22,0,N,2026-05-07 22:00:00,3,False
28,79,47,9,PM2.5,28079047_9_47,Méndez Álvaro,2026,5,7,22,0,N,2026-05-07 22:00:00,3,False
28,79,47,10,PM10,28079047_10_47,Méndez Álvaro,2026,5,7,23,0,N,2026-05-07 23:00:00,3,False
28,79,47,12,NOx,28079047_12_8,Méndez Álvaro,2026,5,7,23,0,N,2026-05-07 23:00:00,3,False
28,79,47,7,NO,28079047_7_8,Méndez Álvaro,2026,5,7,23,0,N,2026-05-07 23:00:00,3,False
28,79,47,8,NO2,28079047_8_8,Méndez Álvaro,2026,5,7,23,0,N,2026-05-07 23:00:00,3,False
28,79,47,9,PM2.5,28079047_9_47,Méndez Álvaro,2026,5,7,23,0,N,2026-05-07 23:00:00,3,False
28,79,49,12,NOx,28079049_12_8,Parque del Retiro,2026,5,7,0,43,V,2026-05-07 00:00:00,3,False
28,79,49,14,O3,28079049_14_6,Parque del Retiro,2026,5,7,0,43,V,2026-05-07 00:00:00,3,False
28,79,49,7,NO,28079049_7_8,Parque del Retiro,2026,5,7,0,0,V,2026-05-07 00:00:00,3,False
28,79,49,8,NO2,28079049_8_8,Parque del Retiro,2026,5,7,0,42,V,2026-05-07 00:00:00,3,False
28,79,49,12,NOx,28079049_12_8,Parque del Retiro,2026,5,7,1,15,V,2026-05-07 01:00:00,3,False
28,79,49,14,O3,28079049_14_6,Parque del Retiro,2026,5,7,1,76,V,2026-05-07 01:00:00,3,False
28,79,49,7,NO,28079049_7_8,Parque del Retiro,2026,5,7,1,0,V,2026-05-07 01:00:00,3,False
28,79,49,8,NO2,28079049_8_8,Parque del Retiro,2026,5,7,1,15,V,2026-05-07 01:00:00,3,False
28,79,49,12,NOx,28079049_12_8,Parque del Retiro,2026,5,7,2,7,V,2026-05-07 02:00:00,3,False
28,79,49,14,O3,28079049_14_6,Parque del Retiro,2026,5,7,2,70,V,2026-05-07 02:00:00,3,False
28,79,49,7,NO,28079049_7_8,Parque del Retiro,2026,5,7,2,0,V,2026-05-07 02:00:00,3,False
28,79,49,8,NO2,28079049_8_8,Parque del Retiro,2026,5,7,2,7,V,2026-05-07 02:00:00,3,False
28,79,49,12,NOx,28079049_12_8,Parque del Retiro,2026,5,7,3,11,V,2026-05-07 03:00:00,3,False
28,79,49,14,O3,28079049_14_6,Parque del Retiro,2026,5,7,3,61,V,2026-05-07 03:00:00,3,False
28,79,49,7,NO,28079049_7_8,Parque del Retiro,2026,5,7,3,0,V,2026-05-07 03:00:00,3,False
28,79,49,8,NO2,28079049_8_8,Parque del Retiro,2026,5,7,3,11,V,2026-05-07 03:00:00,3,False
28,79,49,12,NOx,28079049_12_8,Parque del Retiro,2026,5,7,4,7,V,2026-05-07 04:00:00,3,False
28,79,49,14,O3,28079049_14_6,Parque del Retiro,2026,5,7,4,66,V,2026-05-07 04:00:00,3,False
28,79,49,7,NO,28079049_7_8,Parque del Retiro,2026,5,7,4,0,V,2026-05-07 04:00:00,3,False
28,79,49,8,NO2,28079049_8_8,Parque del Retiro,2026,5,7,4,6,V,2026-05-07 04:00:00,3,False
28,79,49,12,NOx,28079049_12_8,Parque del Retiro,2026,5,7,5,6,V,2026-05-07 05:00:00,3,False
28,79,49,14,O3,28079049_14_6,Parque del Retiro,2026,5,7,5,71,V,2026-05-07 05:00:00,3,False
28,79,49,7,NO,28079049_7_8,Parque del Retiro,2026,5,7,5,0,V,2026-05-07 05:00:00,3,False
28,79,49,8,NO2,28079049_8_8,Parque del Retiro,2026,5,7,5,6,V,2026-05-07 05:00:00,3,False
28,79,49,12,NOx,28079049_12_8,Parque del Retiro,2026,5,7,6,10,V,2026-05-07 06:00:00,3,False
28,79,49,14,O3,28079049_14_6,Parque del Retiro,2026,5,7,6,66,V,2026-05-07 06:00:00,3,False
28,79,49,7,NO,28079049_7_8,Parque del Retiro,2026,5,7,6,0,V,2026-05-07 06:00:00,3,False
28,79,49,8,NO2,28079049_8_8,Parque del Retiro,2026,5,7,6,10,V,2026-05-07 06:00:00,3,False
28,79,49,12,NOx,28079049_12_8,Parque del Retiro,2026,5,7,7,24,V,2026-05-07 07:00:00,3,False
28,79,49,14,O3,28079049_14_6,Parque del Retiro,2026,5,7,7,53,V,2026-05-07 07:00:00,3,False
28,79,49,7,NO,28079049_7_8,Parque del Retiro,2026,5,7,7,0,V,2026-05-07 07:00:00,3,False
28,79,49,8,NO2,28079049_8_8,Parque del Retiro,2026,5,7,7,23,V,2026-05-07 07:00:00,3,False
28,79,49,12,NOx,28079049_12_8,Parque del Retiro,2026,5,7,8,36,V,2026-05-07 08:00:00,3,False
28,79,49,14,O3,28079049_14_6,Parque del Retiro,2026,5,7,8,47,V,2026-05-07 08:00:00,3,False
28,79,49,7,NO,28079049_7_8,Parque del Retiro,2026,5,7,8,1,V,2026-05-07 08:00:00,3,False
28,79,49,8,NO2,28079049_8_8,Parque del Retiro,2026,5,7,8,35,V,2026-05-07 08:00:00,3,False
28,79,49,12,NOx,28079049_12_8,Parque del Retiro,2026,5,7,9,27,V,2026-05-07 09:00:00,3,False
28,79,49,14,O3,28079049_14_6,Parque del Retiro,2026,5,7,9,59,V,2026-05-07 09:00:00,3,False
28,79,49,7,NO,28079049_7_8,Parque del Retiro,2026,5,7,9,1,V,2026-05-07 09:00:00,3,False
28,79,49,8,NO2,28079049_8_8,Parque del Retiro,2026,5,7,9,26,V,2026-05-07 09:00:00,3,False
28,79,49,12,NOx,28079049_12_8,Parque del Retiro,2026,5,7,10,11,V,2026-05-07 10:00:00,3,False
28,79,49,14,O3,28079049_14_6,Parque del Retiro,2026,5,7,10,79,V,2026-05-07 10:00:00,3,False
28,79,49,7,NO,28079049_7_8,Parque del Retiro,2026,5,7,10,1,V,2026-05-07 10:00:00,3,False
28,79,49,8,NO2,28079049_8_8,Parque del Retiro,2026,5,7,10,10,V,2026-05-07 10:00:00,3,False
28,79,49,12,NOx,28079049_12_8,Parque del Retiro,2026,5,7,11,12,V,2026-05-07 11:00:00,3,False
28,79,49,14,O3,28079049_14_6,Parque del Retiro,2026,5,7,11,79,V,2026-05-07 11:00:00,3,False
28,79,49,7,NO,28079049_7_8,Parque del Retiro,2026,5,7,11,1,V,2026-05-07 11:00:00,3,False
28,79,49,8,NO2,28079049_8_8,Parque del Retiro,2026,5,7,11,11,V,2026-05-07 11:00:00,3,False
28,79,49,12,NOx,28079049_12_8,Parque del Retiro,2026,5,7,12,13,V,2026-05-07 12:00:00,3,False
28,79,49,14,O3,28079049_14_6,Parque del Retiro,2026,5,7,12,83,V,2026-05-07 12:00:00,3,False
28,79,49,7,NO,28079049_7_8,Parque del Retiro,2026,5,7,12,1,V,2026-05-07 12:00:00,3,False
28,79,49,8,NO2,28079049_8_8,Parque del Retiro,2026,5,7,12,12,V,2026-05-07 12:00:00,3,False
28,79,49,12,NOx,28079049_12_8,Parque del Retiro,2026,5,7,13,0,N,2026-05-07 13:00:00,3,False
28,79,49,14,O3,28079049_14_6,Parque del Retiro,2026,5,7,13,0,N,2026-05-07 13:00:00,3,False
28,79,49,7,NO,28079049_7_8,Parque del Retiro,2026,5,7,13,0,N,2026-05-07 13:00:00,3,False
28,79,49,8,NO2,28079049_8_8,Parque del Retiro,2026,5,7,13,0,N,2026-05-07 13:00:00,3,False
28,79,49,12,NOx,28079049_12_8,Parque del Retiro,2026,5,7,14,0,N,2026-05-07 14:00:00,3,False
28,79,49,14,O3,28079049_14_6,Parque del Retiro,2026,5,7,14,0,N,2026-05-07 14:00:00,3,False
28,79,49,7,NO,28079049_7_8,Parque del Retiro,2026,5,7,14,0,N,2026-05-07 14:00:00,3,False
28,79,49,8,NO2,28079049_8_8,Parque del Retiro,2026,5,7,14,0,N,2026-05-07 14:00:00,3,False
28,79,49,12,NOx,28079049_12_8,Parque del Retiro,2026,5,7,15,0,N,2026-05-07 15:00:00,3,False
28,79,49,14,O3,28079049_14_6,Parque del Retiro,2026,5,7,15,0,N,2026-05-07 15:00:00,3,False
28,79,49,7,NO,28079049_7_8,Parque del Retiro,2026,5,7,15,0,N,2026-05-07 15:00:00,3,False
28,79,49,8,NO2,28079049_8_8,Parque del Retiro,2026,5,7,15,0,N,2026-05-07 15:00:00,3,False
28,79,49,12,NOx,28079049_12_8,Parque del Retiro,2026,5,7,16,0,N,2026-05-07 16:00:00,3,False
28,79,49,14,O3,28079049_14_6,Parque del Retiro,2026,5,7,16,0,N,2026-05-07 16:00:00,3,False
28,79,49,7,NO,28079049_7_8,Parque del Retiro,2026,5,7,16,0,N,2026-05-07 16:00:00,3,False
28,79,49,8,NO2,28079049_8_8,Parque del Retiro,2026,5,7,16,0,N,2026-05-07 16:00:00,3,False
28,79,49,12,NOx,28079049_12_8,Parque del Retiro,2026,5,7,17,0,N,2026-05-07 17:00:00,3,False
28,79,49,14,O3,28079049_14_6,Parque del Retiro,2026,5,7,17,0,N,2026-05-07 17:00:00,3,False
28,79,49,7,NO,28079049_7_8,Parque del Retiro,2026,5,7,17,0,N,2026-05-07 17:00:00,3,False
28,79,49,8,NO2,28079049_8_8,Parque del Retiro,2026,5,7,17,0,N,2026-05-07 17:00:00,3,False
28,79,49,12,NOx,28079049_12_8,Parque del Retiro,2026,5,7,18,0,N,2026-05-07 18:00:00,3,False
28,79,49,14,O3,28079049_14_6,Parque del Retiro,2026,5,7,18,0,N,2026-05-07 18:00:00,3,False
28,79,49,7,NO,28079049_7_8,Parque del Retiro,2026,5,7,18,0,N,2026-05-07 18:00:00,3,False
28,79,49,8,NO2,28079049_8_8,Parque del Retiro,2026,5,7,18,0,N,2026-05-07 18:00:00,3,False
28,79,49,12,NOx,28079049_12_8,Parque del Retiro,2026,5,7,19,0,N,2026-05-07 19:00:00,3,False
28,79,49,14,O3,28079049_14_6,Parque del Retiro,2026,5,7,19,0,N,2026-05-07 19:00:00,3,False
28,79,49,7,NO,28079049_7_8,Parque del Retiro,2026,5,7,19,0,N,2026-05-07 19:00:00,3,False
28,79,49,8,NO2,28079049_8_8,Parque del Retiro,2026,5,7,19,0,N,2026-05-07 19:00:00,3,False
28,79,49,12,NOx,28079049_12_8,Parque del Retiro,2026,5,7,20,0,N,2026-05-07 20:00:00,3,False
28,79,49,14,O3,28079049_14_6,Parque del Retiro,2026,5,7,20,0,N,2026-05-07 20:00:00,3,False
28,79,49,7,NO,28079049_7_8,Parque del Retiro,2026,5,7,20,0,N,2026-05-07 20:00:00,3,False
28,79,49,8,NO2,28079049_8_8,Parque del Retiro,2026,5,7,20,0,N,2026-05-07 20:00:00,3,False
28,79,49,12,NOx,28079049_12_8,Parque del Retiro,2026,5,7,21,0,N,2026-05-07 21:00:00,3,False
28,79,49,14,O3,28079049_14_6,Parque del Retiro,2026,5,7,21,0,N,2026-05-07 21:00:00,3,False
28,79,49,7,NO,28079049_7_8,Parque del Retiro,2026,5,7,21,0,N,2026-05-07 21:00:00,3,False
28,79,49,8,NO2,28079049_8_8,Parque del Retiro,2026,5,7,21,0,N,2026-05-07 21:00:00,3,False
28,79,49,12,NOx,28079049_12_8,Parque del Retiro,2026,5,7,22,0,N,2026-05-07 22:00:00,3,False
28,79,49,14,O3,28079049_14_6,Parque del Retiro,2026,5,7,22,0,N,2026-05-07 22:00:00,3,False
28,79,49,7,NO,28079049_7_8,Parque del Retiro,2026,5,7,22,0,N,2026-05-07 22:00:00,3,False
28,79,49,8,NO2,28079049_8_8,Parque del Retiro,2026,5,7,22,0,N,2026-05-07 22:00:00,3,False
28,79,49,12,NOx,28079049_12_8,Parque del Retiro,2026,5,7,23,0,N,2026-05-07 23:00:00,3,False
28,79,49,14,O3,28079049_14_6,Parque del Retiro,2026,5,7,23,0,N,2026-05-07 23:00:00,3,False
28,79,49,7,NO,28079049_7_8,Parque del Retiro,2026,5,7,23,0,N,2026-05-07 23:00:00,3,False
28,79,49,8,NO2,28079049_8_8,Parque del Retiro,2026,5,7,23,0,N,2026-05-07 23:00:00,3,False
28,79,50,10,PM10,28079050_10_47,Plaza Castilla,2026,5,7,0,23,V,2026-05-07 00:00:00,3,False
28,79,50,12,NOx,28079050_12_8,Plaza Castilla,2026,5,7,0,34,V,2026-05-07 00:00:00,3,False
28,79,50,7,NO,28079050_7_8,Plaza Castilla,2026,5,7,0,0,V,2026-05-07 00:00:00,3,False
28,79,50,8,NO2,28079050_8_8,Plaza Castilla,2026,5,7,0,34,V,2026-05-07 00:00:00,3,False
28,79,50,9,PM2.5,28079050_9_47,Plaza Castilla,2026,5,7,0,10,V,2026-05-07 00:00:00,3,False
28,79,50,10,PM10,28079050_10_47,Plaza Castilla,2026,5,7,1,8,V,2026-05-07 01:00:00,3,False
28,79,50,12,NOx,28079050_12_8,Plaza Castilla,2026,5,7,1,12,V,2026-05-07 01:00:00,3,False
28,79,50,7,NO,28079050_7_8,Plaza Castilla,2026,5,7,1,0,V,2026-05-07 01:00:00,3,False
28,79,50,8,NO2,28079050_8_8,Plaza Castilla,2026,5,7,1,12,V,2026-05-07 01:00:00,3,False
28,79,50,9,PM2.5,28079050_9_47,Plaza Castilla,2026,5,7,1,2,V,2026-05-07 01:00:00,3,False
28,79,50,10,PM10,28079050_10_47,Plaza Castilla,2026,5,7,2,6,V,2026-05-07 02:00:00,3,False
28,79,50,12,NOx,28079050_12_8,Plaza Castilla,2026,5,7,2,5,V,2026-05-07 02:00:00,3,False
28,79,50,7,NO,28079050_7_8,Plaza Castilla,2026,5,7,2,0,V,2026-05-07 02:00:00,3,False
28,79,50,8,NO2,28079050_8_8,Plaza Castilla,2026,5,7,2,5,V,2026-05-07 02:00:00,3,False
28,79,50,9,PM2.5,28079050_9_47,Plaza Castilla,2026,5,7,2,3,V,2026-05-07 02:00:00,3,False
28,79,50,10,PM10,28079050_10_47,Plaza Castilla,2026,5,7,3,6,V,2026-05-07 03:00:00,3,False
28,79,50,12,NOx,28079050_12_8,Plaza Castilla,2026,5,7,3,6,V,2026-05-07 03:00:00,3,False
28,79,50,7,NO,28079050_7_8,Plaza Castilla,2026,5,7,3,0,V,2026-05-07 03:00:00,3,False
28,79,50,8,NO2,28079050_8_8,Plaza Castilla,2026,5,7,3,6,V,2026-05-07 03:00:00,3,False
28,79,50,9,PM2.5,28079050_9_47,Plaza Castilla,2026,5,7,3,4,V,2026-05-07 03:00:00,3,False
28,79,50,10,PM10,28079050_10_47,Plaza Castilla,2026,5,7,4,6,V,2026-05-07 04:00:00,3,False
28,79,50,12,NOx,28079050_12_8,Plaza Castilla,2026,5,7,4,6,V,2026-05-07 04:00:00,3,False
28,79,50,7,NO,28079050_7_8,Plaza Castilla,2026,5,7,4,0,V,2026-05-07 04:00:00,3,False
28,79,50,8,NO2,28079050_8_8,Plaza Castilla,2026,5,7,4,6,V,2026-05-07 04:00:00,3,False
28,79,50,9,PM2.5,28079050_9_47,Plaza Castilla,2026,5,7,4,3,V,2026-05-07 04:00:00,3,False
28,79,50,10,PM10,28079050_10_47,Plaza Castilla,2026,5,7,5,5,V,2026-05-07 05:00:00,3,False
28,79,50,12,NOx,28079050_12_8,Plaza Castilla,2026,5,7,5,6,V,2026-05-07 05:00:00,3,False
28,79,50,7,NO,28079050_7_8,Plaza Castilla,2026,5,7,5,0,V,2026-05-07 05:00:00,3,False
28,79,50,8,NO2,28079050_8_8,Plaza Castilla,2026,5,7,5,6,V,2026-05-07 05:00:00,3,False
28,79,50,9,PM2.5,28079050_9_47,Plaza Castilla,2026,5,7,5,3,V,2026-05-07 05:00:00,3,False
28,79,50,10,PM10,28079050_10_47,Plaza Castilla,2026,5,7,6,6,V,2026-05-07 06:00:00,3,False
28,79,50,12,NOx,28079050_12_8,Plaza Castilla,2026,5,7,6,13,V,2026-05-07 06:00:00,3,False
28,79,50,7,NO,28079050_7_8,Plaza Castilla,2026,5,7,6,0,V,2026-05-07 06:00:00,3,False
28,79,50,8,NO2,28079050_8_8,Plaza Castilla,2026,5,7,6,13,V,2026-05-07 06:00:00,3,False
28,79,50,9,PM2.5,28079050_9_47,Plaza Castilla,2026,5,7,6,3,V,2026-05-07 06:00:00,3,False
28,79,50,10,PM10,28079050_10_47,Plaza Castilla,2026,5,7,7,11,V,2026-05-07 07:00:00,3,False
28,79,50,12,NOx,28079050_12_8,Plaza Castilla,2026,5,7,7,24,V,2026-05-07 07:00:00,3,False
28,79,50,7,NO,28079050_7_8,Plaza Castilla,2026,5,7,7,0,V,2026-05-07 07:00:00,3,False
28,79,50,8,NO2,28079050_8_8,Plaza Castilla,2026,5,7,7,23,V,2026-05-07 07:00:00,3,False
28,79,50,9,PM2.5,28079050_9_47,Plaza Castilla,2026,5,7,7,5,V,2026-05-07 07:00:00,3,False
28,79,50,10,PM10,28079050_10_47,Plaza Castilla,2026,5,7,8,14,V,2026-05-07 08:00:00,3,False
28,79,50,12,NOx,28079050_12_8,Plaza Castilla,2026,5,7,8,27,V,2026-05-07 08:00:00,3,False
28,79,50,7,NO,28079050_7_8,Plaza Castilla,2026,5,7,8,1,V,2026-05-07 08:00:00,3,False
28,79,50,8,NO2,28079050_8_8,Plaza Castilla,2026,5,7,8,25,V,2026-05-07 08:00:00,3,False
28,79,50,9,PM2.5,28079050_9_47,Plaza Castilla,2026,5,7,8,6,V,2026-05-07 08:00:00,3,False
28,79,50,10,PM10,28079050_10_47,Plaza Castilla,2026,5,7,9,18,V,2026-05-07 09:00:00,3,False
28,79,50,12,NOx,28079050_12_8,Plaza Castilla,2026,5,7,9,27,V,2026-05-07 09:00:00,3,False
28,79,50,7,NO,28079050_7_8,Plaza Castilla,2026,5,7,9,2,V,2026-05-07 09:00:00,3,False
28,79,50,8,NO2,28079050_8_8,Plaza Castilla,2026,5,7,9,24,V,2026-05-07 09:00:00,3,False
28,79,50,9,PM2.5,28079050_9_47,Plaza Castilla,2026,5,7,9,7,V,2026-05-07 09:00:00,3,False
28,79,50,10,PM10,28079050_10_47,Plaza Castilla,2026,5,7,10,18,V,2026-05-07 10:00:00,3,False
28,79,50,12,NOx,28079050_12_8,Plaza Castilla,2026,5,7,10,16,V,2026-05-07 10:00:00,3,False
28,79,50,7,NO,28079050_7_8,Plaza Castilla,2026,5,7,10,1,V,2026-05-07 10:00:00,3,False
28,79,50,8,NO2,28079050_8_8,Plaza Castilla,2026,5,7,10,14,V,2026-05-07 10:00:00,3,False
28,79,50,9,PM2.5,28079050_9_47,Plaza Castilla,2026,5,7,10,6,V,2026-05-07 10:00:00,3,False
28,79,50,10,PM10,28079050_10_47,Plaza Castilla,2026,5,7,11,8,V,2026-05-07 11:00:00,3,False
28,79,50,12,NOx,28079050_12_8,Plaza Castilla,2026,5,7,11,12,V,2026-05-07 11:00:00,3,False
28,79,50,7,NO,28079050_7_8,Plaza Castilla,2026,5,7,11,1,V,2026-05-07 11:00:00,3,False
28,79,50,8,NO2,28079050_8_8,Plaza Castilla,2026,5,7,11,10,V,2026-05-07 11:00:00,3,False
28,79,50,9,PM2.5,28079050_9_47,Plaza Castilla,2026,5,7,11,3,V,2026-05-07 11:00:00,3,False
28,79,50,10,PM10,28079050_10_47,Plaza Castilla,2026,5,7,12,5,V,2026-05-07 12:00:00,3,False
28,79,50,12,NOx,28079050_12_8,Plaza Castilla,2026,5,7,12,15,V,2026-05-07 12:00:00,3,False
28,79,50,7,NO,28079050_7_8,Plaza Castilla,2026,5,7,12,2,V,2026-05-07 12:00:00,3,False
28,79,50,8,NO2,28079050_8_8,Plaza Castilla,2026,5,7,12,12,V,2026-05-07 12:00:00,3,False
28,79,50,9,PM2.5,28079050_9_47,Plaza Castilla,2026,5,7,12,3,V,2026-05-07 12:00:00,3,False
28,79,50,10,PM10,28079050_10_47,Plaza Castilla,2026,5,7,13,0,N,2026-05-07 13:00:00,3,False
28,79,50,12,NOx,28079050_12_8,Plaza Castilla,2026,5,7,13,0,N,2026-05-07 13:00:00,3,False
28,79,50,7,NO,28079050_7_8,Plaza Castilla,2026,5,7,13,0,N,2026-05-07 13:00:00,3,False
28,79,50,8,NO2,28079050_8_8,Plaza Castilla,2026,5,7,13,0,N,2026-05-07 13:00:00,3,False
28,79,50,9,PM2.5,28079050_9_47,Plaza Castilla,2026,5,7,13,0,N,2026-05-07 13:00:00,3,False
28,79,50,10,PM10,28079050_10_47,Plaza Castilla,2026,5,7,14,0,N,2026-05-07 14:00:00,3,False
28,79,50,12,NOx,28079050_12_8,Plaza Castilla,2026,5,7,14,0,N,2026-05-07 14:00:00,3,False
28,79,50,7,NO,28079050_7_8,Plaza Castilla,2026,5,7,14,0,N,2026-05-07 14:00:00,3,False
28,79,50,8,NO2,28079050_8_8,Plaza Castilla,2026,5,7,14,0,N,2026-05-07 14:00:00,3,False
28,79,50,9,PM2.5,28079050_9_47,Plaza Castilla,2026,5,7,14,0,N,2026-05-07 14:00:00,3,False
28,79,50,10,PM10,28079050_10_47,Plaza Castilla,2026,5,7,15,0,N,2026-05-07 15:00:00,3,False
28,79,50,12,NOx,28079050_12_8,Plaza Castilla,2026,5,7,15,0,N,2026-05-07 15:00:00,3,False
28,79,50,7,NO,28079050_7_8,Plaza Castilla,2026,5,7,15,0,N,2026-05-07 15:00:00,3,False
28,79,50,8,NO2,28079050_8_8,Plaza Castilla,2026,5,7,15,0,N,2026-05-07 15:00:00,3,False
28,79,50,9,PM2.5,28079050_9_47,Plaza Castilla,2026,5,7,15,0,N,2026-05-07 15:00:00,3,False
28,79,50,10,PM10,28079050_10_47,Plaza Castilla,2026,5,7,16,0,N,2026-05-07 16:00:00,3,False
28,79,50,12,NOx,28079050_12_8,Plaza Castilla,2026,5,7,16,0,N,2026-05-07 16:00:00,3,False
28,79,50,7,NO,28079050_7_8,Plaza Castilla,2026,5,7,16,0,N,2026-05-07 16:00:00,3,False
28,79,50,8,NO2,28079050_8_8,Plaza Castilla,2026,5,7,16,0,N,2026-05-07 16:00:00,3,False
28,79,50,9,PM2.5,28079050_9_47,Plaza Castilla,2026,5,7,16,0,N,2026-05-07 16:00:00,3,False
28,79,50,10,PM10,28079050_10_47,Plaza Castilla,2026,5,7,17,0,N,2026-05-07 17:00:00,3,False
28,79,50,12,NOx,28079050_12_8,Plaza Castilla,2026,5,7,17,0,N,2026-05-07 17:00:00,3,False
28,79,50,7,NO,28079050_7_8,Plaza Castilla,2026,5,7,17,0,N,2026-05-07 17:00:00,3,False
28,79,50,8,NO2,28079050_8_8,Plaza Castilla,2026,5,7,17,0,N,2026-05-07 17:00:00,3,False
28,79,50,9,PM2.5,28079050_9_47,Plaza Castilla,2026,5,7,17,0,N,2026-05-07 17:00:00,3,False
28,79,50,10,PM10,28079050_10_47,Plaza Castilla,2026,5,7,18,0,N,2026-05-07 18:00:00,3,False
28,79,50,12,NOx,28079050_12_8,Plaza Castilla,2026,5,7,18,0,N,2026-05-07 18:00:00,3,False
28,79,50,7,NO,28079050_7_8,Plaza Castilla,2026,5,7,18,0,N,2026-05-07 18:00:00,3,False
28,79,50,8,NO2,28079050_8_8,Plaza Castilla,2026,5,7,18,0,N,2026-05-07 18:00:00,3,False
28,79,50,9,PM2.5,28079050_9_47,Plaza Castilla,2026,5,7,18,0,N,2026-05-07 18:00:00,3,False
28,79,50,10,PM10,28079050_10_47,Plaza Castilla,2026,5,7,19,0,N,2026-05-07 19:00:00,3,False
28,79,50,12,NOx,28079050_12_8,Plaza Castilla,2026,5,7,19,0,N,2026-05-07 19:00:00,3,False
28,79,50,7,NO,28079050_7_8,Plaza Castilla,2026,5,7,19,0,N,2026-05-07 19:00:00,3,False
28,79,50,8,NO2,28079050_8_8,Plaza Castilla,2026,5,7,19,0,N,2026-05-07 19:00:00,3,False
28,79,50,9,PM2.5,28079050_9_47,Plaza Castilla,2026,5,7,19,0,N,2026-05-07 19:00:00,3,False
28,79,50,10,PM10,28079050_10_47,Plaza Castilla,2026,5,7,20,0,N,2026-05-07 20:00:00,3,False
28,79,50,12,NOx,28079050_12_8,Plaza Castilla,2026,5,7,20,0,N,2026-05-07 20:00:00,3,False
28,79,50,7,NO,28079050_7_8,Plaza Castilla,2026,5,7,20,0,N,2026-05-07 20:00:00,3,False
28,79,50,8,NO2,28079050_8_8,Plaza Castilla,2026,5,7,20,0,N,2026-05-07 20:00:00,3,False
28,79,50,9,PM2.5,28079050_9_47,Plaza Castilla,2026,5,7,20,0,N,2026-05-07 20:00:00,3,False
28,79,50,10,PM10,28079050_10_47,Plaza Castilla,2026,5,7,21,0,N,2026-05-07 21:00:00,3,False
28,79,50,12,NOx,28079050_12_8,Plaza Castilla,2026,5,7,21,0,N,2026-05-07 21:00:00,3,False
28,79,50,7,NO,28079050_7_8,Plaza Castilla,2026,5,7,21,0,N,2026-05-07 21:00:00,3,False
28,79,50,8,NO2,28079050_8_8,Plaza Castilla,2026,5,7,21,0,N,2026-05-07 21:00:00,3,False
28,79,50,9,PM2.5,28079050_9_47,Plaza Castilla,2026,5,7,21,0,N,2026-05-07 21:00:00,3,False
28,79,50,10,PM10,28079050_10_47,Plaza Castilla,2026,5,7,22,0,N,2026-05-07 22:00:00,3,False
28,79,50,12,NOx,28079050_12_8,Plaza Castilla,2026,5,7,22,0,N,2026-05-07 22:00:00,3,False
28,79,50,7,NO,28079050_7_8,Plaza Castilla,2026,5,7,22,0,N,2026-05-07 22:00:00,3,False
28,79,50,8,NO2,28079050_8_8,Plaza Castilla,2026,5,7,22,0,N,2026-05-07 22:00:00,3,False
28,79,50,9,PM2.5,28079050_9_47,Plaza Castilla,2026,5,7,22,0,N,2026-05-07 22:00:00,3,False
28,79,50,10,PM10,28079050_10_47,Plaza Castilla,2026,5,7,23,0,N,2026-05-07 23:00:00,3,False
28,79,50,12,NOx,28079050_12_8,Plaza Castilla,2026,5,7,23,0,N,2026-05-07 23:00:00,3,False
28,79,50,7,NO,28079050_7_8,Plaza Castilla,2026,5,7,23,0,N,2026-05-07 23:00:00,3,False
28,79,50,8,NO2,28079050_8_8,Plaza Castilla,2026,5,7,23,0,N,2026-05-07 23:00:00,3,False
28,79,50,9,PM2.5,28079050_9_47,Plaza Castilla,2026,5,7,23,0,N,2026-05-07 23:00:00,3,False
28,79,56,10,PM10,28079056_10_47,Plaza Elíptica,2026,5,7,0,21,V,2026-05-07 00:00:00,3,False
28,79,56,12,NOx,28079056_12_8,Plaza Elíptica,2026,5,7,0,43,V,2026-05-07 00:00:00,3,False
28,79,56,7,NO,28079056_7_8,Plaza Elíptica,2026,5,7,0,2,V,2026-05-07 00:00:00,3,False
28,79,56,8,NO2,28079056_8_8,Plaza Elíptica,2026,5,7,0,41,V,2026-05-07 00:00:00,3,False
28,79,56,9,PM2.5,28079056_9_47,Plaza Elíptica,2026,5,7,0,11,V,2026-05-07 00:00:00,3,False
28,79,56,10,PM10,28079056_10_47,Plaza Elíptica,2026,5,7,1,19,V,2026-05-07 01:00:00,3,False
28,79,56,12,NOx,28079056_12_8,Plaza Elíptica,2026,5,7,1,38,V,2026-05-07 01:00:00,3,False
28,79,56,7,NO,28079056_7_8,Plaza Elíptica,2026,5,7,1,2,V,2026-05-07 01:00:00,3,False
28,79,56,8,NO2,28079056_8_8,Plaza Elíptica,2026,5,7,1,35,V,2026-05-07 01:00:00,3,False
28,79,56,9,PM2.5,28079056_9_47,Plaza Elíptica,2026,5,7,1,10,V,2026-05-07 01:00:00,3,False
28,79,56,10,PM10,28079056_10_47,Plaza Elíptica,2026,5,7,2,18,V,2026-05-07 02:00:00,3,False
28,79,56,12,NOx,28079056_12_8,Plaza Elíptica,2026,5,7,2,25,V,2026-05-07 02:00:00,3,False
28,79,56,7,NO,28079056_7_8,Plaza Elíptica,2026,5,7,2,4,V,2026-05-07 02:00:00,3,False
28,79,56,8,NO2,28079056_8_8,Plaza Elíptica,2026,5,7,2,18,V,2026-05-07 02:00:00,3,False
28,79,56,9,PM2.5,28079056_9_47,Plaza Elíptica,2026,5,7,2,9,V,2026-05-07 02:00:00,3,False
28,79,56,10,PM10,28079056_10_47,Plaza Elíptica,2026,5,7,3,15,V,2026-05-07 03:00:00,3,False
28,79,56,12,NOx,28079056_12_8,Plaza Elíptica,2026,5,7,3,16,V,2026-05-07 03:00:00,3,False
28,79,56,7,NO,28079056_7_8,Plaza Elíptica,2026,5,7,3,2,V,2026-05-07 03:00:00,3,False
28,79,56,8,NO2,28079056_8_8,Plaza Elíptica,2026,5,7,3,13,V,2026-05-07 03:00:00,3,False
28,79,56,9,PM2.5,28079056_9_47,Plaza Elíptica,2026,5,7,3,9,V,2026-05-07 03:00:00,3,False
28,79,56,10,PM10,28079056_10_47,Plaza Elíptica,2026,5,7,4,16,V,2026-05-07 04:00:00,3,False
28,79,56,12,NOx,28079056_12_8,Plaza Elíptica,2026,5,7,4,15,V,2026-05-07 04:00:00,3,False
28,79,56,7,NO,28079056_7_8,Plaza Elíptica,2026,5,7,4,2,V,2026-05-07 04:00:00,3,False
28,79,56,8,NO2,28079056_8_8,Plaza Elíptica,2026,5,7,4,12,V,2026-05-07 04:00:00,3,False
28,79,56,9,PM2.5,28079056_9_47,Plaza Elíptica,2026,5,7,4,9,V,2026-05-07 04:00:00,3,False
28,79,56,10,PM10,28079056_10_47,Plaza Elíptica,2026,5,7,5,10,V,2026-05-07 05:00:00,3,False
28,79,56,12,NOx,28079056_12_8,Plaza Elíptica,2026,5,7,5,19,V,2026-05-07 05:00:00,3,False
28,79,56,7,NO,28079056_7_8,Plaza Elíptica,2026,5,7,5,2,V,2026-05-07 05:00:00,3,False
28,79,56,8,NO2,28079056_8_8,Plaza Elíptica,2026,5,7,5,16,V,2026-05-07 05:00:00,3,False
28,79,56,9,PM2.5,28079056_9_47,Plaza Elíptica,2026,5,7,5,8,V,2026-05-07 05:00:00,3,False
28,79,56,10,PM10,28079056_10_47,Plaza Elíptica,2026,5,7,6,14,V,2026-05-07 06:00:00,3,False
28,79,56,12,NOx,28079056_12_8,Plaza Elíptica,2026,5,7,6,54,V,2026-05-07 06:00:00,3,False
28,79,56,7,NO,28079056_7_8,Plaza Elíptica,2026,5,7,6,12,V,2026-05-07 06:00:00,3,False
28,79,56,8,NO2,28079056_8_8,Plaza Elíptica,2026,5,7,6,35,V,2026-05-07 06:00:00,3,False
28,79,56,9,PM2.5,28079056_9_47,Plaza Elíptica,2026,5,7,6,7,V,2026-05-07 06:00:00,3,False
28,79,56,10,PM10,28079056_10_47,Plaza Elíptica,2026,5,7,7,26,V,2026-05-07 07:00:00,3,False
28,79,56,12,NOx,28079056_12_8,Plaza Elíptica,2026,5,7,7,84,V,2026-05-07 07:00:00,3,False
28,79,56,7,NO,28079056_7_8,Plaza Elíptica,2026,5,7,7,19,V,2026-05-07 07:00:00,3,False
28,79,56,8,NO2,28079056_8_8,Plaza Elíptica,2026,5,7,7,55,V,2026-05-07 07:00:00,3,False
28,79,56,9,PM2.5,28079056_9_47,Plaza Elíptica,2026,5,7,7,14,V,2026-05-07 07:00:00,3,False
28,79,56,10,PM10,28079056_10_47,Plaza Elíptica,2026,5,7,8,24,V,2026-05-07 08:00:00,3,False
28,79,56,12,NOx,28079056_12_8,Plaza Elíptica,2026,5,7,8,88,V,2026-05-07 08:00:00,3,False
28,79,56,7,NO,28079056_7_8,Plaza Elíptica,2026,5,7,8,20,V,2026-05-07 08:00:00,3,False
28,79,56,8,NO2,28079056_8_8,Plaza Elíptica,2026,5,7,8,58,V,2026-05-07 08:00:00,3,False
28,79,56,9,PM2.5,28079056_9_47,Plaza Elíptica,2026,5,7,8,9,V,2026-05-07 08:00:00,3,False
28,79,56,10,PM10,28079056_10_47,Plaza Elíptica,2026,5,7,9,27,V,2026-05-07 09:00:00,3,False
28,79,56,12,NOx,28079056_12_8,Plaza Elíptica,2026,5,7,9,71,V,2026-05-07 09:00:00,3,False
28,79,56,7,NO,28079056_7_8,Plaza Elíptica,2026,5,7,9,15,V,2026-05-07 09:00:00,3,False
28,79,56,8,NO2,28079056_8_8,Plaza Elíptica,2026,5,7,9,48,V,2026-05-07 09:00:00,3,False
28,79,56,9,PM2.5,28079056_9_47,Plaza Elíptica,2026,5,7,9,11,V,2026-05-07 09:00:00,3,False
28,79,56,10,PM10,28079056_10_47,Plaza Elíptica,2026,5,7,10,24,V,2026-05-07 10:00:00,3,False
28,79,56,12,NOx,28079056_12_8,Plaza Elíptica,2026,5,7,10,34,V,2026-05-07 10:00:00,3,False
28,79,56,7,NO,28079056_7_8,Plaza Elíptica,2026,5,7,10,8,V,2026-05-07 10:00:00,3,False
28,79,56,8,NO2,28079056_8_8,Plaza Elíptica,2026,5,7,10,21,V,2026-05-07 10:00:00,3,False
28,79,56,9,PM2.5,28079056_9_47,Plaza Elíptica,2026,5,7,10,11,V,2026-05-07 10:00:00,3,False
28,79,56,10,PM10,28079056_10_47,Plaza Elíptica,2026,5,7,11,20,V,2026-05-07 11:00:00,3,False
28,79,56,12,NOx,28079056_12_8,Plaza Elíptica,2026,5,7,11,34,V,2026-05-07 11:00:00,3,False
28,79,56,7,NO,28079056_7_8,Plaza Elíptica,2026,5,7,11,9,V,2026-05-07 11:00:00,3,False
28,79,56,8,NO2,28079056_8_8,Plaza Elíptica,2026,5,7,11,21,V,2026-05-07 11:00:00,3,False
28,79,56,9,PM2.5,28079056_9_47,Plaza Elíptica,2026,5,7,11,9,V,2026-05-07 11:00:00,3,False
28,79,56,10,PM10,28079056_10_47,Plaza Elíptica,2026,5,7,12,20,V,2026-05-07 12:00:00,3,False
28,79,56,12,NOx,28079056_12_8,Plaza Elíptica,2026,5,7,12,28,V,2026-05-07 12:00:00,3,False
28,79,56,7,NO,28079056_7_8,Plaza Elíptica,2026,5,7,12,7,V,2026-05-07 12:00:00,3,False
28,79,56,8,NO2,28079056_8_8,Plaza Elíptica,2026,5,7,12,17,V,2026-05-07 12:00:00,3,False
28,79,56,9,PM2.5,28079056_9_47,Plaza Elíptica,2026,5,7,12,11,V,2026-05-07 12:00:00,3,False
28,79,56,10,PM10,28079056_10_47,Plaza Elíptica,2026,5,7,13,0,N,2026-05-07 13:00:00,3,False
28,79,56,12,NOx,28079056_12_8,Plaza Elíptica,2026,5,7,13,0,N,2026-05-07 13:00:00,3,False
28,79,56,7,NO,28079056_7_8,Plaza Elíptica,2026,5,7,13,0,N,2026-05-07 13:00:00,3,False
28,79,56,8,NO2,28079056_8_8,Plaza Elíptica,2026,5,7,13,0,N,2026-05-07 13:00:00,3,False
28,79,56,9,PM2.5,28079056_9_47,Plaza Elíptica,2026,5,7,13,0,N,2026-05-07 13:00:00,3,False
28,79,56,10,PM10,28079056_10_47,Plaza Elíptica,2026,5,7,14,0,N,2026-05-07 14:00:00,3,False
28,79,56,12,NOx,28079056_12_8,Plaza Elíptica,2026,5,7,14,0,N,2026-05-07 14:00:00,3,False
28,79,56,7,NO,28079056_7_8,Plaza Elíptica,2026,5,7,14,0,N,2026-05-07 14:00:00,3,False
28,79,56,8,NO2,28079056_8_8,Plaza Elíptica,2026,5,7,14,0,N,2026-05-07 14:00:00,3,False
28,79,56,9,PM2.5,28079056_9_47,Plaza Elíptica,2026,5,7,14,0,N,2026-05-07 14:00:00,3,False
28,79,56,10,PM10,28079056_10_47,Plaza Elíptica,2026,5,7,15,0,N,2026-05-07 15:00:00,3,False
28,79,56,12,NOx,28079056_12_8,Plaza Elíptica,2026,5,7,15,0,N,2026-05-07 15:00:00,3,False
28,79,56,7,NO,28079056_7_8,Plaza Elíptica,2026,5,7,15,0,N,2026-05-07 15:00:00,3,False
28,79,56,8,NO2,28079056_8_8,Plaza Elíptica,2026,5,7,15,0,N,2026-05-07 15:00:00,3,False
28,79,56,9,PM2.5,28079056_9_47,Plaza Elíptica,2026,5,7,15,0,N,2026-05-07 15:00:00,3,False
28,79,56,10,PM10,28079056_10_47,Plaza Elíptica,2026,5,7,16,0,N,2026-05-07 16:00:00,3,False
28,79,56,12,NOx,28079056_12_8,Plaza Elíptica,2026,5,7,16,0,N,2026-05-07 16:00:00,3,False
28,79,56,7,NO,28079056_7_8,Plaza Elíptica,2026,5,7,16,0,N,2026-05-07 16:00:00,3,False
28,79,56,8,NO2,28079056_8_8,Plaza Elíptica,2026,5,7,16,0,N,2026-05-07 16:00:00,3,False
28,79,56,9,PM2.5,28079056_9_47,Plaza Elíptica,2026,5,7,16,0,N,2026-05-07 16:00:00,3,False
28,79,56,10,PM10,28079056_10_47,Plaza Elíptica,2026,5,7,17,0,N,2026-05-07 17:00:00,3,False
28,79,56,12,NOx,28079056_12_8,Plaza Elíptica,2026,5,7,17,0,N,2026-05-07 17:00:00,3,False
28,79,56,7,NO,28079056_7_8,Plaza Elíptica,2026,5,7,17,0,N,2026-05-07 17:00:00,3,False
28,79,56,8,NO2,28079056_8_8,Plaza Elíptica,2026,5,7,17,0,N,2026-05-07 17:00:00,3,False
28,79,56,9,PM2.5,28079056_9_47,Plaza Elíptica,2026,5,7,17,0,N,2026-05-07 17:00:00,3,False
28,79,56,10,PM10,28079056_10_47,Plaza Elíptica,2026,5,7,18,0,N,2026-05-07 18:00:00,3,False
28,79,56,12,NOx,28079056_12_8,Plaza Elíptica,2026,5,7,18,0,N,2026-05-07 18:00:00,3,False
28,79,56,7,NO,28079056_7_8,Plaza Elíptica,2026,5,7,18,0,N,2026-05-07 18:00:00,3,False
28,79,56,8,NO2,28079056_8_8,Plaza Elíptica,2026,5,7,18,0,N,2026-05-07 18:00:00,3,False
28,79,56,9,PM2.5,28079056_9_47,Plaza Elíptica,2026,5,7,18,0,N,2026-05-07 18:00:00,3,False
28,79,56,10,PM10,28079056_10_47,Plaza Elíptica,2026,5,7,19,0,N,2026-05-07 19:00:00,3,False
28,79,56,12,NOx,28079056_12_8,Plaza Elíptica,2026,5,7,19,0,N,2026-05-07 19:00:00,3,False
28,79,56,7,NO,28079056_7_8,Plaza Elíptica,2026,5,7,19,0,N,2026-05-07 19:00:00,3,False
28,79,56,8,NO2,28079056_8_8,Plaza Elíptica,2026,5,7,19,0,N,2026-05-07 19:00:00,3,False
28,79,56,9,PM2.5,28079056_9_47,Plaza Elíptica,2026,5,7,19,0,N,2026-05-07 19:00:00,3,False
28,79,56,10,PM10,28079056_10_47,Plaza Elíptica,2026,5,7,20,0,N,2026-05-07 20:00:00,3,False
28,79,56,12,NOx,28079056_12_8,Plaza Elíptica,2026,5,7,20,0,N,2026-05-07 20:00:00,3,False
28,79,56,7,NO,28079056_7_8,Plaza Elíptica,2026,5,7,20,0,N,2026-05-07 20:00:00,3,False
28,79,56,8,NO2,28079056_8_8,Plaza Elíptica,2026,5,7,20,0,N,2026-05-07 20:00:00,3,False
28,79,56,9,PM2.5,28079056_9_47,Plaza Elíptica,2026,5,7,20,0,N,2026-05-07 20:00:00,3,False
28,79,56,10,PM10,28079056_10_47,Plaza Elíptica,2026,5,7,21,0,N,2026-05-07 21:00:00,3,False
28,79,56,12,NOx,28079056_12_8,Plaza Elíptica,2026,5,7,21,0,N,2026-05-07 21:00:00,3,False
28,79,56,7,NO,28079056_7_8,Plaza Elíptica,2026,5,7,21,0,N,2026-05-07 21:00:00,3,False
28,79,56,8,NO2,28079056_8_8,Plaza Elíptica,2026,5,7,21,0,N,2026-05-07 21:00:00,3,False
28,79,56,9,PM2.5,28079056_9_47,Plaza Elíptica,2026,5,7,21,0,N,2026-05-07 21:00:00,3,False
28,79,56,10,PM10,28079056_10_47,Plaza Elíptica,2026,5,7,22,0,N,2026-05-07 22:00:00,3,False
28,79,56,12,NOx,28079056_12_8,Plaza Elíptica,2026,5,7,22,0,N,2026-05-07 22:00:00,3,False
28,79,56,7,NO,28079056_7_8,Plaza Elíptica,2026,5,7,22,0,N,2026-05-07 22:00:00,3,False
28,79,56,8,NO2,28079056_8_8,Plaza Elíptica,2026,5,7,22,0,N,2026-05-07 22:00:00,3,False
28,79,56,9,PM2.5,28079056_9_47,Plaza Elíptica,2026,5,7,22,0,N,2026-05-07 22:00:00,3,False
28,79,56,10,PM10,28079056_10_47,Plaza Elíptica,2026,5,7,23,0,N,2026-05-07 23:00:00,3,False
28,79,56,12,NOx,28079056_12_8,Plaza Elíptica,2026,5,7,23,0,N,2026-05-07 23:00:00,3,False
28,79,56,7,NO,28079056_7_8,Plaza Elíptica,2026,5,7,23,0,N,2026-05-07 23:00:00,3,False
28,79,56,8,NO2,28079056_8_8,Plaza Elíptica,2026,5,7,23,0,N,2026-05-07 23:00:00,3,False
28,79,56,9,PM2.5,28079056_9_47,Plaza Elíptica,2026,5,7,23,0,N,2026-05-07 23:00:00,3,False
28,79,4,10,PM10,28079004_10_A,Plaza de España,2026,5,7,0,17,V,2026-05-07 00:00:00,3,False
28,79,4,12,NOx,28079004_12_8,Plaza de España,2026,5,7,0,38,V,2026-05-07 00:00:00,3,False
28,79,4,7,NO,28079004_7_8,Plaza de España,2026,5,7,0,1,V,2026-05-07 00:00:00,3,False
28,79,4,8,NO2,28079004_8_8,Plaza de España,2026,5,7,0,37,V,2026-05-07 00:00:00,3,False
28,79,4,9,PM2.5,28079004_9_A,Plaza de España,2026,5,7,0,5,V,2026-05-07 00:00:00,3,False
28,79,4,10,PM10,28079004_10_A,Plaza de España,2026,5,7,1,12,V,2026-05-07 01:00:00,3,False
28,79,4,12,NOx,28079004_12_8,Plaza de España,2026,5,7,1,26,V,2026-05-07 01:00:00,3,False
28,79,4,7,NO,28079004_7_8,Plaza de España,2026,5,7,1,1,V,2026-05-07 01:00:00,3,False
28,79,4,8,NO2,28079004_8_8,Plaza de España,2026,5,7,1,24,V,2026-05-07 01:00:00,3,False
28,79,4,9,PM2.5,28079004_9_A,Plaza de España,2026,5,7,1,4,V,2026-05-07 01:00:00,3,False
28,79,4,10,PM10,28079004_10_A,Plaza de España,2026,5,7,2,6,V,2026-05-07 02:00:00,3,False
28,79,4,12,NOx,28079004_12_8,Plaza de España,2026,5,7,2,9,V,2026-05-07 02:00:00,3,False
28,79,4,7,NO,28079004_7_8,Plaza de España,2026,5,7,2,1,V,2026-05-07 02:00:00,3,False
28,79,4,8,NO2,28079004_8_8,Plaza de España,2026,5,7,2,7,V,2026-05-07 02:00:00,3,False
28,79,4,9,PM2.5,28079004_9_A,Plaza de España,2026,5,7,2,2,V,2026-05-07 02:00:00,3,False
28,79,4,10,PM10,28079004_10_A,Plaza de España,2026,5,7,3,5,V,2026-05-07 03:00:00,3,False
28,79,4,12,NOx,28079004_12_8,Plaza de España,2026,5,7,3,8,V,2026-05-07 03:00:00,3,False
28,79,4,7,NO,28079004_7_8,Plaza de España,2026,5,7,3,1,V,2026-05-07 03:00:00,3,False
28,79,4,8,NO2,28079004_8_8,Plaza de España,2026,5,7,3,7,V,2026-05-07 03:00:00,3,False
28,79,4,9,PM2.5,28079004_9_A,Plaza de España,2026,5,7,3,2,V,2026-05-07 03:00:00,3,False
28,79,4,10,PM10,28079004_10_A,Plaza de España,2026,5,7,4,5,V,2026-05-07 04:00:00,3,False
28,79,4,12,NOx,28079004_12_8,Plaza de España,2026,5,7,4,6,V,2026-05-07 04:00:00,3,False
28,79,4,7,NO,28079004_7_8,Plaza de España,2026,5,7,4,1,V,2026-05-07 04:00:00,3,False
28,79,4,8,NO2,28079004_8_8,Plaza de España,2026,5,7,4,4,V,2026-05-07 04:00:00,3,False
28,79,4,9,PM2.5,28079004_9_A,Plaza de España,2026,5,7,4,2,V,2026-05-07 04:00:00,3,False
28,79,4,10,PM10,28079004_10_A,Plaza de España,2026,5,7,5,5,V,2026-05-07 05:00:00,3,False
28,79,4,12,NOx,28079004_12_8,Plaza de España,2026,5,7,5,6,V,2026-05-07 05:00:00,3,False
28,79,4,7,NO,28079004_7_8,Plaza de España,2026,5,7,5,1,V,2026-05-07 05:00:00,3,False
28,79,4,8,NO2,28079004_8_8,Plaza de España,2026,5,7,5,4,V,2026-05-07 05:00:00,3,False
28,79,4,9,PM2.5,28079004_9_A,Plaza de España,2026,5,7,5,2,V,2026-05-07 05:00:00,3,False
28,79,4,10,PM10,28079004_10_A,Plaza de España,2026,5,7,6,7,V,2026-05-07 06:00:00,3,False
28,79,4,12,NOx,28079004_12_8,Plaza de España,2026,5,7,6,10,V,2026-05-07 06:00:00,3,False
28,79,4,7,NO,28079004_7_8,Plaza de España,2026,5,7,6,2,V,2026-05-07 06:00:00,3,False
28,79,4,8,NO2,28079004_8_8,Plaza de España,2026,5,7,6,8,V,2026-05-07 06:00:00,3,False
28,79,4,9,PM2.5,28079004_9_A,Plaza de España,2026,5,7,6,3,V,2026-05-07 06:00:00,3,False
28,79,4,10,PM10,28079004_10_A,Plaza de España,2026,5,7,7,7,V,2026-05-07 07:00:00,3,False
28,79,4,12,NOx,28079004_12_8,Plaza de España,2026,5,7,7,19,V,2026-05-07 07:00:00,3,False
28,79,4,7,NO,28079004_7_8,Plaza de España,2026,5,7,7,2,V,2026-05-07 07:00:00,3,False
28,79,4,8,NO2,28079004_8_8,Plaza de España,2026,5,7,7,16,V,2026-05-07 07:00:00,3,False
28,79,4,9,PM2.5,28079004_9_A,Plaza de España,2026,5,7,7,3,V,2026-05-07 07:00:00,3,False
28,79,4,10,PM10,28079004_10_A,Plaza de España,2026,5,7,8,12,V,2026-05-07 08:00:00,3,False
28,79,4,12,NOx,28079004_12_8,Plaza de España,2026,5,7,8,29,V,2026-05-07 08:00:00,3,False
28,79,4,7,NO,28079004_7_8,Plaza de España,2026,5,7,8,3,V,2026-05-07 08:00:00,3,False
28,79,4,8,NO2,28079004_8_8,Plaza de España,2026,5,7,8,25,V,2026-05-07 08:00:00,3,False
28,79,4,9,PM2.5,28079004_9_A,Plaza de España,2026,5,7,8,5,V,2026-05-07 08:00:00,3,False
28,79,4,10,PM10,28079004_10_A,Plaza de España,2026,5,7,9,22,V,2026-05-07 09:00:00,3,False
28,79,4,12,NOx,28079004_12_8,Plaza de España,2026,5,7,9,38,V,2026-05-07 09:00:00,3,False
28,79,4,7,NO,28079004_7_8,Plaza de España,2026,5,7,9,3,V,2026-05-07 09:00:00,3,False
28,79,4,8,NO2,28079004_8_8,Plaza de España,2026,5,7,9,33,V,2026-05-07 09:00:00,3,False
28,79,4,9,PM2.5,28079004_9_A,Plaza de España,2026,5,7,9,6,V,2026-05-07 09:00:00,3,False
28,79,4,10,PM10,28079004_10_A,Plaza de España,2026,5,7,10,16,V,2026-05-07 10:00:00,3,False
28,79,4,12,NOx,28079004_12_8,Plaza de España,2026,5,7,10,26,V,2026-05-07 10:00:00,3,False
28,79,4,7,NO,28079004_7_8,Plaza de España,2026,5,7,10,3,V,2026-05-07 10:00:00,3,False
28,79,4,8,NO2,28079004_8_8,Plaza de España,2026,5,7,10,21,V,2026-05-07 10:00:00,3,False
28,79,4,9,PM2.5,28079004_9_A,Plaza de España,2026,5,7,10,6,V,2026-05-07 10:00:00,3,False
28,79,4,10,PM10,28079004_10_A,Plaza de España,2026,5,7,11,20,V,2026-05-07 11:00:00,3,False
28,79,4,12,NOx,28079004_12_8,Plaza de España,2026,5,7,11,25,V,2026-05-07 11:00:00,3,False
28,79,4,7,NO,28079004_7_8,Plaza de España,2026,5,7,11,4,V,2026-05-07 11:00:00,3,False
28,79,4,8,NO2,28079004_8_8,Plaza de España,2026,5,7,11,19,V,2026-05-07 11:00:00,3,False
28,79,4,9,PM2.5,28079004_9_A,Plaza de España,2026,5,7,11,8,V,2026-05-07 11:00:00,3,False
28,79,4,10,PM10,28079004_10_A,Plaza de España,2026,5,7,12,24,V,2026-05-07 12:00:00,3,False
28,79,4,12,NOx,28079004_12_8,Plaza de España,2026,5,7,12,20,V,2026-05-07 12:00:00,3,False
28,79,4,7,NO,28079004_7_8,Plaza de España,2026,5,7,12,3,V,2026-05-07 12:00:00,3,False
28,79,4,8,NO2,28079004_8_8,Plaza de España,2026,5,7,12,15,V,2026-05-07 12:00:00,3,False
28,79,4,9,PM2.5,28079004_9_A,Plaza de España,2026,5,7,12,9,V,2026-05-07 12:00:00,3,False
28,79,4,10,PM10,28079004_10_A,Plaza de España,2026,5,7,13,0,N,2026-05-07 13:00:00,3,False
28,79,4,12,NOx,28079004_12_8,Plaza de España,2026,5,7,13,0,N,2026-05-07 13:00:00,3,False
28,79,4,7,NO,28079004_7_8,Plaza de España,2026,5,7,13,0,N,2026-05-07 13:00:00,3,False
28,79,4,8,NO2,28079004_8_8,Plaza de España,2026,5,7,13,0,N,2026-05-07 13:00:00,3,False
28,79,4,9,PM2.5,28079004_9_A,Plaza de España,2026,5,7,13,0,N,2026-05-07 13:00:00,3,False
28,79,4,10,PM10,28079004_10_A,Plaza de España,2026,5,7,14,0,N,2026-05-07 14:00:00,3,False
28,79,4,12,NOx,28079004_12_8,Plaza de España,2026,5,7,14,0,N,2026-05-07 14:00:00,3,False
28,79,4,7,NO,28079004_7_8,Plaza de España,2026,5,7,14,0,N,2026-05-07 14:00:00,3,False
28,79,4,8,NO2,28079004_8_8,Plaza de España,2026,5,7,14,0,N,2026-05-07 14:00:00,3,False
28,79,4,9,PM2.5,28079004_9_A,Plaza de España,2026,5,7,14,0,N,2026-05-07 14:00:00,3,False
28,79,4,10,PM10,28079004_10_A,Plaza de España,2026,5,7,15,0,N,2026-05-07 15:00:00,3,False
28,79,4,12,NOx,28079004_12_8,Plaza de España,2026,5,7,15,0,N,2026-05-07 15:00:00,3,False
28,79,4,7,NO,28079004_7_8,Plaza de España,2026,5,7,15,0,N,2026-05-07 15:00:00,3,False
28,79,4,8,NO2,28079004_8_8,Plaza de España,2026,5,7,15,0,N,2026-05-07 15:00:00,3,False
28,79,4,9,PM2.5,28079004_9_A,Plaza de España,2026,5,7,15,0,N,2026-05-07 15:00:00,3,False
28,79,4,10,PM10,28079004_10_A,Plaza de España,2026,5,7,16,0,N,2026-05-07 16:00:00,3,False
28,79,4,12,NOx,28079004_12_8,Plaza de España,2026,5,7,16,0,N,2026-05-07 16:00:00,3,False
28,79,4,7,NO,28079004_7_8,Plaza de España,2026,5,7,16,0,N,2026-05-07 16:00:00,3,False
28,79,4,8,NO2,28079004_8_8,Plaza de España,2026,5,7,16,0,N,2026-05-07 16:00:00,3,False
28,79,4,9,PM2.5,28079004_9_A,Plaza de España,2026,5,7,16,0,N,2026-05-07 16:00:00,3,False
28,79,4,10,PM10,28079004_10_A,Plaza de España,2026,5,7,17,0,N,2026-05-07 17:00:00,3,False
28,79,4,12,NOx,28079004_12_8,Plaza de España,2026,5,7,17,0,N,2026-05-07 17:00:00,3,False
28,79,4,7,NO,28079004_7_8,Plaza de España,2026,5,7,17,0,N,2026-05-07 17:00:00,3,False
28,79,4,8,NO2,28079004_8_8,Plaza de España,2026,5,7,17,0,N,2026-05-07 17:00:00,3,False
28,79,4,9,PM2.5,28079004_9_A,Plaza de España,2026,5,7,17,0,N,2026-05-07 17:00:00,3,False
28,79,4,10,PM10,28079004_10_A,Plaza de España,2026,5,7,18,0,N,2026-05-07 18:00:00,3,False
28,79,4,12,NOx,28079004_12_8,Plaza de España,2026,5,7,18,0,N,2026-05-07 18:00:00,3,False
28,79,4,7,NO,28079004_7_8,Plaza de España,2026,5,7,18,0,N,2026-05-07 18:00:00,3,False
28,79,4,8,NO2,28079004_8_8,Plaza de España,2026,5,7,18,0,N,2026-05-07 18:00:00,3,False
28,79,4,9,PM2.5,28079004_9_A,Plaza de España,2026,5,7,18,0,N,2026-05-07 18:00:00,3,False
28,79,4,10,PM10,28079004_10_A,Plaza de España,2026,5,7,19,0,N,2026-05-07 19:00:00,3,False
28,79,4,12,NOx,28079004_12_8,Plaza de España,2026,5,7,19,0,N,2026-05-07 19:00:00,3,False
28,79,4,7,NO,28079004_7_8,Plaza de España,2026,5,7,19,0,N,2026-05-07 19:00:00,3,False
28,79,4,8,NO2,28079004_8_8,Plaza de España,2026,5,7,19,0,N,2026-05-07 19:00:00,3,False
28,79,4,9,PM2.5,28079004_9_A,Plaza de España,2026,5,7,19,0,N,2026-05-07 19:00:00,3,False
28,79,4,10,PM10,28079004_10_A,Plaza de España,2026,5,7,20,0,N,2026-05-07 20:00:00,3,False
28,79,4,12,NOx,28079004_12_8,Plaza de España,2026,5,7,20,0,N,2026-05-07 20:00:00,3,False
28,79,4,7,NO,28079004_7_8,Plaza de España,2026,5,7,20,0,N,2026-05-07 20:00:00,3,False
28,79,4,8,NO2,28079004_8_8,Plaza de España,2026,5,7,20,0,N,2026-05-07 20:00:00,3,False
28,79,4,9,PM2.5,28079004_9_A,Plaza de España,2026,5,7,20,0,N,2026-05-07 20:00:00,3,False
28,79,4,10,PM10,28079004_10_A,Plaza de España,2026,5,7,21,0,N,2026-05-07 21:00:00,3,False
28,79,4,12,NOx,28079004_12_8,Plaza de España,2026,5,7,21,0,N,2026-05-07 21:00:00,3,False
28,79,4,7,NO,28079004_7_8,Plaza de España,2026,5,7,21,0,N,2026-05-07 21:00:00,3,False
28,79,4,8,NO2,28079004_8_8,Plaza de España,2026,5,7,21,0,N,2026-05-07 21:00:00,3,False
28,79,4,9,PM2.5,28079004_9_A,Plaza de España,2026,5,7,21,0,N,2026-05-07 21:00:00,3,False
28,79,4,10,PM10,28079004_10_A,Plaza de España,2026,5,7,22,0,N,2026-05-07 22:00:00,3,False
28,79,4,12,NOx,28079004_12_8,Plaza de España,2026,5,7,22,0,N,2026-05-07 22:00:00,3,False
28,79,4,7,NO,28079004_7_8,Plaza de España,2026,5,7,22,0,N,2026-05-07 22:00:00,3,False
28,79,4,8,NO2,28079004_8_8,Plaza de España,2026,5,7,22,0,N,2026-05-07 22:00:00,3,False
28,79,4,9,PM2.5,28079004_9_A,Plaza de España,2026,5,7,22,0,N,2026-05-07 22:00:00,3,False
28,79,4,10,PM10,28079004_10_A,Plaza de España,2026,5,7,23,0,N,2026-05-07 23:00:00,3,False
28,79,4,12,NOx,28079004_12_8,Plaza de España,2026,5,7,23,0,N,2026-05-07 23:00:00,3,False
28,79,4,7,NO,28079004_7_8,Plaza de España,2026,5,7,23,0,N,2026-05-07 23:00:00,3,False
28,79,4,8,NO2,28079004_8_8,Plaza de España,2026,5,7,23,0,N,2026-05-07 23:00:00,3,False
28,79,4,9,PM2.5,28079004_9_A,Plaza de España,2026,5,7,23,0,N,2026-05-07 23:00:00,3,False
28,79,35,12,NOx,28079035_12_8,Plaza del Carmen,2026,5,7,0,52,V,2026-05-07 00:00:00,3,False
28,79,35,14,O3,28079035_14_6,Plaza del Carmen,2026,5,7,0,58,V,2026-05-07 00:00:00,3,False
28,79,35,7,NO,28079035_7_8,Plaza del Carmen,2026,5,7,0,1,V,2026-05-07 00:00:00,3,False
28,79,35,8,NO2,28079035_8_8,Plaza del Carmen,2026,5,7,0,50,V,2026-05-07 00:00:00,3,False
28,79,35,12,NOx,28079035_12_8,Plaza del Carmen,2026,5,7,1,18,V,2026-05-07 01:00:00,3,False
28,79,35,14,O3,28079035_14_6,Plaza del Carmen,2026,5,7,1,77,V,2026-05-07 01:00:00,3,False
28,79,35,7,NO,28079035_7_8,Plaza del Carmen,2026,5,7,1,0,V,2026-05-07 01:00:00,3,False
28,79,35,8,NO2,28079035_8_8,Plaza del Carmen,2026,5,7,1,18,V,2026-05-07 01:00:00,3,False
28,79,35,12,NOx,28079035_12_8,Plaza del Carmen,2026,5,7,2,8,V,2026-05-07 02:00:00,3,False
28,79,35,14,O3,28079035_14_6,Plaza del Carmen,2026,5,7,2,74,V,2026-05-07 02:00:00,3,False
28,79,35,7,NO,28079035_7_8,Plaza del Carmen,2026,5,7,2,0,V,2026-05-07 02:00:00,3,False
28,79,35,8,NO2,28079035_8_8,Plaza del Carmen,2026,5,7,2,8,V,2026-05-07 02:00:00,3,False
28,79,35,12,NOx,28079035_12_8,Plaza del Carmen,2026,5,7,3,11,V,2026-05-07 03:00:00,3,False
28,79,35,14,O3,28079035_14_6,Plaza del Carmen,2026,5,7,3,68,V,2026-05-07 03:00:00,3,False
28,79,35,7,NO,28079035_7_8,Plaza del Carmen,2026,5,7,3,0,V,2026-05-07 03:00:00,3,False
28,79,35,8,NO2,28079035_8_8,Plaza del Carmen,2026,5,7,3,11,V,2026-05-07 03:00:00,3,False
28,79,35,12,NOx,28079035_12_8,Plaza del Carmen,2026,5,7,4,8,V,2026-05-07 04:00:00,3,False
28,79,35,14,O3,28079035_14_6,Plaza del Carmen,2026,5,7,4,70,V,2026-05-07 04:00:00,3,False
28,79,35,7,NO,28079035_7_8,Plaza del Carmen,2026,5,7,4,0,V,2026-05-07 04:00:00,3,False
28,79,35,8,NO2,28079035_8_8,Plaza del Carmen,2026,5,7,4,8,V,2026-05-07 04:00:00,3,False
28,79,35,12,NOx,28079035_12_8,Plaza del Carmen,2026,5,7,5,8,V,2026-05-07 05:00:00,3,False
28,79,35,14,O3,28079035_14_6,Plaza del Carmen,2026,5,7,5,72,V,2026-05-07 05:00:00,3,False
28,79,35,7,NO,28079035_7_8,Plaza del Carmen,2026,5,7,5,0,V,2026-05-07 05:00:00,3,False
28,79,35,8,NO2,28079035_8_8,Plaza del Carmen,2026,5,7,5,8,V,2026-05-07 05:00:00,3,False
28,79,35,12,NOx,28079035_12_8,Plaza del Carmen,2026,5,7,6,12,V,2026-05-07 06:00:00,3,False
28,79,35,14,O3,28079035_14_6,Plaza del Carmen,2026,5,7,6,67,V,2026-05-07 06:00:00,3,False
28,79,35,7,NO,28079035_7_8,Plaza del Carmen,2026,5,7,6,0,V,2026-05-07 06:00:00,3,False
28,79,35,8,NO2,28079035_8_8,Plaza del Carmen,2026,5,7,6,12,V,2026-05-07 06:00:00,3,False
28,79,35,12,NOx,28079035_12_8,Plaza del Carmen,2026,5,7,7,25,V,2026-05-07 07:00:00,3,False
28,79,35,14,O3,28079035_14_6,Plaza del Carmen,2026,5,7,7,57,V,2026-05-07 07:00:00,3,False
28,79,35,7,NO,28079035_7_8,Plaza del Carmen,2026,5,7,7,2,V,2026-05-07 07:00:00,3,False
28,79,35,8,NO2,28079035_8_8,Plaza del Carmen,2026,5,7,7,22,V,2026-05-07 07:00:00,3,False
28,79,35,12,NOx,28079035_12_8,Plaza del Carmen,2026,5,7,8,32,V,2026-05-07 08:00:00,3,False
28,79,35,14,O3,28079035_14_6,Plaza del Carmen,2026,5,7,8,56,V,2026-05-07 08:00:00,3,False
28,79,35,7,NO,28079035_7_8,Plaza del Carmen,2026,5,7,8,2,V,2026-05-07 08:00:00,3,False
28,79,35,8,NO2,28079035_8_8,Plaza del Carmen,2026,5,7,8,30,V,2026-05-07 08:00:00,3,False
28,79,35,12,NOx,28079035_12_8,Plaza del Carmen,2026,5,7,9,35,V,2026-05-07 09:00:00,3,False
28,79,35,14,O3,28079035_14_6,Plaza del Carmen,2026,5,7,9,57,V,2026-05-07 09:00:00,3,False
28,79,35,7,NO,28079035_7_8,Plaza del Carmen,2026,5,7,9,3,V,2026-05-07 09:00:00,3,False
28,79,35,8,NO2,28079035_8_8,Plaza del Carmen,2026,5,7,9,31,V,2026-05-07 09:00:00,3,False
28,79,35,12,NOx,28079035_12_8,Plaza del Carmen,2026,5,7,10,25,V,2026-05-07 10:00:00,3,False
28,79,35,14,O3,28079035_14_6,Plaza del Carmen,2026,5,7,10,77,V,2026-05-07 10:00:00,3,False
28,79,35,7,NO,28079035_7_8,Plaza del Carmen,2026,5,7,10,5,V,2026-05-07 10:00:00,3,False
28,79,35,8,NO2,28079035_8_8,Plaza del Carmen,2026,5,7,10,18,V,2026-05-07 10:00:00,3,False
28,79,35,12,NOx,28079035_12_8,Plaza del Carmen,2026,5,7,11,23,V,2026-05-07 11:00:00,3,False
28,79,35,14,O3,28079035_14_6,Plaza del Carmen,2026,5,7,11,79,V,2026-05-07 11:00:00,3,False
28,79,35,7,NO,28079035_7_8,Plaza del Carmen,2026,5,7,11,4,V,2026-05-07 11:00:00,3,False
28,79,35,8,NO2,28079035_8_8,Plaza del Carmen,2026,5,7,11,17,V,2026-05-07 11:00:00,3,False
28,79,35,12,NOx,28079035_12_8,Plaza del Carmen,2026,5,7,12,17,V,2026-05-07 12:00:00,3,False
28,79,35,14,O3,28079035_14_6,Plaza del Carmen,2026,5,7,12,87,V,2026-05-07 12:00:00,3,False
28,79,35,7,NO,28079035_7_8,Plaza del Carmen,2026,5,7,12,3,V,2026-05-07 12:00:00,3,False
28,79,35,8,NO2,28079035_8_8,Plaza del Carmen,2026,5,7,12,13,V,2026-05-07 12:00:00,3,False
28,79,35,12,NOx,28079035_12_8,Plaza del Carmen,2026,5,7,13,0,N,2026-05-07 13:00:00,3,False
28,79,35,14,O3,28079035_14_6,Plaza del Carmen,2026,5,7,13,0,N,2026-05-07 13:00:00,3,False
28,79,35,7,NO,28079035_7_8,Plaza del Carmen,2026,5,7,13,0,N,2026-05-07 13:00:00,3,False
28,79,35,8,NO2,28079035_8_8,Plaza del Carmen,2026,5,7,13,0,N,2026-05-07 13:00:00,3,False
28,79,35,12,NOx,28079035_12_8,Plaza del Carmen,2026,5,7,14,0,N,2026-05-07 14:00:00,3,False
28,79,35,14,O3,28079035_14_6,Plaza del Carmen,2026,5,7,14,0,N,2026-05-07 14:00:00,3,False
28,79,35,7,NO,28079035_7_8,Plaza del Carmen,2026,5,7,14,0,N,2026-05-07 14:00:00,3,False
28,79,35,8,NO2,28079035_8_8,Plaza del Carmen,2026,5,7,14,0,N,2026-05-07 14:00:00,3,False
28,79,35,12,NOx,28079035_12_8,Plaza del Carmen,2026,5,7,15,0,N,2026-05-07 15:00:00,3,False
28,79,35,14,O3,28079035_14_6,Plaza del Carmen,2026,5,7,15,0,N,2026-05-07 15:00:00,3,False
28,79,35,7,NO,28079035_7_8,Plaza del Carmen,2026,5,7,15,0,N,2026-05-07 15:00:00,3,False
28,79,35,8,NO2,28079035_8_8,Plaza del Carmen,2026,5,7,15,0,N,2026-05-07 15:00:00,3,False
28,79,35,12,NOx,28079035_12_8,Plaza del Carmen,2026,5,7,16,0,N,2026-05-07 16:00:00,3,False
28,79,35,14,O3,28079035_14_6,Plaza del Carmen,2026,5,7,16,0,N,2026-05-07 16:00:00,3,False
28,79,35,7,NO,28079035_7_8,Plaza del Carmen,2026,5,7,16,0,N,2026-05-07 16:00:00,3,False
28,79,35,8,NO2,28079035_8_8,Plaza del Carmen,2026,5,7,16,0,N,2026-05-07 16:00:00,3,False
28,79,35,12,NOx,28079035_12_8,Plaza del Carmen,2026,5,7,17,0,N,2026-05-07 17:00:00,3,False
28,79,35,14,O3,28079035_14_6,Plaza del Carmen,2026,5,7,17,0,N,2026-05-07 17:00:00,3,False
28,79,35,7,NO,28079035_7_8,Plaza del Carmen,2026,5,7,17,0,N,2026-05-07 17:00:00,3,False
28,79,35,8,NO2,28079035_8_8,Plaza del Carmen,2026,5,7,17,0,N,2026-05-07 17:00:00,3,False
28,79,35,12,NOx,28079035_12_8,Plaza del Carmen,2026,5,7,18,0,N,2026-05-07 18:00:00,3,False
28,79,35,14,O3,28079035_14_6,Plaza del Carmen,2026,5,7,18,0,N,2026-05-07 18:00:00,3,False
28,79,35,7,NO,28079035_7_8,Plaza del Carmen,2026,5,7,18,0,N,2026-05-07 18:00:00,3,False
28,79,35,8,NO2,28079035_8_8,Plaza del Carmen,2026,5,7,18,0,N,2026-05-07 18:00:00,3,False
28,79,35,12,NOx,28079035_12_8,Plaza del Carmen,2026,5,7,19,0,N,2026-05-07 19:00:00,3,False
28,79,35,14,O3,28079035_14_6,Plaza del Carmen,2026,5,7,19,0,N,2026-05-07 19:00:00,3,False
28,79,35,7,NO,28079035_7_8,Plaza del Carmen,2026,5,7,19,0,N,2026-05-07 19:00:00,3,False
28,79,35,8,NO2,28079035_8_8,Plaza del Carmen,2026,5,7,19,0,N,2026-05-07 19:00:00,3,False
28,79,35,12,NOx,28079035_12_8,Plaza del Carmen,2026,5,7,20,0,N,2026-05-07 20:00:00,3,False
28,79,35,14,O3,28079035_14_6,Plaza del Carmen,2026,5,7,20,0,N,2026-05-07 20:00:00,3,False
28,79,35,7,NO,28079035_7_8,Plaza del Carmen,2026,5,7,20,0,N,2026-05-07 20:00:00,3,False
28,79,35,8,NO2,28079035_8_8,Plaza del Carmen,2026,5,7,20,0,N,2026-05-07 20:00:00,3,False
28,79,35,12,NOx,28079035_12_8,Plaza del Carmen,2026,5,7,21,0,N,2026-05-07 21:00:00,3,False
28,79,35,14,O3,28079035_14_6,Plaza del Carmen,2026,5,7,21,0,N,2026-05-07 21:00:00,3,False
28,79,35,7,NO,28079035_7_8,Plaza del Carmen,2026,5,7,21,0,N,2026-05-07 21:00:00,3,False
28,79,35,8,NO2,28079035_8_8,Plaza del Carmen,2026,5,7,21,0,N,2026-05-07 21:00:00,3,False
28,79,35,12,NOx,28079035_12_8,Plaza del Carmen,2026,5,7,22,0,N,2026-05-07 22:00:00,3,False
28,79,35,14,O3,28079035_14_6,Plaza del Carmen,2026,5,7,22,0,N,2026-05-07 22:00:00,3,False
28,79,35,7,NO,28079035_7_8,Plaza del Carmen,2026,5,7,22,0,N,2026-05-07 22:00:00,3,False
28,79,35,8,NO2,28079035_8_8,Plaza del Carmen,2026,5,7,22,0,N,2026-05-07 22:00:00,3,False
28,79,35,12,NOx,28079035_12_8,Plaza del Carmen,2026,5,7,23,0,N,2026-05-07 23:00:00,3,False
28,79,35,14,O3,28079035_14_6,Plaza del Carmen,2026,5,7,23,0,N,2026-05-07 23:00:00,3,False
28,79,35,7,NO,28079035_7_8,Plaza del Carmen,2026,5,7,23,0,N,2026-05-07 23:00:00,3,False
28,79,35,8,NO2,28079035_8_8,Plaza del Carmen,2026,5,7,23,0,N,2026-05-07 23:00:00,3,False
28,79,11,12,NOx,28079011_12_8,Ramón y Cajal,2026,5,7,0,38,V,2026-05-07 00:00:00,3,False
28,79,11,7,NO,28079011_7_8,Ramón y Cajal,2026,5,7,0,0,V,2026-05-07 00:00:00,3,False
28,79,11,8,NO2,28079011_8_8,Ramón y Cajal,2026,5,7,0,38,V,2026-05-07 00:00:00,3,False
28,79,11,12,NOx,28079011_12_8,Ramón y Cajal,2026,5,7,1,8,V,2026-05-07 01:00:00,3,False
28,79,11,7,NO,28079011_7_8,Ramón y Cajal,2026,5,7,1,0,V,2026-05-07 01:00:00,3,False
28,79,11,8,NO2,28079011_8_8,Ramón y Cajal,2026,5,7,1,8,V,2026-05-07 01:00:00,3,False
28,79,11,12,NOx,28079011_12_8,Ramón y Cajal,2026,5,7,2,4,V,2026-05-07 02:00:00,3,False
28,79,11,7,NO,28079011_7_8,Ramón y Cajal,2026,5,7,2,0,V,2026-05-07 02:00:00,3,False
28,79,11,8,NO2,28079011_8_8,Ramón y Cajal,2026,5,7,2,4,V,2026-05-07 02:00:00,3,False
28,79,11,12,NOx,28079011_12_8,Ramón y Cajal,2026,5,7,3,4,V,2026-05-07 03:00:00,3,False
28,79,11,7,NO,28079011_7_8,Ramón y Cajal,2026,5,7,3,0,V,2026-05-07 03:00:00,3,False
28,79,11,8,NO2,28079011_8_8,Ramón y Cajal,2026,5,7,3,4,V,2026-05-07 03:00:00,3,False
28,79,11,12,NOx,28079011_12_8,Ramón y Cajal,2026,5,7,4,4,V,2026-05-07 04:00:00,3,False
28,79,11,7,NO,28079011_7_8,Ramón y Cajal,2026,5,7,4,0,V,2026-05-07 04:00:00,3,False
28,79,11,8,NO2,28079011_8_8,Ramón y Cajal,2026,5,7,4,4,V,2026-05-07 04:00:00,3,False
28,79,11,12,NOx,28079011_12_8,Ramón y Cajal,2026,5,7,5,5,V,2026-05-07 05:00:00,3,False
28,79,11,7,NO,28079011_7_8,Ramón y Cajal,2026,5,7,5,0,V,2026-05-07 05:00:00,3,False
28,79,11,8,NO2,28079011_8_8,Ramón y Cajal,2026,5,7,5,5,V,2026-05-07 05:00:00,3,False
28,79,11,12,NOx,28079011_12_8,Ramón y Cajal,2026,5,7,6,12,V,2026-05-07 06:00:00,3,False
28,79,11,7,NO,28079011_7_8,Ramón y Cajal,2026,5,7,6,0,V,2026-05-07 06:00:00,3,False
28,79,11,8,NO2,28079011_8_8,Ramón y Cajal,2026,5,7,6,12,V,2026-05-07 06:00:00,3,False
28,79,11,12,NOx,28079011_12_8,Ramón y Cajal,2026,5,7,7,24,V,2026-05-07 07:00:00,3,False
28,79,11,7,NO,28079011_7_8,Ramón y Cajal,2026,5,7,7,0,V,2026-05-07 07:00:00,3,False
28,79,11,8,NO2,28079011_8_8,Ramón y Cajal,2026,5,7,7,23,V,2026-05-07 07:00:00,3,False
28,79,11,12,NOx,28079011_12_8,Ramón y Cajal,2026,5,7,8,33,V,2026-05-07 08:00:00,3,False
28,79,11,7,NO,28079011_7_8,Ramón y Cajal,2026,5,7,8,2,V,2026-05-07 08:00:00,3,False
28,79,11,8,NO2,28079011_8_8,Ramón y Cajal,2026,5,7,8,31,V,2026-05-07 08:00:00,3,False
28,79,11,12,NOx,28079011_12_8,Ramón y Cajal,2026,5,7,9,38,V,2026-05-07 09:00:00,3,False
28,79,11,7,NO,28079011_7_8,Ramón y Cajal,2026,5,7,9,3,V,2026-05-07 09:00:00,3,False
28,79,11,8,NO2,28079011_8_8,Ramón y Cajal,2026,5,7,9,33,V,2026-05-07 09:00:00,3,False
28,79,11,12,NOx,28079011_12_8,Ramón y Cajal,2026,5,7,10,28,V,2026-05-07 10:00:00,3,False
28,79,11,7,NO,28079011_7_8,Ramón y Cajal,2026,5,7,10,4,V,2026-05-07 10:00:00,3,False
28,79,11,8,NO2,28079011_8_8,Ramón y Cajal,2026,5,7,10,21,V,2026-05-07 10:00:00,3,False
28,79,11,12,NOx,28079011_12_8,Ramón y Cajal,2026,5,7,11,29,V,2026-05-07 11:00:00,3,False
28,79,11,7,NO,28079011_7_8,Ramón y Cajal,2026,5,7,11,6,V,2026-05-07 11:00:00,3,False
28,79,11,8,NO2,28079011_8_8,Ramón y Cajal,2026,5,7,11,20,V,2026-05-07 11:00:00,3,False
28,79,11,12,NOx,28079011_12_8,Ramón y Cajal,2026,5,7,12,35,V,2026-05-07 12:00:00,3,False
28,79,11,7,NO,28079011_7_8,Ramón y Cajal,2026,5,7,12,8,V,2026-05-07 12:00:00,3,False
28,79,11,8,NO2,28079011_8_8,Ramón y Cajal,2026,5,7,12,23,V,2026-05-07 12:00:00,3,False
28,79,11,12,NOx,28079011_12_8,Ramón y Cajal,2026,5,7,13,0,N,2026-05-07 13:00:00,3,False
28,79,11,7,NO,28079011_7_8,Ramón y Cajal,2026,5,7,13,0,N,2026-05-07 13:00:00,3,False
28,79,11,8,NO2,28079011_8_8,Ramón y Cajal,2026,5,7,13,0,N,2026-05-07 13:00:00,3,False
28,79,11,12,NOx,28079011_12_8,Ramón y Cajal,2026,5,7,14,0,N,2026-05-07 14:00:00,3,False
28,79,11,7,NO,28079011_7_8,Ramón y Cajal,2026,5,7,14,0,N,2026-05-07 14:00:00,3,False
28,79,11,8,NO2,28079011_8_8,Ramón y Cajal,2026,5,7,14,0,N,2026-05-07 14:00:00,3,False
28,79,11,12,NOx,28079011_12_8,Ramón y Cajal,2026,5,7,15,0,N,2026-05-07 15:00:00,3,False
28,79,11,7,NO,28079011_7_8,Ramón y Cajal,2026,5,7,15,0,N,2026-05-07 15:00:00,3,False
28,79,11,8,NO2,28079011_8_8,Ramón y Cajal,2026,5,7,15,0,N,2026-05-07 15:00:00,3,False
28,79,11,12,NOx,28079011_12_8,Ramón y Cajal,2026,5,7,16,0,N,2026-05-07 16:00:00,3,False
28,79,11,7,NO,28079011_7_8,Ramón y Cajal,2026,5,7,16,0,N,2026-05-07 16:00:00,3,False
28,79,11,8,NO2,28079011_8_8,Ramón y Cajal,2026,5,7,16,0,N,2026-05-07 16:00:00,3,False
28,79,11,12,NOx,28079011_12_8,Ramón y Cajal,2026,5,7,17,0,N,2026-05-07 17:00:00,3,False
28,79,11,7,NO,28079011_7_8,Ramón y Cajal,2026,5,7,17,0,N,2026-05-07 17:00:00,3,False
28,79,11,8,NO2,28079011_8_8,Ramón y Cajal,2026,5,7,17,0,N,2026-05-07 17:00:00,3,False
28,79,11,12,NOx,28079011_12_8,Ramón y Cajal,2026,5,7,18,0,N,2026-05-07 18:00:00,3,False
28,79,11,7,NO,28079011_7_8,Ramón y Cajal,2026,5,7,18,0,N,2026-05-07 18:00:00,3,False
28,79,11,8,NO2,28079011_8_8,Ramón y Cajal,2026,5,7,18,0,N,2026-05-07 18:00:00,3,False
28,79,11,12,NOx,28079011_12_8,Ramón y Cajal,2026,5,7,19,0,N,2026-05-07 19:00:00,3,False
28,79,11,7,NO,28079011_7_8,Ramón y Cajal,2026,5,7,19,0,N,2026-05-07 19:00:00,3,False
28,79,11,8,NO2,28079011_8_8,Ramón y Cajal,2026,5,7,19,0,N,2026-05-07 19:00:00,3,False
28,79,11,12,NOx,28079011_12_8,Ramón y Cajal,2026,5,7,20,0,N,2026-05-07 20:00:00,3,False
28,79,11,7,NO,28079011_7_8,Ramón y Cajal,2026,5,7,20,0,N,2026-05-07 20:00:00,3,False
28,79,11,8,NO2,28079011_8_8,Ramón y Cajal,2026,5,7,20,0,N,2026-05-07 20:00:00,3,False
28,79,11,12,NOx,28079011_12_8,Ramón y Cajal,2026,5,7,21,0,N,2026-05-07 21:00:00,3,False
28,79,11,7,NO,28079011_7_8,Ramón y Cajal,2026,5,7,21,0,N,2026-05-07 21:00:00,3,False
28,79,11,8,NO2,28079011_8_8,Ramón y Cajal,2026,5,7,21,0,N,2026-05-07 21:00:00,3,False
28,79,11,12,NOx,28079011_12_8,Ramón y Cajal,2026,5,7,22,0,N,2026-05-07 22:00:00,3,False
28,79,11,7,NO,28079011_7_8,Ramón y Cajal,2026,5,7,22,0,N,2026-05-07 22:00:00,3,False
28,79,11,8,NO2,28079011_8_8,Ramón y Cajal,2026,5,7,22,0,N,2026-05-07 22:00:00,3,False
28,79,11,12,NOx,28079011_12_8,Ramón y Cajal,2026,5,7,23,0,N,2026-05-07 23:00:00,3,False
28,79,11,7,NO,28079011_7_8,Ramón y Cajal,2026,5,7,23,0,N,2026-05-07 23:00:00,3,False
28,79,11,8,NO2,28079011_8_8,Ramón y Cajal,2026,5,7,23,0,N,2026-05-07 23:00:00,3,False
28,79,57,10,PM10,28079057_10_47,Sanchinarro,2026,5,7,0,14,V,2026-05-07 00:00:00,3,False
28,79,57,12,NOx,28079057_12_8,Sanchinarro,2026,5,7,0,17,V,2026-05-07 00:00:00,3,False
28,79,57,7,NO,28079057_7_8,Sanchinarro,2026,5,7,0,0,V,2026-05-07 00:00:00,3,False
28,79,57,8,NO2,28079057_8_8,Sanchinarro,2026,5,7,0,16,V,2026-05-07 00:00:00,3,False
28,79,57,9,PM2.5,28079057_9_A,Sanchinarro,2026,5,7,0,6,V,2026-05-07 00:00:00,3,False
28,79,57,10,PM10,28079057_10_47,Sanchinarro,2026,5,7,1,9,V,2026-05-07 01:00:00,3,False
28,79,57,12,NOx,28079057_12_8,Sanchinarro,2026,5,7,1,6,V,2026-05-07 01:00:00,3,False
28,79,57,7,NO,28079057_7_8,Sanchinarro,2026,5,7,1,0,V,2026-05-07 01:00:00,3,False
28,79,57,8,NO2,28079057_8_8,Sanchinarro,2026,5,7,1,6,V,2026-05-07 01:00:00,3,False
28,79,57,9,PM2.5,28079057_9_A,Sanchinarro,2026,5,7,1,4,V,2026-05-07 01:00:00,3,False
28,79,57,10,PM10,28079057_10_47,Sanchinarro,2026,5,7,2,5,V,2026-05-07 02:00:00,3,False
28,79,57,12,NOx,28079057_12_8,Sanchinarro,2026,5,7,2,2,V,2026-05-07 02:00:00,3,False
28,79,57,7,NO,28079057_7_8,Sanchinarro,2026,5,7,2,0,V,2026-05-07 02:00:00,3,False
28,79,57,8,NO2,28079057_8_8,Sanchinarro,2026,5,7,2,2,V,2026-05-07 02:00:00,3,False
28,79,57,9,PM2.5,28079057_9_A,Sanchinarro,2026,5,7,2,2,V,2026-05-07 02:00:00,3,False
28,79,57,10,PM10,28079057_10_47,Sanchinarro,2026,5,7,3,7,V,2026-05-07 03:00:00,3,False
28,79,57,12,NOx,28079057_12_8,Sanchinarro,2026,5,7,3,4,V,2026-05-07 03:00:00,3,False
28,79,57,7,NO,28079057_7_8,Sanchinarro,2026,5,7,3,0,V,2026-05-07 03:00:00,3,False
28,79,57,8,NO2,28079057_8_8,Sanchinarro,2026,5,7,3,3,V,2026-05-07 03:00:00,3,False
28,79,57,9,PM2.5,28079057_9_A,Sanchinarro,2026,5,7,3,4,V,2026-05-07 03:00:00,3,False
28,79,57,10,PM10,28079057_10_47,Sanchinarro,2026,5,7,4,6,V,2026-05-07 04:00:00,3,False
28,79,57,12,NOx,28079057_12_8,Sanchinarro,2026,5,7,4,3,V,2026-05-07 04:00:00,3,False
28,79,57,7,NO,28079057_7_8,Sanchinarro,2026,5,7,4,0,V,2026-05-07 04:00:00,3,False
28,79,57,8,NO2,28079057_8_8,Sanchinarro,2026,5,7,4,2,V,2026-05-07 04:00:00,3,False
28,79,57,9,PM2.5,28079057_9_A,Sanchinarro,2026,5,7,4,3,V,2026-05-07 04:00:00,3,False
28,79,57,10,PM10,28079057_10_47,Sanchinarro,2026,5,7,5,4,V,2026-05-07 05:00:00,3,False
28,79,57,12,NOx,28079057_12_8,Sanchinarro,2026,5,7,5,3,V,2026-05-07 05:00:00,3,False
28,79,57,7,NO,28079057_7_8,Sanchinarro,2026,5,7,5,0,V,2026-05-07 05:00:00,3,False
28,79,57,8,NO2,28079057_8_8,Sanchinarro,2026,5,7,5,3,V,2026-05-07 05:00:00,3,False
28,79,57,9,PM2.5,28079057_9_A,Sanchinarro,2026,5,7,5,3,V,2026-05-07 05:00:00,3,False
28,79,57,10,PM10,28079057_10_47,Sanchinarro,2026,5,7,6,5,V,2026-05-07 06:00:00,3,False
28,79,57,12,NOx,28079057_12_8,Sanchinarro,2026,5,7,6,8,V,2026-05-07 06:00:00,3,False
28,79,57,7,NO,28079057_7_8,Sanchinarro,2026,5,7,6,0,V,2026-05-07 06:00:00,3,False
28,79,57,8,NO2,28079057_8_8,Sanchinarro,2026,5,7,6,7,V,2026-05-07 06:00:00,3,False
28,79,57,9,PM2.5,28079057_9_A,Sanchinarro,2026,5,7,6,3,V,2026-05-07 06:00:00,3,False
28,79,57,10,PM10,28079057_10_47,Sanchinarro,2026,5,7,7,8,V,2026-05-07 07:00:00,3,False
28,79,57,12,NOx,28079057_12_8,Sanchinarro,2026,5,7,7,18,V,2026-05-07 07:00:00,3,False
28,79,57,7,NO,28079057_7_8,Sanchinarro,2026,5,7,7,1,V,2026-05-07 07:00:00,3,False
28,79,57,8,NO2,28079057_8_8,Sanchinarro,2026,5,7,7,16,V,2026-05-07 07:00:00,3,False
28,79,57,9,PM2.5,28079057_9_A,Sanchinarro,2026,5,7,7,4,V,2026-05-07 07:00:00,3,False
28,79,57,10,PM10,28079057_10_47,Sanchinarro,2026,5,7,8,12,V,2026-05-07 08:00:00,3,False
28,79,57,12,NOx,28079057_12_8,Sanchinarro,2026,5,7,8,29,V,2026-05-07 08:00:00,3,False
28,79,57,7,NO,28079057_7_8,Sanchinarro,2026,5,7,8,5,V,2026-05-07 08:00:00,3,False
28,79,57,8,NO2,28079057_8_8,Sanchinarro,2026,5,7,8,22,V,2026-05-07 08:00:00,3,False
28,79,57,9,PM2.5,28079057_9_A,Sanchinarro,2026,5,7,8,6,V,2026-05-07 08:00:00,3,False
28,79,57,10,PM10,28079057_10_47,Sanchinarro,2026,5,7,9,17,V,2026-05-07 09:00:00,3,False
28,79,57,12,NOx,28079057_12_8,Sanchinarro,2026,5,7,9,35,V,2026-05-07 09:00:00,3,False
28,79,57,7,NO,28079057_7_8,Sanchinarro,2026,5,7,9,6,V,2026-05-07 09:00:00,3,False
28,79,57,8,NO2,28079057_8_8,Sanchinarro,2026,5,7,9,26,V,2026-05-07 09:00:00,3,False
28,79,57,9,PM2.5,28079057_9_A,Sanchinarro,2026,5,7,9,10,V,2026-05-07 09:00:00,3,False
28,79,57,10,PM10,28079057_10_47,Sanchinarro,2026,5,7,10,3,V,2026-05-07 10:00:00,3,False
28,79,57,12,NOx,28079057_12_8,Sanchinarro,2026,5,7,10,15,V,2026-05-07 10:00:00,3,False
28,79,57,7,NO,28079057_7_8,Sanchinarro,2026,5,7,10,3,V,2026-05-07 10:00:00,3,False
28,79,57,8,NO2,28079057_8_8,Sanchinarro,2026,5,7,10,10,V,2026-05-07 10:00:00,3,False
28,79,57,9,PM2.5,28079057_9_A,Sanchinarro,2026,5,7,10,1,V,2026-05-07 10:00:00,3,False
28,79,57,10,PM10,28079057_10_47,Sanchinarro,2026,5,7,11,17,V,2026-05-07 11:00:00,3,False
28,79,57,12,NOx,28079057_12_8,Sanchinarro,2026,5,7,11,15,V,2026-05-07 11:00:00,3,False
28,79,57,7,NO,28079057_7_8,Sanchinarro,2026,5,7,11,3,V,2026-05-07 11:00:00,3,False
28,79,57,8,NO2,28079057_8_8,Sanchinarro,2026,5,7,11,9,V,2026-05-07 11:00:00,3,False
28,79,57,9,PM2.5,28079057_9_A,Sanchinarro,2026,5,7,11,7,V,2026-05-07 11:00:00,3,False
28,79,57,10,PM10,28079057_10_47,Sanchinarro,2026,5,7,12,19,V,2026-05-07 12:00:00,3,False
28,79,57,12,NOx,28079057_12_8,Sanchinarro,2026,5,7,12,11,V,2026-05-07 12:00:00,3,False
28,79,57,7,NO,28079057_7_8,Sanchinarro,2026,5,7,12,2,V,2026-05-07 12:00:00,3,False
28,79,57,8,NO2,28079057_8_8,Sanchinarro,2026,5,7,12,7,V,2026-05-07 12:00:00,3,False
28,79,57,9,PM2.5,28079057_9_A,Sanchinarro,2026,5,7,12,11,V,2026-05-07 12:00:00,3,False
28,79,57,10,PM10,28079057_10_47,Sanchinarro,2026,5,7,13,0,N,2026-05-07 13:00:00,3,False
28,79,57,12,NOx,28079057_12_8,Sanchinarro,2026,5,7,13,0,N,2026-05-07 13:00:00,3,False
28,79,57,7,NO,28079057_7_8,Sanchinarro,2026,5,7,13,0,N,2026-05-07 13:00:00,3,False
28,79,57,8,NO2,28079057_8_8,Sanchinarro,2026,5,7,13,0,N,2026-05-07 13:00:00,3,False
28,79,57,9,PM2.5,28079057_9_A,Sanchinarro,2026,5,7,13,0,N,2026-05-07 13:00:00,3,False
28,79,57,10,PM10,28079057_10_47,Sanchinarro,2026,5,7,14,0,N,2026-05-07 14:00:00,3,False
28,79,57,12,NOx,28079057_12_8,Sanchinarro,2026,5,7,14,0,N,2026-05-07 14:00:00,3,False
28,79,57,7,NO,28079057_7_8,Sanchinarro,2026,5,7,14,0,N,2026-05-07 14:00:00,3,False
28,79,57,8,NO2,28079057_8_8,Sanchinarro,2026,5,7,14,0,N,2026-05-07 14:00:00,3,False
28,79,57,9,PM2.5,28079057_9_A,Sanchinarro,2026,5,7,14,0,N,2026-05-07 14:00:00,3,False
28,79,57,10,PM10,28079057_10_47,Sanchinarro,2026,5,7,15,0,N,2026-05-07 15:00:00,3,False
28,79,57,12,NOx,28079057_12_8,Sanchinarro,2026,5,7,15,0,N,2026-05-07 15:00:00,3,False
28,79,57,7,NO,28079057_7_8,Sanchinarro,2026,5,7,15,0,N,2026-05-07 15:00:00,3,False
28,79,57,8,NO2,28079057_8_8,Sanchinarro,2026,5,7,15,0,N,2026-05-07 15:00:00,3,False
28,79,57,9,PM2.5,28079057_9_A,Sanchinarro,2026,5,7,15,0,N,2026-05-07 15:00:00,3,False
28,79,57,10,PM10,28079057_10_47,Sanchinarro,2026,5,7,16,0,N,2026-05-07 16:00:00,3,False
28,79,57,12,NOx,28079057_12_8,Sanchinarro,2026,5,7,16,0,N,2026-05-07 16:00:00,3,False
28,79,57,7,NO,28079057_7_8,Sanchinarro,2026,5,7,16,0,N,2026-05-07 16:00:00,3,False
28,79,57,8,NO2,28079057_8_8,Sanchinarro,2026,5,7,16,0,N,2026-05-07 16:00:00,3,False
28,79,57,9,PM2.5,28079057_9_A,Sanchinarro,2026,5,7,16,0,N,2026-05-07 16:00:00,3,False
28,79,57,10,PM10,28079057_10_47,Sanchinarro,2026,5,7,17,0,N,2026-05-07 17:00:00,3,False
28,79,57,12,NOx,28079057_12_8,Sanchinarro,2026,5,7,17,0,N,2026-05-07 17:00:00,3,False
28,79,57,7,NO,28079057_7_8,Sanchinarro,2026,5,7,17,0,N,2026-05-07 17:00:00,3,False
28,79,57,8,NO2,28079057_8_8,Sanchinarro,2026,5,7,17,0,N,2026-05-07 17:00:00,3,False
28,79,57,9,PM2.5,28079057_9_A,Sanchinarro,2026,5,7,17,0,N,2026-05-07 17:00:00,3,False
28,79,57,10,PM10,28079057_10_47,Sanchinarro,2026,5,7,18,0,N,2026-05-07 18:00:00,3,False
28,79,57,12,NOx,28079057_12_8,Sanchinarro,2026,5,7,18,0,N,2026-05-07 18:00:00,3,False
28,79,57,7,NO,28079057_7_8,Sanchinarro,2026,5,7,18,0,N,2026-05-07 18:00:00,3,False
28,79,57,8,NO2,28079057_8_8,Sanchinarro,2026,5,7,18,0,N,2026-05-07 18:00:00,3,False
28,79,57,9,PM2.5,28079057_9_A,Sanchinarro,2026,5,7,18,0,N,2026-05-07 18:00:00,3,False
28,79,57,10,PM10,28079057_10_47,Sanchinarro,2026,5,7,19,0,N,2026-05-07 19:00:00,3,False
28,79,57,12,NOx,28079057_12_8,Sanchinarro,2026,5,7,19,0,N,2026-05-07 19:00:00,3,False
28,79,57,7,NO,28079057_7_8,Sanchinarro,2026,5,7,19,0,N,2026-05-07 19:00:00,3,False
28,79,57,8,NO2,28079057_8_8,Sanchinarro,2026,5,7,19,0,N,2026-05-07 19:00:00,3,False
28,79,57,9,PM2.5,28079057_9_A,Sanchinarro,2026,5,7,19,0,N,2026-05-07 19:00:00,3,False
28,79,57,10,PM10,28079057_10_47,Sanchinarro,2026,5,7,20,0,N,2026-05-07 20:00:00,3,False
28,79,57,12,NOx,28079057_12_8,Sanchinarro,2026,5,7,20,0,N,2026-05-07 20:00:00,3,False
28,79,57,7,NO,28079057_7_8,Sanchinarro,2026,5,7,20,0,N,2026-05-07 20:00:00,3,False
28,79,57,8,NO2,28079057_8_8,Sanchinarro,2026,5,7,20,0,N,2026-05-07 20:00:00,3,False
28,79,57,9,PM2.5,28079057_9_A,Sanchinarro,2026,5,7,20,0,N,2026-05-07 20:00:00,3,False
28,79,57,10,PM10,28079057_10_47,Sanchinarro,2026,5,7,21,0,N,2026-05-07 21:00:00,3,False
28,79,57,12,NOx,28079057_12_8,Sanchinarro,2026,5,7,21,0,N,2026-05-07 21:00:00,3,False
28,79,57,7,NO,28079057_7_8,Sanchinarro,2026,5,7,21,0,N,2026-05-07 21:00:00,3,False
28,79,57,8,NO2,28079057_8_8,Sanchinarro,2026,5,7,21,0,N,2026-05-07 21:00:00,3,False
28,79,57,9,PM2.5,28079057_9_A,Sanchinarro,2026,5,7,21,0,N,2026-05-07 21:00:00,3,False
28,79,57,10,PM10,28079057_10_47,Sanchinarro,2026,5,7,22,0,N,2026-05-07 22:00:00,3,False
28,79,57,12,NOx,28079057_12_8,Sanchinarro,2026,5,7,22,0,N,2026-05-07 22:00:00,3,False
28,79,57,7,NO,28079057_7_8,Sanchinarro,2026,5,7,22,0,N,2026-05-07 22:00:00,3,False
28,79,57,8,NO2,28079057_8_8,Sanchinarro,2026,5,7,22,0,N,2026-05-07 22:00:00,3,False
28,79,57,9,PM2.5,28079057_9_A,Sanchinarro,2026,5,7,22,0,N,2026-05-07 22:00:00,3,False
28,79,57,10,PM10,28079057_10_47,Sanchinarro,2026,5,7,23,0,N,2026-05-07 23:00:00,3,False
28,79,57,12,NOx,28079057_12_8,Sanchinarro,2026,5,7,23,0,N,2026-05-07 23:00:00,3,False
28,79,57,7,NO,28079057_7_8,Sanchinarro,2026,5,7,23,0,N,2026-05-07 23:00:00,3,False
28,79,57,8,NO2,28079057_8_8,Sanchinarro,2026,5,7,23,0,N,2026-05-07 23:00:00,3,False
28,79,57,9,PM2.5,28079057_9_A,Sanchinarro,2026,5,7,23,0,N,2026-05-07 23:00:00,3,False
28,79,60,10,PM10,28079060_10_47,Tres Olivos,2026,5,7,0,10,V,2026-05-07 00:00:00,3,False
28,79,60,12,NOx,28079060_12_8,Tres Olivos,2026,5,7,0,29,V,2026-05-07 00:00:00,3,False
28,79,60,14,O3,28079060_14_6,Tres Olivos,2026,5,7,0,69,V,2026-05-07 00:00:00,3,False
28,79,60,7,NO,28079060_7_8,Tres Olivos,2026,5,7,0,0,V,2026-05-07 00:00:00,3,False
28,79,60,8,NO2,28079060_8_8,Tres Olivos,2026,5,7,0,29,V,2026-05-07 00:00:00,3,False
28,79,60,9,PM2.5,28079060_9_A,Tres Olivos,2026,5,7,0,4,V,2026-05-07 00:00:00,3,False
28,79,60,10,PM10,28079060_10_47,Tres Olivos,2026,5,7,1,6,V,2026-05-07 01:00:00,3,False
28,79,60,12,NOx,28079060_12_8,Tres Olivos,2026,5,7,1,6,V,2026-05-07 01:00:00,3,False
28,79,60,14,O3,28079060_14_6,Tres Olivos,2026,5,7,1,82,V,2026-05-07 01:00:00,3,False
28,79,60,7,NO,28079060_7_8,Tres Olivos,2026,5,7,1,0,V,2026-05-07 01:00:00,3,False
28,79,60,8,NO2,28079060_8_8,Tres Olivos,2026,5,7,1,6,V,2026-05-07 01:00:00,3,False
28,79,60,9,PM2.5,28079060_9_A,Tres Olivos,2026,5,7,1,2,V,2026-05-07 01:00:00,3,False
28,79,60,10,PM10,28079060_10_47,Tres Olivos,2026,5,7,2,3,V,2026-05-07 02:00:00,3,False
28,79,60,12,NOx,28079060_12_8,Tres Olivos,2026,5,7,2,4,V,2026-05-07 02:00:00,3,False
28,79,60,14,O3,28079060_14_6,Tres Olivos,2026,5,7,2,76,V,2026-05-07 02:00:00,3,False
28,79,60,7,NO,28079060_7_8,Tres Olivos,2026,5,7,2,0,V,2026-05-07 02:00:00,3,False
28,79,60,8,NO2,28079060_8_8,Tres Olivos,2026,5,7,2,4,V,2026-05-07 02:00:00,3,False
28,79,60,9,PM2.5,28079060_9_A,Tres Olivos,2026,5,7,2,1,V,2026-05-07 02:00:00,3,False
28,79,60,10,PM10,28079060_10_47,Tres Olivos,2026,5,7,3,5,V,2026-05-07 03:00:00,3,False
28,79,60,12,NOx,28079060_12_8,Tres Olivos,2026,5,7,3,4,V,2026-05-07 03:00:00,3,False
28,79,60,14,O3,28079060_14_6,Tres Olivos,2026,5,7,3,74,V,2026-05-07 03:00:00,3,False
28,79,60,7,NO,28079060_7_8,Tres Olivos,2026,5,7,3,0,V,2026-05-07 03:00:00,3,False
28,79,60,8,NO2,28079060_8_8,Tres Olivos,2026,5,7,3,4,V,2026-05-07 03:00:00,3,False
28,79,60,9,PM2.5,28079060_9_A,Tres Olivos,2026,5,7,3,2,V,2026-05-07 03:00:00,3,False
28,79,60,10,PM10,28079060_10_47,Tres Olivos,2026,5,7,4,5,V,2026-05-07 04:00:00,3,False
28,79,60,12,NOx,28079060_12_8,Tres Olivos,2026,5,7,4,5,V,2026-05-07 04:00:00,3,False
28,79,60,14,O3,28079060_14_6,Tres Olivos,2026,5,7,4,75,V,2026-05-07 04:00:00,3,False
28,79,60,7,NO,28079060_7_8,Tres Olivos,2026,5,7,4,0,V,2026-05-07 04:00:00,3,False
28,79,60,8,NO2,28079060_8_8,Tres Olivos,2026,5,7,4,5,V,2026-05-07 04:00:00,3,False
28,79,60,9,PM2.5,28079060_9_A,Tres Olivos,2026,5,7,4,2,V,2026-05-07 04:00:00,3,False
28,79,60,10,PM10,28079060_10_47,Tres Olivos,2026,5,7,5,4,V,2026-05-07 05:00:00,3,False
28,79,60,12,NOx,28079060_12_8,Tres Olivos,2026,5,7,5,5,V,2026-05-07 05:00:00,3,False
28,79,60,14,O3,28079060_14_6,Tres Olivos,2026,5,7,5,74,V,2026-05-07 05:00:00,3,False
28,79,60,7,NO,28079060_7_8,Tres Olivos,2026,5,7,5,0,V,2026-05-07 05:00:00,3,False
28,79,60,8,NO2,28079060_8_8,Tres Olivos,2026,5,7,5,5,V,2026-05-07 05:00:00,3,False
28,79,60,9,PM2.5,28079060_9_A,Tres Olivos,2026,5,7,5,2,V,2026-05-07 05:00:00,3,False
28,79,60,10,PM10,28079060_10_47,Tres Olivos,2026,5,7,6,6,V,2026-05-07 06:00:00,3,False
28,79,60,12,NOx,28079060_12_8,Tres Olivos,2026,5,7,6,7,V,2026-05-07 06:00:00,3,False
28,79,60,14,O3,28079060_14_6,Tres Olivos,2026,5,7,6,71,V,2026-05-07 06:00:00,3,False
28,79,60,7,NO,28079060_7_8,Tres Olivos,2026,5,7,6,0,V,2026-05-07 06:00:00,3,False
28,79,60,8,NO2,28079060_8_8,Tres Olivos,2026,5,7,6,7,V,2026-05-07 06:00:00,3,False
28,79,60,9,PM2.5,28079060_9_A,Tres Olivos,2026,5,7,6,2,V,2026-05-07 06:00:00,3,False
28,79,60,10,PM10,28079060_10_47,Tres Olivos,2026,5,7,7,12,V,2026-05-07 07:00:00,3,False
28,79,60,12,NOx,28079060_12_8,Tres Olivos,2026,5,7,7,27,V,2026-05-07 07:00:00,3,False
28,79,60,14,O3,28079060_14_6,Tres Olivos,2026,5,7,7,53,V,2026-05-07 07:00:00,3,False
28,79,60,7,NO,28079060_7_8,Tres Olivos,2026,5,7,7,1,V,2026-05-07 07:00:00,3,False
28,79,60,8,NO2,28079060_8_8,Tres Olivos,2026,5,7,7,25,V,2026-05-07 07:00:00,3,False
28,79,60,9,PM2.5,28079060_9_A,Tres Olivos,2026,5,7,7,4,V,2026-05-07 07:00:00,3,False
28,79,60,10,PM10,28079060_10_47,Tres Olivos,2026,5,7,8,0,N,2026-05-07 08:00:00,3,False
28,79,60,12,NOx,28079060_12_8,Tres Olivos,2026,5,7,8,37,V,2026-05-07 08:00:00,3,False
28,79,60,14,O3,28079060_14_6,Tres Olivos,2026,5,7,8,52,V,2026-05-07 08:00:00,3,False
28,79,60,7,NO,28079060_7_8,Tres Olivos,2026,5,7,8,3,V,2026-05-07 08:00:00,3,False
28,79,60,8,NO2,28079060_8_8,Tres Olivos,2026,5,7,8,32,V,2026-05-07 08:00:00,3,False
28,79,60,9,PM2.5,28079060_9_A,Tres Olivos,2026,5,7,8,0,N,2026-05-07 08:00:00,3,False
28,79,60,10,PM10,28079060_10_47,Tres Olivos,2026,5,7,9,18,V,2026-05-07 09:00:00,3,False
28,79,60,12,NOx,28079060_12_8,Tres Olivos,2026,5,7,9,43,V,2026-05-07 09:00:00,3,False
28,79,60,14,O3,28079060_14_6,Tres Olivos,2026,5,7,9,49,V,2026-05-07 09:00:00,3,False
28,79,60,7,NO,28079060_7_8,Tres Olivos,2026,5,7,9,4,V,2026-05-07 09:00:00,3,False
28,79,60,8,NO2,28079060_8_8,Tres Olivos,2026,5,7,9,36,V,2026-05-07 09:00:00,3,False
28,79,60,9,PM2.5,28079060_9_A,Tres Olivos,2026,5,7,9,6,V,2026-05-07 09:00:00,3,False
28,79,60,10,PM10,28079060_10_47,Tres Olivos,2026,5,7,10,11,V,2026-05-07 10:00:00,3,False
28,79,60,12,NOx,28079060_12_8,Tres Olivos,2026,5,7,10,17,V,2026-05-07 10:00:00,3,False
28,79,60,14,O3,28079060_14_6,Tres Olivos,2026,5,7,10,75,V,2026-05-07 10:00:00,3,False
28,79,60,7,NO,28079060_7_8,Tres Olivos,2026,5,7,10,2,V,2026-05-07 10:00:00,3,False
28,79,60,8,NO2,28079060_8_8,Tres Olivos,2026,5,7,10,15,V,2026-05-07 10:00:00,3,False
28,79,60,9,PM2.5,28079060_9_A,Tres Olivos,2026,5,7,10,4,V,2026-05-07 10:00:00,3,False
28,79,60,10,PM10,28079060_10_47,Tres Olivos,2026,5,7,11,10,V,2026-05-07 11:00:00,3,False
28,79,60,12,NOx,28079060_12_8,Tres Olivos,2026,5,7,11,0,N,2026-05-07 11:00:00,3,False
28,79,60,14,O3,28079060_14_6,Tres Olivos,2026,5,7,11,0,N,2026-05-07 11:00:00,3,False
28,79,60,7,NO,28079060_7_8,Tres Olivos,2026,5,7,11,0,N,2026-05-07 11:00:00,3,False
28,79,60,8,NO2,28079060_8_8,Tres Olivos,2026,5,7,11,0,N,2026-05-07 11:00:00,3,False
28,79,60,9,PM2.5,28079060_9_A,Tres Olivos,2026,5,7,11,5,V,2026-05-07 11:00:00,3,False
28,79,60,10,PM10,28079060_10_47,Tres Olivos,2026,5,7,12,14,V,2026-05-07 12:00:00,3,False
28,79,60,12,NOx,28079060_12_8,Tres Olivos,2026,5,7,12,0,N,2026-05-07 12:00:00,3,False
28,79,60,14,O3,28079060_14_6,Tres Olivos,2026,5,7,12,0,N,2026-05-07 12:00:00,3,False
28,79,60,7,NO,28079060_7_8,Tres Olivos,2026,5,7,12,0,N,2026-05-07 12:00:00,3,False
28,79,60,8,NO2,28079060_8_8,Tres Olivos,2026,5,7,12,0,N,2026-05-07 12:00:00,3,False
28,79,60,9,PM2.5,28079060_9_A,Tres Olivos,2026,5,7,12,6,V,2026-05-07 12:00:00,3,False
28,79,60,10,PM10,28079060_10_47,Tres Olivos,2026,5,7,13,0,N,2026-05-07 13:00:00,3,False
28,79,60,12,NOx,28079060_12_8,Tres Olivos,2026,5,7,13,0,N,2026-05-07 13:00:00,3,False
28,79,60,14,O3,28079060_14_6,Tres Olivos,2026,5,7,13,0,N,2026-05-07 13:00:00,3,False
28,79,60,7,NO,28079060_7_8,Tres Olivos,2026,5,7,13,0,N,2026-05-07 13:00:00,3,False
28,79,60,8,NO2,28079060_8_8,Tres Olivos,2026,5,7,13,0,N,2026-05-07 13:00:00,3,False
28,79,60,9,PM2.5,28079060_9_A,Tres Olivos,2026,5,7,13,0,N,2026-05-07 13:00:00,3,False
28,79,60,10,PM10,28079060_10_47,Tres Olivos,2026,5,7,14,0,N,2026-05-07 14:00:00,3,False
28,79,60,12,NOx,28079060_12_8,Tres Olivos,2026,5,7,14,0,N,2026-05-07 14:00:00,3,False
28,79,60,14,O3,28079060_14_6,Tres Olivos,2026,5,7,14,0,N,2026-05-07 14:00:00,3,False
28,79,60,7,NO,28079060_7_8,Tres Olivos,2026,5,7,14,0,N,2026-05-07 14:00:00,3,False
28,79,60,8,NO2,28079060_8_8,Tres Olivos,2026,5,7,14,0,N,2026-05-07 14:00:00,3,False
28,79,60,9,PM2.5,28079060_9_A,Tres Olivos,2026,5,7,14,0,N,2026-05-07 14:00:00,3,False
28,79,60,10,PM10,28079060_10_47,Tres Olivos,2026,5,7,15,0,N,2026-05-07 15:00:00,3,False
28,79,60,12,NOx,28079060_12_8,Tres Olivos,2026,5,7,15,0,N,2026-05-07 15:00:00,3,False
28,79,60,14,O3,28079060_14_6,Tres Olivos,2026,5,7,15,0,N,2026-05-07 15:00:00,3,False
28,79,60,7,NO,28079060_7_8,Tres Olivos,2026,5,7,15,0,N,2026-05-07 15:00:00,3,False
28,79,60,8,NO2,28079060_8_8,Tres Olivos,2026,5,7,15,0,N,2026-05-07 15:00:00,3,False
28,79,60,9,PM2.5,28079060_9_A,Tres Olivos,2026,5,7,15,0,N,2026-05-07 15:00:00,3,False
28,79,60,10,PM10,28079060_10_47,Tres Olivos,2026,5,7,16,0,N,2026-05-07 16:00:00,3,False
28,79,60,12,NOx,28079060_12_8,Tres Olivos,2026,5,7,16,0,N,2026-05-07 16:00:00,3,False
28,79,60,14,O3,28079060_14_6,Tres Olivos,2026,5,7,16,0,N,2026-05-07 16:00:00,3,False
28,79,60,7,NO,28079060_7_8,Tres Olivos,2026,5,7,16,0,N,2026-05-07 16:00:00,3,False
28,79,60,8,NO2,28079060_8_8,Tres Olivos,2026,5,7,16,0,N,2026-05-07 16:00:00,3,False
28,79,60,9,PM2.5,28079060_9_A,Tres Olivos,2026,5,7,16,0,N,2026-05-07 16:00:00,3,False
28,79,60,10,PM10,28079060_10_47,Tres Olivos,2026,5,7,17,0,N,2026-05-07 17:00:00,3,False
28,79,60,12,NOx,28079060_12_8,Tres Olivos,2026,5,7,17,0,N,2026-05-07 17:00:00,3,False
28,79,60,14,O3,28079060_14_6,Tres Olivos,2026,5,7,17,0,N,2026-05-07 17:00:00,3,False
28,79,60,7,NO,28079060_7_8,Tres Olivos,2026,5,7,17,0,N,2026-05-07 17:00:00,3,False
28,79,60,8,NO2,28079060_8_8,Tres Olivos,2026,5,7,17,0,N,2026-05-07 17:00:00,3,False
28,79,60,9,PM2.5,28079060_9_A,Tres Olivos,2026,5,7,17,0,N,2026-05-07 17:00:00,3,False
28,79,60,10,PM10,28079060_10_47,Tres Olivos,2026,5,7,18,0,N,2026-05-07 18:00:00,3,False
28,79,60,12,NOx,28079060_12_8,Tres Olivos,2026,5,7,18,0,N,2026-05-07 18:00:00,3,False
28,79,60,14,O3,28079060_14_6,Tres Olivos,2026,5,7,18,0,N,2026-05-07 18:00:00,3,False
28,79,60,7,NO,28079060_7_8,Tres Olivos,2026,5,7,18,0,N,2026-05-07 18:00:00,3,False
28,79,60,8,NO2,28079060_8_8,Tres Olivos,2026,5,7,18,0,N,2026-05-07 18:00:00,3,False
28,79,60,9,PM2.5,28079060_9_A,Tres Olivos,2026,5,7,18,0,N,2026-05-07 18:00:00,3,False
28,79,60,10,PM10,28079060_10_47,Tres Olivos,2026,5,7,19,0,N,2026-05-07 19:00:00,3,False
28,79,60,12,NOx,28079060_12_8,Tres Olivos,2026,5,7,19,0,N,2026-05-07 19:00:00,3,False
28,79,60,14,O3,28079060_14_6,Tres Olivos,2026,5,7,19,0,N,2026-05-07 19:00:00,3,False
28,79,60,7,NO,28079060_7_8,Tres Olivos,2026,5,7,19,0,N,2026-05-07 19:00:00,3,False
28,79,60,8,NO2,28079060_8_8,Tres Olivos,2026,5,7,19,0,N,2026-05-07 19:00:00,3,False
28,79,60,9,PM2.5,28079060_9_A,Tres Olivos,2026,5,7,19,0,N,2026-05-07 19:00:00,3,False
28,79,60,10,PM10,28079060_10_47,Tres Olivos,2026,5,7,20,0,N,2026-05-07 20:00:00,3,False
28,79,60,12,NOx,28079060_12_8,Tres Olivos,2026,5,7,20,0,N,2026-05-07 20:00:00,3,False
28,79,60,14,O3,28079060_14_6,Tres Olivos,2026,5,7,20,0,N,2026-05-07 20:00:00,3,False
28,79,60,7,NO,28079060_7_8,Tres Olivos,2026,5,7,20,0,N,2026-05-07 20:00:00,3,False
28,79,60,8,NO2,28079060_8_8,Tres Olivos,2026,5,7,20,0,N,2026-05-07 20:00:00,3,False
28,79,60,9,PM2.5,28079060_9_A,Tres Olivos,2026,5,7,20,0,N,2026-05-07 20:00:00,3,False
28,79,60,10,PM10,28079060_10_47,Tres Olivos,2026,5,7,21,0,N,2026-05-07 21:00:00,3,False
28,79,60,12,NOx,28079060_12_8,Tres Olivos,2026,5,7,21,0,N,2026-05-07 21:00:00,3,False
28,79,60,14,O3,28079060_14_6,Tres Olivos,2026,5,7,21,0,N,2026-05-07 21:00:00,3,False
28,79,60,7,NO,28079060_7_8,Tres Olivos,2026,5,7,21,0,N,2026-05-07 21:00:00,3,False
28,79,60,8,NO2,28079060_8_8,Tres Olivos,2026,5,7,21,0,N,2026-05-07 21:00:00,3,False
28,79,60,9,PM2.5,28079060_9_A,Tres Olivos,2026,5,7,21,0,N,2026-05-07 21:00:00,3,False
28,79,60,10,PM10,28079060_10_47,Tres Olivos,2026,5,7,22,0,N,2026-05-07 22:00:00,3,False
28,79,60,12,NOx,28079060_12_8,Tres Olivos,2026,5,7,22,0,N,2026-05-07 22:00:00,3,False
28,79,60,14,O3,28079060_14_6,Tres Olivos,2026,5,7,22,0,N,2026-05-07 22:00:00,3,False
28,79,60,7,NO,28079060_7_8,Tres Olivos,2026,5,7,22,0,N,2026-05-07 22:00:00,3,False
28,79,60,8,NO2,28079060_8_8,Tres Olivos,2026,5,7,22,0,N,2026-05-07 22:00:00,3,False
28,79,60,9,PM2.5,28079060_9_A,Tres Olivos,2026,5,7,22,0,N,2026-05-07 22:00:00,3,False
28,79,60,10,PM10,28079060_10_47,Tres Olivos,2026,5,7,23,0,N,2026-05-07 23:00:00,3,False
28,79,60,12,NOx,28079060_12_8,Tres Olivos,2026,5,7,23,0,N,2026-05-07 23:00:00,3,False
28,79,60,14,O3,28079060_14_6,Tres Olivos,2026,5,7,23,0,N,2026-05-07 23:00:00,3,False
28,79,60,7,NO,28079060_7_8,Tres Olivos,2026,5,7,23,0,N,2026-05-07 23:00:00,3,False
28,79,60,8,NO2,28079060_8_8,Tres Olivos,2026,5,7,23,0,N,2026-05-07 23:00:00,3,False
28,79,60,9,PM2.5,28079060_9_A,Tres Olivos,2026,5,7,23,0,N,2026-05-07 23:00:00,3,False
28,79,40,10,PM10,28079040_10_47,Vallecas,2026,5,7,0,18,V,2026-05-07 00:00:00,3,False
28,79,40,12,NOx,28079040_12_8,Vallecas,2026,5,7,0,39,V,2026-05-07 00:00:00,3,False
28,79,40,7,NO,28079040_7_8,Vallecas,2026,5,7,0,1,V,2026-05-07 00:00:00,3,False
28,79,40,8,NO2,28079040_8_8,Vallecas,2026,5,7,0,38,V,2026-05-07 00:00:00,3,False
28,79,40,10,PM10,28079040_10_47,Vallecas,2026,5,7,1,10,V,2026-05-07 01:00:00,3,False
28,79,40,12,NOx,28079040_12_8,Vallecas,2026,5,7,1,22,V,2026-05-07 01:00:00,3,False
28,79,40,7,NO,28079040_7_8,Vallecas,2026,5,7,1,1,V,2026-05-07 01:00:00,3,False
28,79,40,8,NO2,28079040_8_8,Vallecas,2026,5,7,1,21,V,2026-05-07 01:00:00,3,False
28,79,40,10,PM10,28079040_10_47,Vallecas,2026,5,7,2,4,V,2026-05-07 02:00:00,3,False
28,79,40,12,NOx,28079040_12_8,Vallecas,2026,5,7,2,13,V,2026-05-07 02:00:00,3,False
28,79,40,7,NO,28079040_7_8,Vallecas,2026,5,7,2,0,V,2026-05-07 02:00:00,3,False
28,79,40,8,NO2,28079040_8_8,Vallecas,2026,5,7,2,12,V,2026-05-07 02:00:00,3,False
28,79,40,10,PM10,28079040_10_47,Vallecas,2026,5,7,3,9,V,2026-05-07 03:00:00,3,False
28,79,40,12,NOx,28079040_12_8,Vallecas,2026,5,7,3,9,V,2026-05-07 03:00:00,3,False
28,79,40,7,NO,28079040_7_8,Vallecas,2026,5,7,3,0,V,2026-05-07 03:00:00,3,False
28,79,40,8,NO2,28079040_8_8,Vallecas,2026,5,7,3,9,V,2026-05-07 03:00:00,3,False
28,79,40,10,PM10,28079040_10_47,Vallecas,2026,5,7,4,8,V,2026-05-07 04:00:00,3,False
28,79,40,12,NOx,28079040_12_8,Vallecas,2026,5,7,4,11,V,2026-05-07 04:00:00,3,False
28,79,40,7,NO,28079040_7_8,Vallecas,2026,5,7,4,1,V,2026-05-07 04:00:00,3,False
28,79,40,8,NO2,28079040_8_8,Vallecas,2026,5,7,4,10,V,2026-05-07 04:00:00,3,False
28,79,40,10,PM10,28079040_10_47,Vallecas,2026,5,7,5,4,V,2026-05-07 05:00:00,3,False
28,79,40,12,NOx,28079040_12_8,Vallecas,2026,5,7,5,7,V,2026-05-07 05:00:00,3,False
28,79,40,7,NO,28079040_7_8,Vallecas,2026,5,7,5,0,V,2026-05-07 05:00:00,3,False
28,79,40,8,NO2,28079040_8_8,Vallecas,2026,5,7,5,6,V,2026-05-07 05:00:00,3,False
28,79,40,10,PM10,28079040_10_47,Vallecas,2026,5,7,6,8,V,2026-05-07 06:00:00,3,False
28,79,40,12,NOx,28079040_12_8,Vallecas,2026,5,7,6,16,V,2026-05-07 06:00:00,3,False
28,79,40,7,NO,28079040_7_8,Vallecas,2026,5,7,6,1,V,2026-05-07 06:00:00,3,False
28,79,40,8,NO2,28079040_8_8,Vallecas,2026,5,7,6,14,V,2026-05-07 06:00:00,3,False
28,79,40,10,PM10,28079040_10_47,Vallecas,2026,5,7,7,12,V,2026-05-07 07:00:00,3,False
28,79,40,12,NOx,28079040_12_8,Vallecas,2026,5,7,7,34,V,2026-05-07 07:00:00,3,False
28,79,40,7,NO,28079040_7_8,Vallecas,2026,5,7,7,3,V,2026-05-07 07:00:00,3,False
28,79,40,8,NO2,28079040_8_8,Vallecas,2026,5,7,7,30,V,2026-05-07 07:00:00,3,False
28,79,40,10,PM10,28079040_10_47,Vallecas,2026,5,7,8,25,V,2026-05-07 08:00:00,3,False
28,79,40,12,NOx,28079040_12_8,Vallecas,2026,5,7,8,43,V,2026-05-07 08:00:00,3,False
28,79,40,7,NO,28079040_7_8,Vallecas,2026,5,7,8,5,V,2026-05-07 08:00:00,3,False
28,79,40,8,NO2,28079040_8_8,Vallecas,2026,5,7,8,35,V,2026-05-07 08:00:00,3,False
28,79,40,10,PM10,28079040_10_47,Vallecas,2026,5,7,9,26,V,2026-05-07 09:00:00,3,False
28,79,40,12,NOx,28079040_12_8,Vallecas,2026,5,7,9,41,V,2026-05-07 09:00:00,3,False
28,79,40,7,NO,28079040_7_8,Vallecas,2026,5,7,9,7,V,2026-05-07 09:00:00,3,False
28,79,40,8,NO2,28079040_8_8,Vallecas,2026,5,7,9,31,V,2026-05-07 09:00:00,3,False
28,79,40,10,PM10,28079040_10_47,Vallecas,2026,5,7,10,22,V,2026-05-07 10:00:00,3,False
28,79,40,12,NOx,28079040_12_8,Vallecas,2026,5,7,10,26,V,2026-05-07 10:00:00,3,False
28,79,40,7,NO,28079040_7_8,Vallecas,2026,5,7,10,5,V,2026-05-07 10:00:00,3,False
28,79,40,8,NO2,28079040_8_8,Vallecas,2026,5,7,10,18,V,2026-05-07 10:00:00,3,False
28,79,40,10,PM10,28079040_10_47,Vallecas,2026,5,7,11,31,V,2026-05-07 11:00:00,3,False
28,79,40,12,NOx,28079040_12_8,Vallecas,2026,5,7,11,20,V,2026-05-07 11:00:00,3,False
28,79,40,7,NO,28079040_7_8,Vallecas,2026,5,7,11,4,V,2026-05-07 11:00:00,3,False
28,79,40,8,NO2,28079040_8_8,Vallecas,2026,5,7,11,15,V,2026-05-07 11:00:00,3,False
28,79,40,10,PM10,28079040_10_47,Vallecas,2026,5,7,12,33,V,2026-05-07 12:00:00,3,False
28,79,40,12,NOx,28079040_12_8,Vallecas,2026,5,7,12,18,V,2026-05-07 12:00:00,3,False
28,79,40,7,NO,28079040_7_8,Vallecas,2026,5,7,12,3,V,2026-05-07 12:00:00,3,False
28,79,40,8,NO2,28079040_8_8,Vallecas,2026,5,7,12,14,V,2026-05-07 12:00:00,3,False
28,79,40,10,PM10,28079040_10_47,Vallecas,2026,5,7,13,0,N,2026-05-07 13:00:00,3,False
28,79,40,12,NOx,28079040_12_8,Vallecas,2026,5,7,13,0,N,2026-05-07 13:00:00,3,False
28,79,40,7,NO,28079040_7_8,Vallecas,2026,5,7,13,0,N,2026-05-07 13:00:00,3,False
28,79,40,8,NO2,28079040_8_8,Vallecas,2026,5,7,13,0,N,2026-05-07 13:00:00,3,False
28,79,40,10,PM10,28079040_10_47,Vallecas,2026,5,7,14,0,N,2026-05-07 14:00:00,3,False
28,79,40,12,NOx,28079040_12_8,Vallecas,2026,5,7,14,0,N,2026-05-07 14:00:00,3,False
28,79,40,7,NO,28079040_7_8,Vallecas,2026,5,7,14,0,N,2026-05-07 14:00:00,3,False
28,79,40,8,NO2,28079040_8_8,Vallecas,2026,5,7,14,0,N,2026-05-07 14:00:00,3,False
28,79,40,10,PM10,28079040_10_47,Vallecas,2026,5,7,15,0,N,2026-05-07 15:00:00,3,False
28,79,40,12,NOx,28079040_12_8,Vallecas,2026,5,7,15,0,N,2026-05-07 15:00:00,3,False
28,79,40,7,NO,28079040_7_8,Vallecas,2026,5,7,15,0,N,2026-05-07 15:00:00,3,False
28,79,40,8,NO2,28079040_8_8,Vallecas,2026,5,7,15,0,N,2026-05-07 15:00:00,3,False
28,79,40,10,PM10,28079040_10_47,Vallecas,2026,5,7,16,0,N,2026-05-07 16:00:00,3,False
28,79,40,12,NOx,28079040_12_8,Vallecas,2026,5,7,16,0,N,2026-05-07 16:00:00,3,False
28,79,40,7,NO,28079040_7_8,Vallecas,2026,5,7,16,0,N,2026-05-07 16:00:00,3,False
28,79,40,8,NO2,28079040_8_8,Vallecas,2026,5,7,16,0,N,2026-05-07 16:00:00,3,False
28,79,40,10,PM10,28079040_10_47,Vallecas,2026,5,7,17,0,N,2026-05-07 17:00:00,3,False
28,79,40,12,NOx,28079040_12_8,Vallecas,2026,5,7,17,0,N,2026-05-07 17:00:00,3,False
28,79,40,7,NO,28079040_7_8,Vallecas,2026,5,7,17,0,N,2026-05-07 17:00:00,3,False
28,79,40,8,NO2,28079040_8_8,Vallecas,2026,5,7,17,0,N,2026-05-07 17:00:00,3,False
28,79,40,10,PM10,28079040_10_47,Vallecas,2026,5,7,18,0,N,2026-05-07 18:00:00,3,False
28,79,40,12,NOx,28079040_12_8,Vallecas,2026,5,7,18,0,N,2026-05-07 18:00:00,3,False
28,79,40,7,NO,28079040_7_8,Vallecas,2026,5,7,18,0,N,2026-05-07 18:00:00,3,False
28,79,40,8,NO2,28079040_8_8,Vallecas,2026,5,7,18,0,N,2026-05-07 18:00:00,3,False
28,79,40,10,PM10,28079040_10_47,Vallecas,2026,5,7,19,0,N,2026-05-07 19:00:00,3,False
28,79,40,12,NOx,28079040_12_8,Vallecas,2026,5,7,19,0,N,2026-05-07 19:00:00,3,False
28,79,40,7,NO,28079040_7_8,Vallecas,2026,5,7,19,0,N,2026-05-07 19:00:00,3,False
28,79,40,8,NO2,28079040_8_8,Vallecas,2026,5,7,19,0,N,2026-05-07 19:00:00,3,False
28,79,40,10,PM10,28079040_10_47,Vallecas,2026,5,7,20,0,N,2026-05-07 20:00:00,3,False
28,79,40,12,NOx,28079040_12_8,Vallecas,2026,5,7,20,0,N,2026-05-07 20:00:00,3,False
28,79,40,7,NO,28079040_7_8,Vallecas,2026,5,7,20,0,N,2026-05-07 20:00:00,3,False
28,79,40,8,NO2,28079040_8_8,Vallecas,2026,5,7,20,0,N,2026-05-07 20:00:00,3,False
28,79,40,10,PM10,28079040_10_47,Vallecas,2026,5,7,21,0,N,2026-05-07 21:00:00,3,False
28,79,40,12,NOx,28079040_12_8,Vallecas,2026,5,7,21,0,N,2026-05-07 21:00:00,3,False
28,79,40,7,NO,28079040_7_8,Vallecas,2026,5,7,21,0,N,2026-05-07 21:00:00,3,False
28,79,40,8,NO2,28079040_8_8,Vallecas,2026,5,7,21,0,N,2026-05-07 21:00:00,3,False
28,79,40,10,PM10,28079040_10_47,Vallecas,2026,5,7,22,0,N,2026-05-07 22:00:00,3,False
28,79,40,12,NOx,28079040_12_8,Vallecas,2026,5,7,22,0,N,2026-05-07 22:00:00,3,False
28,79,40,7,NO,28079040_7_8,Vallecas,2026,5,7,22,0,N,2026-05-07 22:00:00,3,False
28,79,40,8,NO2,28079040_8_8,Vallecas,2026,5,7,22,0,N,2026-05-07 22:00:00,3,False
28,79,40,10,PM10,28079040_10_47,Vallecas,2026,5,7,23,0,N,2026-05-07 23:00:00,3,False
28,79,40,12,NOx,28079040_12_8,Vallecas,2026,5,7,23,0,N,2026-05-07 23:00:00,3,False
28,79,40,7,NO,28079040_7_8,Vallecas,2026,5,7,23,0,N,2026-05-07 23:00:00,3,False
28,79,40,8,NO2,28079040_8_8,Vallecas,2026,5,7,23,0,N,2026-05-07 23:00:00,3,False
28,79,17,12,NOx,28079017_12_8,Villaverde,2026,5,7,0,104,V,2026-05-07 00:00:00,3,False
28,79,17,14,O3,28079017_14_6,Villaverde,2026,5,7,0,6,V,2026-05-07 00:00:00,3,False
28,79,17,7,NO,28079017_7_8,Villaverde,2026,5,7,0,29,V,2026-05-07 00:00:00,3,False
28,79,17,8,NO2,28079017_8_8,Villaverde,2026,5,7,0,60,V,2026-05-07 00:00:00,3,False
28,79,17,12,NOx,28079017_12_8,Villaverde,2026,5,7,1,49,V,2026-05-07 01:00:00,3,False
28,79,17,14,O3,28079017_14_6,Villaverde,2026,5,7,1,26,V,2026-05-07 01:00:00,3,False
28,79,17,7,NO,28079017_7_8,Villaverde,2026,5,7,1,3,V,2026-05-07 01:00:00,3,False
28,79,17,8,NO2,28079017_8_8,Villaverde,2026,5,7,1,44,V,2026-05-07 01:00:00,3,False
28,79,17,12,NOx,28079017_12_8,Villaverde,2026,5,7,2,13,V,2026-05-07 02:00:00,3,False
28,79,17,14,O3,28079017_14_6,Villaverde,2026,5,7,2,70,V,2026-05-07 02:00:00,3,False
28,79,17,7,NO,28079017_7_8,Villaverde,2026,5,7,2,0,V,2026-05-07 02:00:00,3,False
28,79,17,8,NO2,28079017_8_8,Villaverde,2026,5,7,2,13,V,2026-05-07 02:00:00,3,False
28,79,17,12,NOx,28079017_12_8,Villaverde,2026,5,7,3,10,V,2026-05-07 03:00:00,3,False
28,79,17,14,O3,28079017_14_6,Villaverde,2026,5,7,3,71,V,2026-05-07 03:00:00,3,False
28,79,17,7,NO,28079017_7_8,Villaverde,2026,5,7,3,0,V,2026-05-07 03:00:00,3,False
28,79,17,8,NO2,28079017_8_8,Villaverde,2026,5,7,3,10,V,2026-05-07 03:00:00,3,False
28,79,17,12,NOx,28079017_12_8,Villaverde,2026,5,7,4,12,V,2026-05-07 04:00:00,3,False
28,79,17,14,O3,28079017_14_6,Villaverde,2026,5,7,4,67,V,2026-05-07 04:00:00,3,False
28,79,17,7,NO,28079017_7_8,Villaverde,2026,5,7,4,0,V,2026-05-07 04:00:00,3,False
28,79,17,8,NO2,28079017_8_8,Villaverde,2026,5,7,4,12,V,2026-05-07 04:00:00,3,False
28,79,17,12,NOx,28079017_12_8,Villaverde,2026,5,7,5,10,V,2026-05-07 05:00:00,3,False
28,79,17,14,O3,28079017_14_6,Villaverde,2026,5,7,5,66,V,2026-05-07 05:00:00,3,False
28,79,17,7,NO,28079017_7_8,Villaverde,2026,5,7,5,0,V,2026-05-07 05:00:00,3,False
28,79,17,8,NO2,28079017_8_8,Villaverde,2026,5,7,5,10,V,2026-05-07 05:00:00,3,False
28,79,17,12,NOx,28079017_12_8,Villaverde,2026,5,7,6,18,V,2026-05-07 06:00:00,3,False
28,79,17,14,O3,28079017_14_6,Villaverde,2026,5,7,6,56,V,2026-05-07 06:00:00,3,False
28,79,17,7,NO,28079017_7_8,Villaverde,2026,5,7,6,0,V,2026-05-07 06:00:00,3,False
28,79,17,8,NO2,28079017_8_8,Villaverde,2026,5,7,6,18,V,2026-05-07 06:00:00,3,False
28,79,17,12,NOx,28079017_12_8,Villaverde,2026,5,7,7,22,V,2026-05-07 07:00:00,3,False
28,79,17,14,O3,28079017_14_6,Villaverde,2026,5,7,7,52,V,2026-05-07 07:00:00,3,False
28,79,17,7,NO,28079017_7_8,Villaverde,2026,5,7,7,0,V,2026-05-07 07:00:00,3,False
28,79,17,8,NO2,28079017_8_8,Villaverde,2026,5,7,7,21,V,2026-05-07 07:00:00,3,False
28,79,17,12,NOx,28079017_12_8,Villaverde,2026,5,7,8,0,N,2026-05-07 08:00:00,3,False
28,79,17,14,O3,28079017_14_6,Villaverde,2026,5,7,8,0,N,2026-05-07 08:00:00,3,False
28,79,17,7,NO,28079017_7_8,Villaverde,2026,5,7,8,0,N,2026-05-07 08:00:00,3,False
28,79,17,8,NO2,28079017_8_8,Villaverde,2026,5,7,8,0,N,2026-05-07 08:00:00,3,False
28,79,17,12,NOx,28079017_12_8,Villaverde,2026,5,7,9,0,N,2026-05-07 09:00:00,3,False
28,79,17,14,O3,28079017_14_6,Villaverde,2026,5,7,9,0,N,2026-05-07 09:00:00,3,False
28,79,17,7,NO,28079017_7_8,Villaverde,2026,5,7,9,0,N,2026-05-07 09:00:00,3,False
28,79,17,8,NO2,28079017_8_8,Villaverde,2026,5,7,9,0,N,2026-05-07 09:00:00,3,False
28,79,17,12,NOx,28079017_12_8,Villaverde,2026,5,7,10,0,N,2026-05-07 10:00:00,3,False
28,79,17,14,O3,28079017_14_6,Villaverde,2026,5,7,10,0,N,2026-05-07 10:00:00,3,False
28,79,17,7,NO,28079017_7_8,Villaverde,2026,5,7,10,0,N,2026-05-07 10:00:00,3,False
28,79,17,8,NO2,28079017_8_8,Villaverde,2026,5,7,10,0,N,2026-05-07 10:00:00,3,False
28,79,17,12,NOx,28079017_12_8,Villaverde,2026,5,7,11,0,N,2026-05-07 11:00:00,3,False
28,79,17,14,O3,28079017_14_6,Villaverde,2026,5,7,11,0,N,2026-05-07 11:00:00,3,False
28,79,17,7,NO,28079017_7_8,Villaverde,2026,5,7,11,0,N,2026-05-07 11:00:00,3,False
28,79,17,8,NO2,28079017_8_8,Villaverde,2026,5,7,11,0,N,2026-05-07 11:00:00,3,False
28,79,17,12,NOx,28079017_12_8,Villaverde,2026,5,7,12,10,V,2026-05-07 12:00:00,3,False
28,79,17,14,O3,28079017_14_6,Villaverde,2026,5,7,12,93,V,2026-05-07 12:00:00,3,False
28,79,17,7,NO,28079017_7_8,Villaverde,2026,5,7,12,1,V,2026-05-07 12:00:00,3,False
28,79,17,8,NO2,28079017_8_8,Villaverde,2026,5,7,12,8,V,2026-05-07 12:00:00,3,False
28,79,17,12,NOx,28079017_12_8,Villaverde,2026,5,7,13,0,N,2026-05-07 13:00:00,3,False
28,79,17,14,O3,28079017_14_6,Villaverde,2026,5,7,13,0,N,2026-05-07 13:00:00,3,False
28,79,17,7,NO,28079017_7_8,Villaverde,2026,5,7,13,0,N,2026-05-07 13:00:00,3,False
28,79,17,8,NO2,28079017_8_8,Villaverde,2026,5,7,13,0,N,2026-05-07 13:00:00,3,False
28,79,17,12,NOx,28079017_12_8,Villaverde,2026,5,7,14,0,N,2026-05-07 14:00:00,3,False
28,79,17,14,O3,28079017_14_6,Villaverde,2026,5,7,14,0,N,2026-05-07 14:00:00,3,False
28,79,17,7,NO,28079017_7_8,Villaverde,2026,5,7,14,0,N,2026-05-07 14:00:00,3,False
28,79,17,8,NO2,28079017_8_8,Villaverde,2026,5,7,14,0,N,2026-05-07 14:00:00,3,False
28,79,17,12,NOx,28079017_12_8,Villaverde,2026,5,7,15,0,N,2026-05-07 15:00:00,3,False
28,79,17,14,O3,28079017_14_6,Villaverde,2026,5,7,15,0,N,2026-05-07 15:00:00,3,False
28,79,17,7,NO,28079017_7_8,Villaverde,2026,5,7,15,0,N,2026-05-07 15:00:00,3,False
28,79,17,8,NO2,28079017_8_8,Villaverde,2026,5,7,15,0,N,2026-05-07 15:00:00,3,False
28,79,17,12,NOx,28079017_12_8,Villaverde,2026,5,7,16,0,N,2026-05-07 16:00:00,3,False
28,79,17,14,O3,28079017_14_6,Villaverde,2026,5,7,16,0,N,2026-05-07 16:00:00,3,False
28,79,17,7,NO,28079017_7_8,Villaverde,2026,5,7,16,0,N,2026-05-07 16:00:00,3,False
28,79,17,8,NO2,28079017_8_8,Villaverde,2026,5,7,16,0,N,2026-05-07 16:00:00,3,False
28,79,17,12,NOx,28079017_12_8,Villaverde,2026,5,7,17,0,N,2026-05-07 17:00:00,3,False
28,79,17,14,O3,28079017_14_6,Villaverde,2026,5,7,17,0,N,2026-05-07 17:00:00,3,False
28,79,17,7,NO,28079017_7_8,Villaverde,2026,5,7,17,0,N,2026-05-07 17:00:00,3,False
28,79,17,8,NO2,28079017_8_8,Villaverde,2026,5,7,17,0,N,2026-05-07 17:00:00,3,False
28,79,17,12,NOx,28079017_12_8,Villaverde,2026,5,7,18,0,N,2026-05-07 18:00:00,3,False
28,79,17,14,O3,28079017_14_6,Villaverde,2026,5,7,18,0,N,2026-05-07 18:00:00,3,False
28,79,17,7,NO,28079017_7_8,Villaverde,2026,5,7,18,0,N,2026-05-07 18:00:00,3,False
28,79,17,8,NO2,28079017_8_8,Villaverde,2026,5,7,18,0,N,2026-05-07 18:00:00,3,False
28,79,17,12,NOx,28079017_12_8,Villaverde,2026,5,7,19,0,N,2026-05-07 19:00:00,3,False
28,79,17,14,O3,28079017_14_6,Villaverde,2026,5,7,19,0,N,2026-05-07 19:00:00,3,False
28,79,17,7,NO,28079017_7_8,Villaverde,2026,5,7,19,0,N,2026-05-07 19:00:00,3,False
28,79,17,8,NO2,28079017_8_8,Villaverde,2026,5,7,19,0,N,2026-05-07 19:00:00,3,False
28,79,17,12,NOx,28079017_12_8,Villaverde,2026,5,7,20,0,N,2026-05-07 20:00:00,3,False
28,79,17,14,O3,28079017_14_6,Villaverde,2026,5,7,20,0,N,2026-05-07 20:00:00,3,False
28,79,17,7,NO,28079017_7_8,Villaverde,2026,5,7,20,0,N,2026-05-07 20:00:00,3,False
28,79,17,8,NO2,28079017_8_8,Villaverde,2026,5,7,20,0,N,2026-05-07 20:00:00,3,False
28,79,17,12,NOx,28079017_12_8,Villaverde,2026,5,7,21,0,N,2026-05-07 21:00:00,3,False
28,79,17,14,O3,28079017_14_6,Villaverde,2026,5,7,21,0,N,2026-05-07 21:00:00,3,False
28,79,17,7,NO,28079017_7_8,Villaverde,2026,5,7,21,0,N,2026-05-07 21:00:00,3,False
28,79,17,8,NO2,28079017_8_8,Villaverde,2026,5,7,21,0,N,2026-05-07 21:00:00,3,False
28,79,17,12,NOx,28079017_12_8,Villaverde,2026,5,7,22,0,N,2026-05-07 22:00:00,3,False
28,79,17,14,O3,28079017_14_6,Villaverde,2026,5,7,22,0,N,2026-05-07 22:00:00,3,False
28,79,17,7,NO,28079017_7_8,Villaverde,2026,5,7,22,0,N,2026-05-07 22:00:00,3,False
28,79,17,8,NO2,28079017_8_8,Villaverde,2026,5,7,22,0,N,2026-05-07 22:00:00,3,False
28,79,17,12,NOx,28079017_12_8,Villaverde,2026,5,7,23,0,N,2026-05-07 23:00:00,3,False
28,79,17,14,O3,28079017_14_6,Villaverde,2026,5,7,23,0,N,2026-05-07 23:00:00,3,False
28,79,17,7,NO,28079017_7_8,Villaverde,2026,5,7,23,0,N,2026-05-07 23:00:00,3,False
28,79,17,8,NO2,28079017_8_8,Villaverde,2026,5,7,23,0,N,2026-05-07 23:00:00,3,False
28,079,16,12,NOx,28079016_12_8,Arturo Soria,2026,05,07,0,53,V,2026-05-07 00:00:00,3,False
28,079,16,14,O3,28079016_14_6,Arturo Soria,2026,05,07,0,42,V,2026-05-07 00:00:00,3,False
28,079,16,7,NO,28079016_7_8,Arturo Soria,2026,05,07,0,0,V,2026-05-07 00:00:00,3,False
28,079,16,8,NO2,28079016_8_8,Arturo Soria,2026,05,07,0,53,V,2026-05-07 00:00:00,3,False
28,079,16,12,NOx,28079016_12_8,Arturo Soria,2026,05,07,1,12,V,2026-05-07 01:00:00,3,False
28,079,16,14,O3,28079016_14_6,Arturo Soria,2026,05,07,1,68,V,2026-05-07 01:00:00,3,False
28,079,16,7,NO,28079016_7_8,Arturo Soria,2026,05,07,1,0,V,2026-05-07 01:00:00,3,False
28,079,16,8,NO2,28079016_8_8,Arturo Soria,2026,05,07,1,12,V,2026-05-07 01:00:00,3,False
28,079,16,12,NOx,28079016_12_8,Arturo Soria,2026,05,07,2,9,V,2026-05-07 02:00:00,3,False
28,079,16,14,O3,28079016_14_6,Arturo Soria,2026,05,07,2,61,V,2026-05-07 02:00:00,3,False
28,079,16,7,NO,28079016_7_8,Arturo Soria,2026,05,07,2,0,V,2026-05-07 02:00:00,3,False
28,079,16,8,NO2,28079016_8_8,Arturo Soria,2026,05,07,2,9,V,2026-05-07 02:00:00,3,False
28,079,16,12,NOx,28079016_12_8,Arturo Soria,2026,05,07,3,10,V,2026-05-07 03:00:00,3,False
28,079,16,14,O3,28079016_14_6,Arturo Soria,2026,05,07,3,58,V,2026-05-07 03:00:00,3,False
28,079,16,7,NO,28079016_7_8,Arturo Soria,2026,05,07,3,0,V,2026-05-07 03:00:00,3,False
28,079,16,8,NO2,28079016_8_8,Arturo Soria,2026,05,07,3,10,V,2026-05-07 03:00:00,3,False
28,079,16,12,NOx,28079016_12_8,Arturo Soria,2026,05,07,4,7,V,2026-05-07 04:00:00,3,False
28,079,16,14,O3,28079016_14_6,Arturo Soria,2026,05,07,4,63,V,2026-05-07 04:00:00,3,False
28,079,16,7,NO,28079016_7_8,Arturo Soria,2026,05,07,4,0,V,2026-05-07 04:00:00,3,False
28,079,16,8,NO2,28079016_8_8,Arturo Soria,2026,05,07,4,7,V,2026-05-07 04:00:00,3,False
28,079,16,12,NOx,28079016_12_8,Arturo Soria,2026,05,07,5,6,V,2026-05-07 05:00:00,3,False
28,079,16,14,O3,28079016_14_6,Arturo Soria,2026,05,07,5,65,V,2026-05-07 05:00:00,3,False
28,079,16,7,NO,28079016_7_8,Arturo Soria,2026,05,07,5,0,V,2026-05-07 05:00:00,3,False
28,079,16,8,NO2,28079016_8_8,Arturo Soria,2026,05,07,5,6,V,2026-05-07 05:00:00,3,False
28,079,16,12,NOx,28079016_12_8,Arturo Soria,2026,05,07,6,13,V,2026-05-07 06:00:00,3,False
28,079,16,14,O3,28079016_14_6,Arturo Soria,2026,05,07,6,57,V,2026-05-07 06:00:00,3,False
28,079,16,7,NO,28079016_7_8,Arturo Soria,2026,05,07,6,0,V,2026-05-07 06:00:00,3,False
28,079,16,8,NO2,28079016_8_8,Arturo Soria,2026,05,07,6,13,V,2026-05-07 06:00:00,3,False
28,079,16,12,NOx,28079016_12_8,Arturo Soria,2026,05,07,7,29,V,2026-05-07 07:00:00,3,False
28,079,16,14,O3,28079016_14_6,Arturo Soria,2026,05,07,7,44,V,2026-05-07 07:00:00,3,False
28,079,16,7,NO,28079016_7_8,Arturo Soria,2026,05,07,7,1,V,2026-05-07 07:00:00,3,False
28,079,16,8,NO2,28079016_8_8,Arturo Soria,2026,05,07,7,28,V,2026-05-07 07:00:00,3,False
28,079,16,12,NOx,28079016_12_8,Arturo Soria,2026,05,07,8,47,V,2026-05-07 08:00:00,3,False
28,079,16,14,O3,28079016_14_6,Arturo Soria,2026,05,07,8,36,V,2026-05-07 08:00:00,3,False
28,079,16,7,NO,28079016_7_8,Arturo Soria,2026,05,07,8,3,V,2026-05-07 08:00:00,3,False
28,079,16,8,NO2,28079016_8_8,Arturo Soria,2026,05,07,8,43,V,2026-05-07 08:00:00,3,False
28,079,16,12,NOx,28079016_12_8,Arturo Soria,2026,05,07,9,25,V,2026-05-07 09:00:00,3,False
28,079,16,14,O3,28079016_14_6,Arturo Soria,2026,05,07,9,56,V,2026-05-07 09:00:00,3,False
28,079,16,7,NO,28079016_7_8,Arturo Soria,2026,05,07,9,1,V,2026-05-07 09:00:00,3,False
28,079,16,8,NO2,28079016_8_8,Arturo Soria,2026,05,07,9,23,V,2026-05-07 09:00:00,3,False
28,079,16,12,NOx,28079016_12_8,Arturo Soria,2026,05,07,10,16,V,2026-05-07 10:00:00,3,False
28,079,16,14,O3,28079016_14_6,Arturo Soria,2026,05,07,10,73,V,2026-05-07 10:00:00,3,False
28,079,16,7,NO,28079016_7_8,Arturo Soria,2026,05,07,10,1,V,2026-05-07 10:00:00,3,False
28,079,16,8,NO2,28079016_8_8,Arturo Soria,2026,05,07,10,14,V,2026-05-07 10:00:00,3,False
28,079,16,12,NOx,28079016_12_8,Arturo Soria,2026,05,07,11,14,V,2026-05-07 11:00:00,3,False
28,079,16,14,O3,28079016_14_6,Arturo Soria,2026,05,07,11,78,V,2026-05-07 11:00:00,3,False
28,079,16,7,NO,28079016_7_8,Arturo Soria,2026,05,07,11,1,V,2026-05-07 11:00:00,3,False
28,079,16,8,NO2,28079016_8_8,Arturo Soria,2026,05,07,11,12,V,2026-05-07 11:00:00,3,False
28,079,16,12,NOx,28079016_12_8,Arturo Soria,2026,05,07,12,27,V,2026-05-07 12:00:00,3,False
28,079,16,14,O3,28079016_14_6,Arturo Soria,2026,05,07,12,78,V,2026-05-07 12:00:00,3,False
28,079,16,7,NO,28079016_7_8,Arturo Soria,2026,05,07,12,7,V,2026-05-07 12:00:00,3,False
28,079,16,8,NO2,28079016_8_8,Arturo Soria,2026,05,07,12,17,V,2026-05-07 12:00:00,3,False
28,079,16,12,NOx,28079016_12_8,Arturo Soria,2026,05,07,13,0,N,2026-05-07 13:00:00,3,False
28,079,16,14,O3,28079016_14_6,Arturo Soria,2026,05,07,13,0,N,2026-05-07 13:00:00,3,False
28,079,16,7,NO,28079016_7_8,Arturo Soria,2026,05,07,13,0,N,2026-05-07 13:00:00,3,False
28,079,16,8,NO2,28079016_8_8,Arturo Soria,2026,05,07,13,0,N,2026-05-07 13:00:00,3,False
28,079,16,12,NOx,28079016_12_8,Arturo Soria,2026,05,07,14,0,N,2026-05-07 14:00:00,3,False
28,079,16,14,O3,28079016_14_6,Arturo Soria,2026,05,07,14,0,N,2026-05-07 14:00:00,3,False
28,079,16,7,NO,28079016_7_8,Arturo Soria,2026,05,07,14,0,N,2026-05-07 14:00:00,3,False
28,079,16,8,NO2,28079016_8_8,Arturo Soria,2026,05,07,14,0,N,2026-05-07 14:00:00,3,False
28,079,16,12,NOx,28079016_12_8,Arturo Soria,2026,05,07,15,0,N,2026-05-07 15:00:00,3,False
28,079,16,14,O3,28079016_14_6,Arturo Soria,2026,05,07,15,0,N,2026-05-07 15:00:00,3,False
28,079,16,7,NO,28079016_7_8,Arturo Soria,2026,05,07,15,0,N,2026-05-07 15:00:00,3,False
28,079,16,8,NO2,28079016_8_8,Arturo Soria,2026,05,07,15,0,N,2026-05-07 15:00:00,3,False
28,079,16,12,NOx,28079016_12_8,Arturo Soria,2026,05,07,16,0,N,2026-05-07 16:00:00,3,False
28,079,16,14,O3,28079016_14_6,Arturo Soria,2026,05,07,16,0,N,2026-05-07 16:00:00,3,False
28,079,16,7,NO,28079016_7_8,Arturo Soria,2026,05,07,16,0,N,2026-05-07 16:00:00,3,False
28,079,16,8,NO2,28079016_8_8,Arturo Soria,2026,05,07,16,0,N,2026-05-07 16:00:00,3,False
28,079,16,12,NOx,28079016_12_8,Arturo Soria,2026,05,07,17,0,N,2026-05-07 17:00:00,3,False
28,079,16,14,O3,28079016_14_6,Arturo Soria,2026,05,07,17,0,N,2026-05-07 17:00:00,3,False
28,079,16,7,NO,28079016_7_8,Arturo Soria,2026,05,07,17,0,N,2026-05-07 17:00:00,3,False
28,079,16,8,NO2,28079016_8_8,Arturo Soria,2026,05,07,17,0,N,2026-05-07 17:00:00,3,False
28,079,16,12,NOx,28079016_12_8,Arturo Soria,2026,05,07,18,0,N,2026-05-07 18:00:00,3,False
28,079,16,14,O3,28079016_14_6,Arturo Soria,2026,05,07,18,0,N,2026-05-07 18:00:00,3,False
28,079,16,7,NO,28079016_7_8,Arturo Soria,2026,05,07,18,0,N,2026-05-07 18:00:00,3,False
28,079,16,8,NO2,28079016_8_8,Arturo Soria,2026,05,07,18,0,N,2026-05-07 18:00:00,3,False
28,079,16,12,NOx,28079016_12_8,Arturo Soria,2026,05,07,19,0,N,2026-05-07 19:00:00,3,False
28,079,16,14,O3,28079016_14_6,Arturo Soria,2026,05,07,19,0,N,2026-05-07 19:00:00,3,False
28,079,16,7,NO,28079016_7_8,Arturo Soria,2026,05,07,19,0,N,2026-05-07 19:00:00,3,False
28,079,16,8,NO2,28079016_8_8,Arturo Soria,2026,05,07,19,0,N,2026-05-07 19:00:00,3,False
28,079,16,12,NOx,28079016_12_8,Arturo Soria,2026,05,07,20,0,N,2026-05-07 20:00:00,3,False
28,079,16,14,O3,28079016_14_6,Arturo Soria,2026,05,07,20,0,N,2026-05-07 20:00:00,3,False
28,079,16,7,NO,28079016_7_8,Arturo Soria,2026,05,07,20,0,N,2026-05-07 20:00:00,3,False
28,079,16,8,NO2,28079016_8_8,Arturo Soria,2026,05,07,20,0,N,2026-05-07 20:00:00,3,False
28,079,16,12,NOx,28079016_12_8,Arturo Soria,2026,05,07,21,0,N,2026-05-07 21:00:00,3,False
28,079,16,14,O3,28079016_14_6,Arturo Soria,2026,05,07,21,0,N,2026-05-07 21:00:00,3,False
28,079,16,7,NO,28079016_7_8,Arturo Soria,2026,05,07,21,0,N,2026-05-07 21:00:00,3,False
28,079,16,8,NO2,28079016_8_8,Arturo Soria,2026,05,07,21,0,N,2026-05-07 21:00:00,3,False
28,079,16,12,NOx,28079016_12_8,Arturo Soria,2026,05,07,22,0,N,2026-05-07 22:00:00,3,False
28,079,16,14,O3,28079016_14_6,Arturo Soria,2026,05,07,22,0,N,2026-05-07 22:00:00,3,False
28,079,16,7,NO,28079016_7_8,Arturo Soria,2026,05,07,22,0,N,2026-05-07 22:00:00,3,False
28,079,16,8,NO2,28079016_8_8,Arturo Soria,2026,05,07,22,0,N,2026-05-07 22:00:00,3,False
28,079,16,12,NOx,28079016_12_8,Arturo Soria,2026,05,07,23,0,N,2026-05-07 23:00:00,3,False
28,079,16,14,O3,28079016_14_6,Arturo Soria,2026,05,07,23,0,N,2026-05-07 23:00:00,3,False
28,079,16,7,NO,28079016_7_8,Arturo Soria,2026,05,07,23,0,N,2026-05-07 23:00:00,3,False
28,079,16,8,NO2,28079016_8_8,Arturo Soria,2026,05,07,23,0,N,2026-05-07 23:00:00,3,False
28,079,27,12,NOx,28079027_12_8,Barajas Pueblo,2026,05,07,0,51,V,2026-05-07 00:00:00,3,False
28,079,27,14,O3,28079027_14_6,Barajas Pueblo,2026,05,07,0,38,V,2026-05-07 00:00:00,3,False
28,079,27,7,NO,28079027_7_8,Barajas Pueblo,2026,05,07,0,7,V,2026-05-07 00:00:00,3,False
28,079,27,8,NO2,28079027_8_8,Barajas Pueblo,2026,05,07,0,39,V,2026-05-07 00:00:00,3,False
28,079,27,12,NOx,28079027_12_8,Barajas Pueblo,2026,05,07,1,17,V,2026-05-07 01:00:00,3,False
28,079,27,14,O3,28079027_14_6,Barajas Pueblo,2026,05,07,1,53,V,2026-05-07 01:00:00,3,False
28,079,27,7,NO,28079027_7_8,Barajas Pueblo,2026,05,07,1,0,V,2026-05-07 01:00:00,3,False
28,079,27,8,NO2,28079027_8_8,Barajas Pueblo,2026,05,07,1,17,V,2026-05-07 01:00:00,3,False
28,079,27,12,NOx,28079027_12_8,Barajas Pueblo,2026,05,07,2,31,V,2026-05-07 02:00:00,3,False
28,079,27,14,O3,28079027_14_6,Barajas Pueblo,2026,05,07,2,38,V,2026-05-07 02:00:00,3,False
28,079,27,7,NO,28079027_7_8,Barajas Pueblo,2026,05,07,2,1,V,2026-05-07 02:00:00,3,False
28,079,27,8,NO2,28079027_8_8,Barajas Pueblo,2026,05,07,2,29,V,2026-05-07 02:00:00,3,False
28,079,27,12,NOx,28079027_12_8,Barajas Pueblo,2026,05,07,3,13,V,2026-05-07 03:00:00,3,False
28,079,27,14,O3,28079027_14_6,Barajas Pueblo,2026,05,07,3,57,V,2026-05-07 03:00:00,3,False
28,079,27,7,NO,28079027_7_8,Barajas Pueblo,2026,05,07,3,1,V,2026-05-07 03:00:00,3,False
28,079,27,8,NO2,28079027_8_8,Barajas Pueblo,2026,05,07,3,12,V,2026-05-07 03:00:00,3,False
28,079,27,12,NOx,28079027_12_8,Barajas Pueblo,2026,05,07,4,18,V,2026-05-07 04:00:00,3,False
28,079,27,14,O3,28079027_14_6,Barajas Pueblo,2026,05,07,4,53,V,2026-05-07 04:00:00,3,False
28,079,27,7,NO,28079027_7_8,Barajas Pueblo,2026,05,07,4,1,V,2026-05-07 04:00:00,3,False
28,079,27,8,NO2,28079027_8_8,Barajas Pueblo,2026,05,07,4,16,V,2026-05-07 04:00:00,3,False
28,079,27,12,NOx,28079027_12_8,Barajas Pueblo,2026,05,07,5,11,V,2026-05-07 05:00:00,3,False
28,079,27,14,O3,28079027_14_6,Barajas Pueblo,2026,05,07,5,55,V,2026-05-07 05:00:00,3,False
28,079,27,7,NO,28079027_7_8,Barajas Pueblo,2026,05,07,5,1,V,2026-05-07 05:00:00,3,False
28,079,27,8,NO2,28079027_8_8,Barajas Pueblo,2026,05,07,5,10,V,2026-05-07 05:00:00,3,False
28,079,27,12,NOx,28079027_12_8,Barajas Pueblo,2026,05,07,6,60,V,2026-05-07 06:00:00,3,False
28,079,27,14,O3,28079027_14_6,Barajas Pueblo,2026,05,07,6,29,V,2026-05-07 06:00:00,3,False
28,079,27,7,NO,28079027_7_8,Barajas Pueblo,2026,05,07,6,9,V,2026-05-07 06:00:00,3,False
28,079,27,8,NO2,28079027_8_8,Barajas Pueblo,2026,05,07,6,47,V,2026-05-07 06:00:00,3,False
28,079,27,12,NOx,28079027_12_8,Barajas Pueblo,2026,05,07,7,71,V,2026-05-07 07:00:00,3,False
28,079,27,14,O3,28079027_14_6,Barajas Pueblo,2026,05,07,7,30,V,2026-05-07 07:00:00,3,False
28,079,27,7,NO,28079027_7_8,Barajas Pueblo,2026,05,07,7,13,V,2026-05-07 07:00:00,3,False
28,079,27,8,NO2,28079027_8_8,Barajas Pueblo,2026,05,07,7,52,V,2026-05-07 07:00:00,3,False
28,079,27,12,NOx,28079027_12_8,Barajas Pueblo,2026,05,07,8,29,V,2026-05-07 08:00:00,3,False
28,079,27,14,O3,28079027_14_6,Barajas Pueblo,2026,05,07,8,53,V,2026-05-07 08:00:00,3,False
28,079,27,7,NO,28079027_7_8,Barajas Pueblo,2026,05,07,8,2,V,2026-05-07 08:00:00,3,False
28,079,27,8,NO2,28079027_8_8,Barajas Pueblo,2026,05,07,8,26,V,2026-05-07 08:00:00,3,False
28,079,27,12,NOx,28079027_12_8,Barajas Pueblo,2026,05,07,9,20,V,2026-05-07 09:00:00,3,False
28,079,27,14,O3,28079027_14_6,Barajas Pueblo,2026,05,07,9,59,V,2026-05-07 09:00:00,3,False
28,079,27,7,NO,28079027_7_8,Barajas Pueblo,2026,05,07,9,1,V,2026-05-07 09:00:00,3,False
28,079,27,8,NO2,28079027_8_8,Barajas Pueblo,2026,05,07,9,18,V,2026-05-07 09:00:00,3,False
28,079,27,12,NOx,28079027_12_8,Barajas Pueblo,2026,05,07,10,15,V,2026-05-07 10:00:00,3,False
28,079,27,14,O3,28079027_14_6,Barajas Pueblo,2026,05,07,10,75,V,2026-05-07 10:00:00,3,False
28,079,27,7,NO,28079027_7_8,Barajas Pueblo,2026,05,07,10,1,V,2026-05-07 10:00:00,3,False
28,079,27,8,NO2,28079027_8_8,Barajas Pueblo,2026,05,07,10,13,V,2026-05-07 10:00:00,3,False
28,079,27,12,NOx,28079027_12_8,Barajas Pueblo,2026,05,07,11,10,V,2026-05-07 11:00:00,3,False
28,079,27,14,O3,28079027_14_6,Barajas Pueblo,2026,05,07,11,84,V,2026-05-07 11:00:00,3,False
28,079,27,7,NO,28079027_7_8,Barajas Pueblo,2026,05,07,11,1,V,2026-05-07 11:00:00,3,False
28,079,27,8,NO2,28079027_8_8,Barajas Pueblo,2026,05,07,11,8,V,2026-05-07 11:00:00,3,False
28,079,27,12,NOx,28079027_12_8,Barajas Pueblo,2026,05,07,12,13,V,2026-05-07 12:00:00,3,False
28,079,27,14,O3,28079027_14_6,Barajas Pueblo,2026,05,07,12,87,V,2026-05-07 12:00:00,3,False
28,079,27,7,NO,28079027_7_8,Barajas Pueblo,2026,05,07,12,2,V,2026-05-07 12:00:00,3,False
28,079,27,8,NO2,28079027_8_8,Barajas Pueblo,2026,05,07,12,11,V,2026-05-07 12:00:00,3,False
28,079,27,12,NOx,28079027_12_8,Barajas Pueblo,2026,05,07,13,0,N,2026-05-07 13:00:00,3,False
28,079,27,14,O3,28079027_14_6,Barajas Pueblo,2026,05,07,13,0,N,2026-05-07 13:00:00,3,False
28,079,27,7,NO,28079027_7_8,Barajas Pueblo,2026,05,07,13,0,N,2026-05-07 13:00:00,3,False
28,079,27,8,NO2,28079027_8_8,Barajas Pueblo,2026,05,07,13,0,N,2026-05-07 13:00:00,3,False
28,079,27,12,NOx,28079027_12_8,Barajas Pueblo,2026,05,07,14,0,N,2026-05-07 14:00:00,3,False
28,079,27,14,O3,28079027_14_6,Barajas Pueblo,2026,05,07,14,0,N,2026-05-07 14:00:00,3,False
28,079,27,7,NO,28079027_7_8,Barajas Pueblo,2026,05,07,14,0,N,2026-05-07 14:00:00,3,False
28,079,27,8,NO2,28079027_8_8,Barajas Pueblo,2026,05,07,14,0,N,2026-05-07 14:00:00,3,False
28,079,27,12,NOx,28079027_12_8,Barajas Pueblo,2026,05,07,15,0,N,2026-05-07 15:00:00,3,False
28,079,27,14,O3,28079027_14_6,Barajas Pueblo,2026,05,07,15,0,N,2026-05-07 15:00:00,3,False
28,079,27,7,NO,28079027_7_8,Barajas Pueblo,2026,05,07,15,0,N,2026-05-07 15:00:00,3,False
28,079,27,8,NO2,28079027_8_8,Barajas Pueblo,2026,05,07,15,0,N,2026-05-07 15:00:00,3,False
28,079,27,12,NOx,28079027_12_8,Barajas Pueblo,2026,05,07,16,0,N,2026-05-07 16:00:00,3,False
28,079,27,14,O3,28079027_14_6,Barajas Pueblo,2026,05,07,16,0,N,2026-05-07 16:00:00,3,False
28,079,27,7,NO,28079027_7_8,Barajas Pueblo,2026,05,07,16,0,N,2026-05-07 16:00:00,3,False
28,079,27,8,NO2,28079027_8_8,Barajas Pueblo,2026,05,07,16,0,N,2026-05-07 16:00:00,3,False
28,079,27,12,NOx,28079027_12_8,Barajas Pueblo,2026,05,07,17,0,N,2026-05-07 17:00:00,3,False
28,079,27,14,O3,28079027_14_6,Barajas Pueblo,2026,05,07,17,0,N,2026-05-07 17:00:00,3,False
28,079,27,7,NO,28079027_7_8,Barajas Pueblo,2026,05,07,17,0,N,2026-05-07 17:00:00,3,False
28,079,27,8,NO2,28079027_8_8,Barajas Pueblo,2026,05,07,17,0,N,2026-05-07 17:00:00,3,False
28,079,27,12,NOx,28079027_12_8,Barajas Pueblo,2026,05,07,18,0,N,2026-05-07 18:00:00,3,False
28,079,27,14,O3,28079027_14_6,Barajas Pueblo,2026,05,07,18,0,N,2026-05-07 18:00:00,3,False
28,079,27,7,NO,28079027_7_8,Barajas Pueblo,2026,05,07,18,0,N,2026-05-07 18:00:00,3,False
28,079,27,8,NO2,28079027_8_8,Barajas Pueblo,2026,05,07,18,0,N,2026-05-07 18:00:00,3,False
28,079,27,12,NOx,28079027_12_8,Barajas Pueblo,2026,05,07,19,0,N,2026-05-07 19:00:00,3,False
28,079,27,14,O3,28079027_14_6,Barajas Pueblo,2026,05,07,19,0,N,2026-05-07 19:00:00,3,False
28,079,27,7,NO,28079027_7_8,Barajas Pueblo,2026,05,07,19,0,N,2026-05-07 19:00:00,3,False
28,079,27,8,NO2,28079027_8_8,Barajas Pueblo,2026,05,07,19,0,N,2026-05-07 19:00:00,3,False
28,079,27,12,NOx,28079027_12_8,Barajas Pueblo,2026,05,07,20,0,N,2026-05-07 20:00:00,3,False
28,079,27,14,O3,28079027_14_6,Barajas Pueblo,2026,05,07,20,0,N,2026-05-07 20:00:00,3,False
28,079,27,7,NO,28079027_7_8,Barajas Pueblo,2026,05,07,20,0,N,2026-05-07 20:00:00,3,False
28,079,27,8,NO2,28079027_8_8,Barajas Pueblo,2026,05,07,20,0,N,2026-05-07 20:00:00,3,False
28,079,27,12,NOx,28079027_12_8,Barajas Pueblo,2026,05,07,21,0,N,2026-05-07 21:00:00,3,False
28,079,27,14,O3,28079027_14_6,Barajas Pueblo,2026,05,07,21,0,N,2026-05-07 21:00:00,3,False
28,079,27,7,NO,28079027_7_8,Barajas Pueblo,2026,05,07,21,0,N,2026-05-07 21:00:00,3,False
28,079,27,8,NO2,28079027_8_8,Barajas Pueblo,2026,05,07,21,0,N,2026-05-07 21:00:00,3,False
28,079,27,12,NOx,28079027_12_8,Barajas Pueblo,2026,05,07,22,0,N,2026-05-07 22:00:00,3,False
28,079,27,14,O3,28079027_14_6,Barajas Pueblo,2026,05,07,22,0,N,2026-05-07 22:00:00,3,False
28,079,27,7,NO,28079027_7_8,Barajas Pueblo,2026,05,07,22,0,N,2026-05-07 22:00:00,3,False
28,079,27,8,NO2,28079027_8_8,Barajas Pueblo,2026,05,07,22,0,N,2026-05-07 22:00:00,3,False
28,079,27,12,NOx,28079027_12_8,Barajas Pueblo,2026,05,07,23,0,N,2026-05-07 23:00:00,3,False
28,079,27,14,O3,28079027_14_6,Barajas Pueblo,2026,05,07,23,0,N,2026-05-07 23:00:00,3,False
28,079,27,7,NO,28079027_7_8,Barajas Pueblo,2026,05,07,23,0,N,2026-05-07 23:00:00,3,False
28,079,27,8,NO2,28079027_8_8,Barajas Pueblo,2026,05,07,23,0,N,2026-05-07 23:00:00,3,False
28,079,39,12,NOx,28079039_12_8,Barrio del Pilar,2026,05,07,0,27,V,2026-05-07 00:00:00,3,False
28,079,39,14,O3,28079039_14_6,Barrio del Pilar,2026,05,07,0,73,V,2026-05-07 00:00:00,3,False
28,079,39,7,NO,28079039_7_8,Barrio del Pilar,2026,05,07,0,0,V,2026-05-07 00:00:00,3,False
28,079,39,8,NO2,28079039_8_8,Barrio del Pilar,2026,05,07,0,27,V,2026-05-07 00:00:00,3,False
28,079,39,12,NOx,28079039_12_8,Barrio del Pilar,2026,05,07,1,12,V,2026-05-07 01:00:00,3,False
28,079,39,14,O3,28079039_14_6,Barrio del Pilar,2026,05,07,1,76,V,2026-05-07 01:00:00,3,False
28,079,39,7,NO,28079039_7_8,Barrio del Pilar,2026,05,07,1,0,V,2026-05-07 01:00:00,3,False
28,079,39,8,NO2,28079039_8_8,Barrio del Pilar,2026,05,07,1,12,V,2026-05-07 01:00:00,3,False
28,079,39,12,NOx,28079039_12_8,Barrio del Pilar,2026,05,07,2,5,V,2026-05-07 02:00:00,3,False
28,079,39,14,O3,28079039_14_6,Barrio del Pilar,2026,05,07,2,73,V,2026-05-07 02:00:00,3,False
28,079,39,7,NO,28079039_7_8,Barrio del Pilar,2026,05,07,2,0,V,2026-05-07 02:00:00,3,False
28,079,39,8,NO2,28079039_8_8,Barrio del Pilar,2026,05,07,2,5,V,2026-05-07 02:00:00,3,False
28,079,39,12,NOx,28079039_12_8,Barrio del Pilar,2026,05,07,3,6,V,2026-05-07 03:00:00,3,False
28,079,39,14,O3,28079039_14_6,Barrio del Pilar,2026,05,07,3,70,V,2026-05-07 03:00:00,3,False
28,079,39,7,NO,28079039_7_8,Barrio del Pilar,2026,05,07,3,0,V,2026-05-07 03:00:00,3,False
28,079,39,8,NO2,28079039_8_8,Barrio del Pilar,2026,05,07,3,6,V,2026-05-07 03:00:00,3,False
28,079,39,12,NOx,28079039_12_8,Barrio del Pilar,2026,05,07,4,5,V,2026-05-07 04:00:00,3,False
28,079,39,14,O3,28079039_14_6,Barrio del Pilar,2026,05,07,4,71,V,2026-05-07 04:00:00,3,False
28,079,39,7,NO,28079039_7_8,Barrio del Pilar,2026,05,07,4,0,V,2026-05-07 04:00:00,3,False
28,079,39,8,NO2,28079039_8_8,Barrio del Pilar,2026,05,07,4,5,V,2026-05-07 04:00:00,3,False
28,079,39,12,NOx,28079039_12_8,Barrio del Pilar,2026,05,07,5,6,V,2026-05-07 05:00:00,3,False
28,079,39,14,O3,28079039_14_6,Barrio del Pilar,2026,05,07,5,69,V,2026-05-07 05:00:00,3,False
28,079,39,7,NO,28079039_7_8,Barrio del Pilar,2026,05,07,5,0,V,2026-05-07 05:00:00,3,False
28,079,39,8,NO2,28079039_8_8,Barrio del Pilar,2026,05,07,5,6,V,2026-05-07 05:00:00,3,False
28,079,39,12,NOx,28079039_12_8,Barrio del Pilar,2026,05,07,6,13,V,2026-05-07 06:00:00,3,False
28,079,39,14,O3,28079039_14_6,Barrio del Pilar,2026,05,07,6,61,V,2026-05-07 06:00:00,3,False
28,079,39,7,NO,28079039_7_8,Barrio del Pilar,2026,05,07,6,0,V,2026-05-07 06:00:00,3,False
28,079,39,8,NO2,28079039_8_8,Barrio del Pilar,2026,05,07,6,13,V,2026-05-07 06:00:00,3,False
28,079,39,12,NOx,28079039_12_8,Barrio del Pilar,2026,05,07,7,25,V,2026-05-07 07:00:00,3,False
28,079,39,14,O3,28079039_14_6,Barrio del Pilar,2026,05,07,7,49,V,2026-05-07 07:00:00,3,False
28,079,39,7,NO,28079039_7_8,Barrio del Pilar,2026,05,07,7,0,V,2026-05-07 07:00:00,3,False
28,079,39,8,NO2,28079039_8_8,Barrio del Pilar,2026,05,07,7,25,V,2026-05-07 07:00:00,3,False
28,079,39,12,NOx,28079039_12_8,Barrio del Pilar,2026,05,07,8,29,V,2026-05-07 08:00:00,3,False
28,079,39,14,O3,28079039_14_6,Barrio del Pilar,2026,05,07,8,50,V,2026-05-07 08:00:00,3,False
28,079,39,7,NO,28079039_7_8,Barrio del Pilar,2026,05,07,8,0,V,2026-05-07 08:00:00,3,False
28,079,39,8,NO2,28079039_8_8,Barrio del Pilar,2026,05,07,8,29,V,2026-05-07 08:00:00,3,False
28,079,39,12,NOx,28079039_12_8,Barrio del Pilar,2026,05,07,9,27,V,2026-05-07 09:00:00,3,False
28,079,39,14,O3,28079039_14_6,Barrio del Pilar,2026,05,07,9,54,V,2026-05-07 09:00:00,3,False
28,079,39,7,NO,28079039_7_8,Barrio del Pilar,2026,05,07,9,0,V,2026-05-07 09:00:00,3,False
28,079,39,8,NO2,28079039_8_8,Barrio del Pilar,2026,05,07,9,27,V,2026-05-07 09:00:00,3,False
28,079,39,12,NOx,28079039_12_8,Barrio del Pilar,2026,05,07,10,17,V,2026-05-07 10:00:00,3,False
28,079,39,14,O3,28079039_14_6,Barrio del Pilar,2026,05,07,10,68,V,2026-05-07 10:00:00,3,False
28,079,39,7,NO,28079039_7_8,Barrio del Pilar,2026,05,07,10,0,V,2026-05-07 10:00:00,3,False
28,079,39,8,NO2,28079039_8_8,Barrio del Pilar,2026,05,07,10,17,V,2026-05-07 10:00:00,3,False
28,079,39,12,NOx,28079039_12_8,Barrio del Pilar,2026,05,07,11,11,V,2026-05-07 11:00:00,3,False
28,079,39,14,O3,28079039_14_6,Barrio del Pilar,2026,05,07,11,82,V,2026-05-07 11:00:00,3,False
28,079,39,7,NO,28079039_7_8,Barrio del Pilar,2026,05,07,11,0,V,2026-05-07 11:00:00,3,False
28,079,39,8,NO2,28079039_8_8,Barrio del Pilar,2026,05,07,11,11,V,2026-05-07 11:00:00,3,False
28,079,39,12,NOx,28079039_12_8,Barrio del Pilar,2026,05,07,12,13,V,2026-05-07 12:00:00,3,False
28,079,39,14,O3,28079039_14_6,Barrio del Pilar,2026,05,07,12,86,V,2026-05-07 12:00:00,3,False
28,079,39,7,NO,28079039_7_8,Barrio del Pilar,2026,05,07,12,0,V,2026-05-07 12:00:00,3,False
28,079,39,8,NO2,28079039_8_8,Barrio del Pilar,2026,05,07,12,12,V,2026-05-07 12:00:00,3,False
28,079,39,12,NOx,28079039_12_8,Barrio del Pilar,2026,05,07,13,0,N,2026-05-07 13:00:00,3,False
28,079,39,14,O3,28079039_14_6,Barrio del Pilar,2026,05,07,13,0,N,2026-05-07 13:00:00,3,False
28,079,39,7,NO,28079039_7_8,Barrio del Pilar,2026,05,07,13,0,N,2026-05-07 13:00:00,3,False
28,079,39,8,NO2,28079039_8_8,Barrio del Pilar,2026,05,07,13,0,N,2026-05-07 13:00:00,3,False
28,079,39,12,NOx,28079039_12_8,Barrio del Pilar,2026,05,07,14,0,N,2026-05-07 14:00:00,3,False
28,079,39,14,O3,28079039_14_6,Barrio del Pilar,2026,05,07,14,0,N,2026-05-07 14:00:00,3,False
28,079,39,7,NO,28079039_7_8,Barrio del Pilar,2026,05,07,14,0,N,2026-05-07 14:00:00,3,False
28,079,39,8,NO2,28079039_8_8,Barrio del Pilar,2026,05,07,14,0,N,2026-05-07 14:00:00,3,False
28,079,39,12,NOx,28079039_12_8,Barrio del Pilar,2026,05,07,15,0,N,2026-05-07 15:00:00,3,False
28,079,39,14,O3,28079039_14_6,Barrio del Pilar,2026,05,07,15,0,N,2026-05-07 15:00:00,3,False
28,079,39,7,NO,28079039_7_8,Barrio del Pilar,2026,05,07,15,0,N,2026-05-07 15:00:00,3,False
28,079,39,8,NO2,28079039_8_8,Barrio del Pilar,2026,05,07,15,0,N,2026-05-07 15:00:00,3,False
28,079,39,12,NOx,28079039_12_8,Barrio del Pilar,2026,05,07,16,0,N,2026-05-07 16:00:00,3,False
28,079,39,14,O3,28079039_14_6,Barrio del Pilar,2026,05,07,16,0,N,2026-05-07 16:00:00,3,False
28,079,39,7,NO,28079039_7_8,Barrio del Pilar,2026,05,07,16,0,N,2026-05-07 16:00:00,3,False
28,079,39,8,NO2,28079039_8_8,Barrio del Pilar,2026,05,07,16,0,N,2026-05-07 16:00:00,3,False
28,079,39,12,NOx,28079039_12_8,Barrio del Pilar,2026,05,07,17,0,N,2026-05-07 17:00:00,3,False
28,079,39,14,O3,28079039_14_6,Barrio del Pilar,2026,05,07,17,0,N,2026-05-07 17:00:00,3,False
28,079,39,7,NO,28079039_7_8,Barrio del Pilar,2026,05,07,17,0,N,2026-05-07 17:00:00,3,False
28,079,39,8,NO2,28079039_8_8,Barrio del Pilar,2026,05,07,17,0,N,2026-05-07 17:00:00,3,False
28,079,39,12,NOx,28079039_12_8,Barrio del Pilar,2026,05,07,18,0,N,2026-05-07 18:00:00,3,False
28,079,39,14,O3,28079039_14_6,Barrio del Pilar,2026,05,07,18,0,N,2026-05-07 18:00:00,3,False
28,079,39,7,NO,28079039_7_8,Barrio del Pilar,2026,05,07,18,0,N,2026-05-07 18:00:00,3,False
28,079,39,8,NO2,28079039_8_8,Barrio del Pilar,2026,05,07,18,0,N,2026-05-07 18:00:00,3,False
28,079,39,12,NOx,28079039_12_8,Barrio del Pilar,2026,05,07,19,0,N,2026-05-07 19:00:00,3,False
28,079,39,14,O3,28079039_14_6,Barrio del Pilar,2026,05,07,19,0,N,2026-05-07 19:00:00,3,False
28,079,39,7,NO,28079039_7_8,Barrio del Pilar,2026,05,07,19,0,N,2026-05-07 19:00:00,3,False
28,079,39,8,NO2,28079039_8_8,Barrio del Pilar,2026,05,07,19,0,N,2026-05-07 19:00:00,3,False
28,079,39,12,NOx,28079039_12_8,Barrio del Pilar,2026,05,07,20,0,N,2026-05-07 20:00:00,3,False
28,079,39,14,O3,28079039_14_6,Barrio del Pilar,2026,05,07,20,0,N,2026-05-07 20:00:00,3,False
28,079,39,7,NO,28079039_7_8,Barrio del Pilar,2026,05,07,20,0,N,2026-05-07 20:00:00,3,False
28,079,39,8,NO2,28079039_8_8,Barrio del Pilar,2026,05,07,20,0,N,2026-05-07 20:00:00,3,False
28,079,39,12,NOx,28079039_12_8,Barrio del Pilar,2026,05,07,21,0,N,2026-05-07 21:00:00,3,False
28,079,39,14,O3,28079039_14_6,Barrio del Pilar,2026,05,07,21,0,N,2026-05-07 21:00:00,3,False
28,079,39,7,NO,28079039_7_8,Barrio del Pilar,2026,05,07,21,0,N,2026-05-07 21:00:00,3,False
28,079,39,8,NO2,28079039_8_8,Barrio del Pilar,2026,05,07,21,0,N,2026-05-07 21:00:00,3,False
28,079,39,12,NOx,28079039_12_8,Barrio del Pilar,2026,05,07,22,0,N,2026-05-07 22:00:00,3,False
28,079,39,14,O3,28079039_14_6,Barrio del Pilar,2026,05,07,22,0,N,2026-05-07 22:00:00,3,False
28,079,39,7,NO,28079039_7_8,Barrio del Pilar,2026,05,07,22,0,N,2026-05-07 22:00:00,3,False
28,079,39,8,NO2,28079039_8_8,Barrio del Pilar,2026,05,07,22,0,N,2026-05-07 22:00:00,3,False
28,079,39,12,NOx,28079039_12_8,Barrio del Pilar,2026,05,07,23,0,N,2026-05-07 23:00:00,3,False
28,079,39,14,O3,28079039_14_6,Barrio del Pilar,2026,05,07,23,0,N,2026-05-07 23:00:00,3,False
28,079,39,7,NO,28079039_7_8,Barrio del Pilar,2026,05,07,23,0,N,2026-05-07 23:00:00,3,False
28,079,39,8,NO2,28079039_8_8,Barrio del Pilar,2026,05,07,23,0,N,2026-05-07 23:00:00,3,False
28,079,24,10,PM10,28079024_10_47,Casa de Campo,2026,05,07,0,11,V,2026-05-07 00:00:00,3,False
28,079,24,12,NOx,28079024_12_8,Casa de Campo,2026,05,07,0,26,V,2026-05-07 00:00:00,3,False
28,079,24,14,O3,28079024_14_6,Casa de Campo,2026,05,07,0,65,V,2026-05-07 00:00:00,3,False
28,079,24,7,NO,28079024_7_8,Casa de Campo,2026,05,07,0,1,V,2026-05-07 00:00:00,3,False
28,079,24,8,NO2,28079024_8_8,Casa de Campo,2026,05,07,0,25,V,2026-05-07 00:00:00,3,False
28,079,24,9,PM2.5,28079024_9_47,Casa de Campo,2026,05,07,0,5,V,2026-05-07 00:00:00,3,False
28,079,24,10,PM10,28079024_10_47,Casa de Campo,2026,05,07,1,14,V,2026-05-07 01:00:00,3,False
28,079,24,12,NOx,28079024_12_8,Casa de Campo,2026,05,07,1,16,V,2026-05-07 01:00:00,3,False
28,079,24,14,O3,28079024_14_6,Casa de Campo,2026,05,07,1,67,V,2026-05-07 01:00:00,3,False
28,079,24,7,NO,28079024_7_8,Casa de Campo,2026,05,07,1,0,V,2026-05-07 01:00:00,3,False
28,079,24,8,NO2,28079024_8_8,Casa de Campo,2026,05,07,1,15,V,2026-05-07 01:00:00,3,False
28,079,24,9,PM2.5,28079024_9_47,Casa de Campo,2026,05,07,1,8,V,2026-05-07 01:00:00,3,False
28,079,24,10,PM10,28079024_10_47,Casa de Campo,2026,05,07,2,12,V,2026-05-07 02:00:00,3,False
28,079,24,12,NOx,28079024_12_8,Casa de Campo,2026,05,07,2,8,V,2026-05-07 02:00:00,3,False
28,079,24,14,O3,28079024_14_6,Casa de Campo,2026,05,07,2,72,V,2026-05-07 02:00:00,3,False
28,079,24,7,NO,28079024_7_8,Casa de Campo,2026,05,07,2,1,V,2026-05-07 02:00:00,3,False
28,079,24,8,NO2,28079024_8_8,Casa de Campo,2026,05,07,2,7,V,2026-05-07 02:00:00,3,False
28,079,24,9,PM2.5,28079024_9_47,Casa de Campo,2026,05,07,2,8,V,2026-05-07 02:00:00,3,False
28,079,24,10,PM10,28079024_10_47,Casa de Campo,2026,05,07,3,7,V,2026-05-07 03:00:00,3,False
28,079,24,12,NOx,28079024_12_8,Casa de Campo,2026,05,07,3,7,V,2026-05-07 03:00:00,3,False
28,079,24,14,O3,28079024_14_6,Casa de Campo,2026,05,07,3,70,V,2026-05-07 03:00:00,3,False
28,079,24,7,NO,28079024_7_8,Casa de Campo,2026,05,07,3,1,V,2026-05-07 03:00:00,3,False
28,079,24,8,NO2,28079024_8_8,Casa de Campo,2026,05,07,3,6,V,2026-05-07 03:00:00,3,False
28,079,24,9,PM2.5,28079024_9_47,Casa de Campo,2026,05,07,3,3,V,2026-05-07 03:00:00,3,False
28,079,24,10,PM10,28079024_10_47,Casa de Campo,2026,05,07,4,7,V,2026-05-07 04:00:00,3,False
28,079,24,12,NOx,28079024_12_8,Casa de Campo,2026,05,07,4,7,V,2026-05-07 04:00:00,3,False
28,079,24,14,O3,28079024_14_6,Casa de Campo,2026,05,07,4,67,V,2026-05-07 04:00:00,3,False
28,079,24,7,NO,28079024_7_8,Casa de Campo,2026,05,07,4,1,V,2026-05-07 04:00:00,3,False
28,079,24,8,NO2,28079024_8_8,Casa de Campo,2026,05,07,4,7,V,2026-05-07 04:00:00,3,False
28,079,24,9,PM2.5,28079024_9_47,Casa de Campo,2026,05,07,4,5,V,2026-05-07 04:00:00,3,False
28,079,24,10,PM10,28079024_10_47,Casa de Campo,2026,05,07,5,8,V,2026-05-07 05:00:00,3,False
28,079,24,12,NOx,28079024_12_8,Casa de Campo,2026,05,07,5,7,V,2026-05-07 05:00:00,3,False
28,079,24,14,O3,28079024_14_6,Casa de Campo,2026,05,07,5,70,V,2026-05-07 05:00:00,3,False
28,079,24,7,NO,28079024_7_8,Casa de Campo,2026,05,07,5,1,V,2026-05-07 05:00:00,3,False
28,079,24,8,NO2,28079024_8_8,Casa de Campo,2026,05,07,5,6,V,2026-05-07 05:00:00,3,False
28,079,24,9,PM2.5,28079024_9_47,Casa de Campo,2026,05,07,5,5,V,2026-05-07 05:00:00,3,False
28,079,24,10,PM10,28079024_10_47,Casa de Campo,2026,05,07,6,8,V,2026-05-07 06:00:00,3,False
28,079,24,12,NOx,28079024_12_8,Casa de Campo,2026,05,07,6,8,V,2026-05-07 06:00:00,3,False
28,079,24,14,O3,28079024_14_6,Casa de Campo,2026,05,07,6,68,V,2026-05-07 06:00:00,3,False
28,079,24,7,NO,28079024_7_8,Casa de Campo,2026,05,07,6,1,V,2026-05-07 06:00:00,3,False
28,079,24,8,NO2,28079024_8_8,Casa de Campo,2026,05,07,6,7,V,2026-05-07 06:00:00,3,False
28,079,24,9,PM2.5,28079024_9_47,Casa de Campo,2026,05,07,6,4,V,2026-05-07 06:00:00,3,False
28,079,24,10,PM10,28079024_10_47,Casa de Campo,2026,05,07,7,9,V,2026-05-07 07:00:00,3,False
28,079,24,12,NOx,28079024_12_8,Casa de Campo,2026,05,07,7,17,V,2026-05-07 07:00:00,3,False
28,079,24,14,O3,28079024_14_6,Casa de Campo,2026,05,07,7,62,V,2026-05-07 07:00:00,3,False
28,079,24,7,NO,28079024_7_8,Casa de Campo,2026,05,07,7,1,V,2026-05-07 07:00:00,3,False
28,079,24,8,NO2,28079024_8_8,Casa de Campo,2026,05,07,7,16,V,2026-05-07 07:00:00,3,False
28,079,24,9,PM2.5,28079024_9_47,Casa de Campo,2026,05,07,7,4,V,2026-05-07 07:00:00,3,False
28,079,24,10,PM10,28079024_10_47,Casa de Campo,2026,05,07,8,11,V,2026-05-07 08:00:00,3,False
28,079,24,12,NOx,28079024_12_8,Casa de Campo,2026,05,07,8,23,V,2026-05-07 08:00:00,3,False
28,079,24,14,O3,28079024_14_6,Casa de Campo,2026,05,07,8,62,V,2026-05-07 08:00:00,3,False
28,079,24,7,NO,28079024_7_8,Casa de Campo,2026,05,07,8,1,V,2026-05-07 08:00:00,3,False
28,079,24,8,NO2,28079024_8_8,Casa de Campo,2026,05,07,8,21,V,2026-05-07 08:00:00,3,False
28,079,24,9,PM2.5,28079024_9_47,Casa de Campo,2026,05,07,8,6,V,2026-05-07 08:00:00,3,False
28,079,24,10,PM10,28079024_10_47,Casa de Campo,2026,05,07,9,15,V,2026-05-07 09:00:00,3,False
28,079,24,12,NOx,28079024_12_8,Casa de Campo,2026,05,07,9,28,V,2026-05-07 09:00:00,3,False
28,079,24,14,O3,28079024_14_6,Casa de Campo,2026,05,07,9,61,V,2026-05-07 09:00:00,3,False
28,079,24,7,NO,28079024_7_8,Casa de Campo,2026,05,07,9,2,V,2026-05-07 09:00:00,3,False
28,079,24,8,NO2,28079024_8_8,Casa de Campo,2026,05,07,9,25,V,2026-05-07 09:00:00,3,False
28,079,24,9,PM2.5,28079024_9_47,Casa de Campo,2026,05,07,9,9,V,2026-05-07 09:00:00,3,False
28,079,24,10,PM10,28079024_10_47,Casa de Campo,2026,05,07,10,23,V,2026-05-07 10:00:00,3,False
28,079,24,12,NOx,28079024_12_8,Casa de Campo,2026,05,07,10,17,V,2026-05-07 10:00:00,3,False
28,079,24,14,O3,28079024_14_6,Casa de Campo,2026,05,07,10,80,V,2026-05-07 10:00:00,3,False
28,079,24,7,NO,28079024_7_8,Casa de Campo,2026,05,07,10,2,V,2026-05-07 10:00:00,3,False
28,079,24,8,NO2,28079024_8_8,Casa de Campo,2026,05,07,10,13,V,2026-05-07 10:00:00,3,False
28,079,24,9,PM2.5,28079024_9_47,Casa de Campo,2026,05,07,10,14,V,2026-05-07 10:00:00,3,False
28,079,24,10,PM10,28079024_10_47,Casa de Campo,2026,05,07,11,12,V,2026-05-07 11:00:00,3,False
28,079,24,12,NOx,28079024_12_8,Casa de Campo,2026,05,07,11,13,V,2026-05-07 11:00:00,3,False
28,079,24,14,O3,28079024_14_6,Casa de Campo,2026,05,07,11,88,V,2026-05-07 11:00:00,3,False
28,079,24,7,NO,28079024_7_8,Casa de Campo,2026,05,07,11,2,V,2026-05-07 11:00:00,3,False
28,079,24,8,NO2,28079024_8_8,Casa de Campo,2026,05,07,11,10,V,2026-05-07 11:00:00,3,False
28,079,24,9,PM2.5,28079024_9_47,Casa de Campo,2026,05,07,11,5,V,2026-05-07 11:00:00,3,False
28,079,24,10,PM10,28079024_10_47,Casa de Campo,2026,05,07,12,21,V,2026-05-07 12:00:00,3,False
28,079,24,12,NOx,28079024_12_8,Casa de Campo,2026,05,07,12,13,V,2026-05-07 12:00:00,3,False
28,079,24,14,O3,28079024_14_6,Casa de Campo,2026,05,07,12,91,V,2026-05-07 12:00:00,3,False
28,079,24,7,NO,28079024_7_8,Casa de Campo,2026,05,07,12,2,V,2026-05-07 12:00:00,3,False
28,079,24,8,NO2,28079024_8_8,Casa de Campo,2026,05,07,12,9,V,2026-05-07 12:00:00,3,False
28,079,24,9,PM2.5,28079024_9_47,Casa de Campo,2026,05,07,12,12,V,2026-05-07 12:00:00,3,False
28,079,24,10,PM10,28079024_10_47,Casa de Campo,2026,05,07,13,0,N,2026-05-07 13:00:00,3,False
28,079,24,12,NOx,28079024_12_8,Casa de Campo,2026,05,07,13,0,N,2026-05-07 13:00:00,3,False
28,079,24,14,O3,28079024_14_6,Casa de Campo,2026,05,07,13,0,N,2026-05-07 13:00:00,3,False
28,079,24,7,NO,28079024_7_8,Casa de Campo,2026,05,07,13,0,N,2026-05-07 13:00:00,3,False
28,079,24,8,NO2,28079024_8_8,Casa de Campo,2026,05,07,13,0,N,2026-05-07 13:00:00,3,False
28,079,24,9,PM2.5,28079024_9_47,Casa de Campo,2026,05,07,13,0,N,2026-05-07 13:00:00,3,False
28,079,24,10,PM10,28079024_10_47,Casa de Campo,2026,05,07,14,0,N,2026-05-07 14:00:00,3,False
28,079,24,12,NOx,28079024_12_8,Casa de Campo,2026,05,07,14,0,N,2026-05-07 14:00:00,3,False
28,079,24,14,O3,28079024_14_6,Casa de Campo,2026,05,07,14,0,N,2026-05-07 14:00:00,3,False
28,079,24,7,NO,28079024_7_8,Casa de Campo,2026,05,07,14,0,N,2026-05-07 14:00:00,3,False
28,079,24,8,NO2,28079024_8_8,Casa de Campo,2026,05,07,14,0,N,2026-05-07 14:00:00,3,False
28,079,24,9,PM2.5,28079024_9_47,Casa de Campo,2026,05,07,14,0,N,2026-05-07 14:00:00,3,False
28,079,24,10,PM10,28079024_10_47,Casa de Campo,2026,05,07,15,0,N,2026-05-07 15:00:00,3,False
28,079,24,12,NOx,28079024_12_8,Casa de Campo,2026,05,07,15,0,N,2026-05-07 15:00:00,3,False
28,079,24,14,O3,28079024_14_6,Casa de Campo,2026,05,07,15,0,N,2026-05-07 15:00:00,3,False
28,079,24,7,NO,28079024_7_8,Casa de Campo,2026,05,07,15,0,N,2026-05-07 15:00:00,3,False
28,079,24,8,NO2,28079024_8_8,Casa de Campo,2026,05,07,15,0,N,2026-05-07 15:00:00,3,False
28,079,24,9,PM2.5,28079024_9_47,Casa de Campo,2026,05,07,15,0,N,2026-05-07 15:00:00,3,False
28,079,24,10,PM10,28079024_10_47,Casa de Campo,2026,05,07,16,0,N,2026-05-07 16:00:00,3,False
28,079,24,12,NOx,28079024_12_8,Casa de Campo,2026,05,07,16,0,N,2026-05-07 16:00:00,3,False
28,079,24,14,O3,28079024_14_6,Casa de Campo,2026,05,07,16,0,N,2026-05-07 16:00:00,3,False
28,079,24,7,NO,28079024_7_8,Casa de Campo,2026,05,07,16,0,N,2026-05-07 16:00:00,3,False
28,079,24,8,NO2,28079024_8_8,Casa de Campo,2026,05,07,16,0,N,2026-05-07 16:00:00,3,False
28,079,24,9,PM2.5,28079024_9_47,Casa de Campo,2026,05,07,16,0,N,2026-05-07 16:00:00,3,False
28,079,24,10,PM10,28079024_10_47,Casa de Campo,2026,05,07,17,0,N,2026-05-07 17:00:00,3,False
28,079,24,12,NOx,28079024_12_8,Casa de Campo,2026,05,07,17,0,N,2026-05-07 17:00:00,3,False
28,079,24,14,O3,28079024_14_6,Casa de Campo,2026,05,07,17,0,N,2026-05-07 17:00:00,3,False
28,079,24,7,NO,28079024_7_8,Casa de Campo,2026,05,07,17,0,N,2026-05-07 17:00:00,3,False
28,079,24,8,NO2,28079024_8_8,Casa de Campo,2026,05,07,17,0,N,2026-05-07 17:00:00,3,False
28,079,24,9,PM2.5,28079024_9_47,Casa de Campo,2026,05,07,17,0,N,2026-05-07 17:00:00,3,False
28,079,24,10,PM10,28079024_10_47,Casa de Campo,2026,05,07,18,0,N,2026-05-07 18:00:00,3,False
28,079,24,12,NOx,28079024_12_8,Casa de Campo,2026,05,07,18,0,N,2026-05-07 18:00:00,3,False
28,079,24,14,O3,28079024_14_6,Casa de Campo,2026,05,07,18,0,N,2026-05-07 18:00:00,3,False
28,079,24,7,NO,28079024_7_8,Casa de Campo,2026,05,07,18,0,N,2026-05-07 18:00:00,3,False
28,079,24,8,NO2,28079024_8_8,Casa de Campo,2026,05,07,18,0,N,2026-05-07 18:00:00,3,False
28,079,24,9,PM2.5,28079024_9_47,Casa de Campo,2026,05,07,18,0,N,2026-05-07 18:00:00,3,False
28,079,24,10,PM10,28079024_10_47,Casa de Campo,2026,05,07,19,0,N,2026-05-07 19:00:00,3,False
28,079,24,12,NOx,28079024_12_8,Casa de Campo,2026,05,07,19,0,N,2026-05-07 19:00:00,3,False
28,079,24,14,O3,28079024_14_6,Casa de Campo,2026,05,07,19,0,N,2026-05-07 19:00:00,3,False
28,079,24,7,NO,28079024_7_8,Casa de Campo,2026,05,07,19,0,N,2026-05-07 19:00:00,3,False
28,079,24,8,NO2,28079024_8_8,Casa de Campo,2026,05,07,19,0,N,2026-05-07 19:00:00,3,False
28,079,24,9,PM2.5,28079024_9_47,Casa de Campo,2026,05,07,19,0,N,2026-05-07 19:00:00,3,False
28,079,24,10,PM10,28079024_10_47,Casa de Campo,2026,05,07,20,0,N,2026-05-07 20:00:00,3,False
28,079,24,12,NOx,28079024_12_8,Casa de Campo,2026,05,07,20,0,N,2026-05-07 20:00:00,3,False
28,079,24,14,O3,28079024_14_6,Casa de Campo,2026,05,07,20,0,N,2026-05-07 20:00:00,3,False
28,079,24,7,NO,28079024_7_8,Casa de Campo,2026,05,07,20,0,N,2026-05-07 20:00:00,3,False
28,079,24,8,NO2,28079024_8_8,Casa de Campo,2026,05,07,20,0,N,2026-05-07 20:00:00,3,False
28,079,24,9,PM2.5,28079024_9_47,Casa de Campo,2026,05,07,20,0,N,2026-05-07 20:00:00,3,False
28,079,24,10,PM10,28079024_10_47,Casa de Campo,2026,05,07,21,0,N,2026-05-07 21:00:00,3,False
28,079,24,12,NOx,28079024_12_8,Casa de Campo,2026,05,07,21,0,N,2026-05-07 21:00:00,3,False
28,079,24,14,O3,28079024_14_6,Casa de Campo,2026,05,07,21,0,N,2026-05-07 21:00:00,3,False
28,079,24,7,NO,28079024_7_8,Casa de Campo,2026,05,07,21,0,N,2026-05-07 21:00:00,3,False
28,079,24,8,NO2,28079024_8_8,Casa de Campo,2026,05,07,21,0,N,2026-05-07 21:00:00,3,False
28,079,24,9,PM2.5,28079024_9_47,Casa de Campo,2026,05,07,21,0,N,2026-05-07 21:00:00,3,False
28,079,24,10,PM10,28079024_10_47,Casa de Campo,2026,05,07,22,0,N,2026-05-07 22:00:00,3,False
28,079,24,12,NOx,28079024_12_8,Casa de Campo,2026,05,07,22,0,N,2026-05-07 22:00:00,3,False
28,079,24,14,O3,28079024_14_6,Casa de Campo,2026,05,07,22,0,N,2026-05-07 22:00:00,3,False
28,079,24,7,NO,28079024_7_8,Casa de Campo,2026,05,07,22,0,N,2026-05-07 22:00:00,3,False
28,079,24,8,NO2,28079024_8_8,Casa de Campo,2026,05,07,22,0,N,2026-05-07 22:00:00,3,False
28,079,24,9,PM2.5,28079024_9_47,Casa de Campo,2026,05,07,22,0,N,2026-05-07 22:00:00,3,False
28,079,24,10,PM10,28079024_10_47,Casa de Campo,2026,05,07,23,0,N,2026-05-07 23:00:00,3,False
28,079,24,12,NOx,28079024_12_8,Casa de Campo,2026,05,07,23,0,N,2026-05-07 23:00:00,3,False
28,079,24,14,O3,28079024_14_6,Casa de Campo,2026,05,07,23,0,N,2026-05-07 23:00:00,3,False
28,079,24,7,NO,28079024_7_8,Casa de Campo,2026,05,07,23,0,N,2026-05-07 23:00:00,3,False
28,079,24,8,NO2,28079024_8_8,Casa de Campo,2026,05,07,23,0,N,2026-05-07 23:00:00,3,False
28,079,24,9,PM2.5,28079024_9_47,Casa de Campo,2026,05,07,23,0,N,2026-05-07 23:00:00,3,False
28,079,48,10,PM10,28079048_10_47,Castellana,2026,05,07,0,14,V,2026-05-07 00:00:00,3,False
28,079,48,12,NOx,28079048_12_8,Castellana,2026,05,07,0,50,V,2026-05-07 00:00:00,3,False
28,079,48,7,NO,28079048_7_8,Castellana,2026,05,07,0,1,V,2026-05-07 00:00:00,3,False
28,079,48,8,NO2,28079048_8_8,Castellana,2026,05,07,0,49,V,2026-05-07 00:00:00,3,False
28,079,48,9,PM2.5,28079048_9_47,Castellana,2026,05,07,0,8,V,2026-05-07 00:00:00,3,False
28,079,48,10,PM10,28079048_10_47,Castellana,2026,05,07,1,8,V,2026-05-07 01:00:00,3,False
28,079,48,12,NOx,28079048_12_8,Castellana,2026,05,07,1,11,V,2026-05-07 01:00:00,3,False
28,079,48,7,NO,28079048_7_8,Castellana,2026,05,07,1,0,V,2026-05-07 01:00:00,3,False
28,079,48,8,NO2,28079048_8_8,Castellana,2026,05,07,1,10,V,2026-05-07 01:00:00,3,False
28,079,48,9,PM2.5,28079048_9_47,Castellana,2026,05,07,1,5,V,2026-05-07 01:00:00,3,False
28,079,48,10,PM10,28079048_10_47,Castellana,2026,05,07,2,5,V,2026-05-07 02:00:00,3,False
28,079,48,12,NOx,28079048_12_8,Castellana,2026,05,07,2,6,V,2026-05-07 02:00:00,3,False
28,079,48,7,NO,28079048_7_8,Castellana,2026,05,07,2,0,V,2026-05-07 02:00:00,3,False
28,079,48,8,NO2,28079048_8_8,Castellana,2026,05,07,2,5,V,2026-05-07 02:00:00,3,False
28,079,48,9,PM2.5,28079048_9_47,Castellana,2026,05,07,2,4,V,2026-05-07 02:00:00,3,False
28,079,48,10,PM10,28079048_10_47,Castellana,2026,05,07,3,0,N,2026-05-07 03:00:00,3,False
28,079,48,12,NOx,28079048_12_8,Castellana,2026,05,07,3,5,V,2026-05-07 03:00:00,3,False
28,079,48,7,NO,28079048_7_8,Castellana,2026,05,07,3,0,V,2026-05-07 03:00:00,3,False
28,079,48,8,NO2,28079048_8_8,Castellana,2026,05,07,3,5,V,2026-05-07 03:00:00,3,False
28,079,48,9,PM2.5,28079048_9_47,Castellana,2026,05,07,3,0,N,2026-05-07 03:00:00,3,False
28,079,48,10,PM10,28079048_10_47,Castellana,2026,05,07,4,7,V,2026-05-07 04:00:00,3,False
28,079,48,12,NOx,28079048_12_8,Castellana,2026,05,07,4,4,V,2026-05-07 04:00:00,3,False
28,079,48,7,NO,28079048_7_8,Castellana,2026,05,07,4,0,V,2026-05-07 04:00:00,3,False
28,079,48,8,NO2,28079048_8_8,Castellana,2026,05,07,4,4,V,2026-05-07 04:00:00,3,False
28,079,48,9,PM2.5,28079048_9_47,Castellana,2026,05,07,4,3,V,2026-05-07 04:00:00,3,False
28,079,48,10,PM10,28079048_10_47,Castellana,2026,05,07,5,7,V,2026-05-07 05:00:00,3,False
28,079,48,12,NOx,28079048_12_8,Castellana,2026,05,07,5,5,V,2026-05-07 05:00:00,3,False
28,079,48,7,NO,28079048_7_8,Castellana,2026,05,07,5,0,V,2026-05-07 05:00:00,3,False
28,079,48,8,NO2,28079048_8_8,Castellana,2026,05,07,5,4,V,2026-05-07 05:00:00,3,False
28,079,48,9,PM2.5,28079048_9_47,Castellana,2026,05,07,5,2,V,2026-05-07 05:00:00,3,False
28,079,48,10,PM10,28079048_10_47,Castellana,2026,05,07,6,5,V,2026-05-07 06:00:00,3,False
28,079,48,12,NOx,28079048_12_8,Castellana,2026,05,07,6,10,V,2026-05-07 06:00:00,3,False
28,079,48,7,NO,28079048_7_8,Castellana,2026,05,07,6,0,V,2026-05-07 06:00:00,3,False
28,079,48,8,NO2,28079048_8_8,Castellana,2026,05,07,6,10,V,2026-05-07 06:00:00,3,False
28,079,48,9,PM2.5,28079048_9_47,Castellana,2026,05,07,6,1,V,2026-05-07 06:00:00,3,False
28,079,48,10,PM10,28079048_10_47,Castellana,2026,05,07,7,9,V,2026-05-07 07:00:00,3,False
28,079,48,12,NOx,28079048_12_8,Castellana,2026,05,07,7,20,V,2026-05-07 07:00:00,3,False
28,079,48,7,NO,28079048_7_8,Castellana,2026,05,07,7,0,V,2026-05-07 07:00:00,3,False
28,079,48,8,NO2,28079048_8_8,Castellana,2026,05,07,7,19,V,2026-05-07 07:00:00,3,False
28,079,48,9,PM2.5,28079048_9_47,Castellana,2026,05,07,7,3,V,2026-05-07 07:00:00,3,False
28,079,48,10,PM10,28079048_10_47,Castellana,2026,05,07,8,14,V,2026-05-07 08:00:00,3,False
28,079,48,12,NOx,28079048_12_8,Castellana,2026,05,07,8,29,V,2026-05-07 08:00:00,3,False
28,079,48,7,NO,28079048_7_8,Castellana,2026,05,07,8,1,V,2026-05-07 08:00:00,3,False
28,079,48,8,NO2,28079048_8_8,Castellana,2026,05,07,8,27,V,2026-05-07 08:00:00,3,False
28,079,48,9,PM2.5,28079048_9_47,Castellana,2026,05,07,8,6,V,2026-05-07 08:00:00,3,False
28,079,48,10,PM10,28079048_10_47,Castellana,2026,05,07,9,15,V,2026-05-07 09:00:00,3,False
28,079,48,12,NOx,28079048_12_8,Castellana,2026,05,07,9,35,V,2026-05-07 09:00:00,3,False
28,079,48,7,NO,28079048_7_8,Castellana,2026,05,07,9,2,V,2026-05-07 09:00:00,3,False
28,079,48,8,NO2,28079048_8_8,Castellana,2026,05,07,9,32,V,2026-05-07 09:00:00,3,False
28,079,48,9,PM2.5,28079048_9_47,Castellana,2026,05,07,9,6,V,2026-05-07 09:00:00,3,False
28,079,48,10,PM10,28079048_10_47,Castellana,2026,05,07,10,15,V,2026-05-07 10:00:00,3,False
28,079,48,12,NOx,28079048_12_8,Castellana,2026,05,07,10,18,V,2026-05-07 10:00:00,3,False
28,079,48,7,NO,28079048_7_8,Castellana,2026,05,07,10,1,V,2026-05-07 10:00:00,3,False
28,079,48,8,NO2,28079048_8_8,Castellana,2026,05,07,10,16,V,2026-05-07 10:00:00,3,False
28,079,48,9,PM2.5,28079048_9_47,Castellana,2026,05,07,10,8,V,2026-05-07 10:00:00,3,False
28,079,48,10,PM10,28079048_10_47,Castellana,2026,05,07,11,11,V,2026-05-07 11:00:00,3,False
28,079,48,12,NOx,28079048_12_8,Castellana,2026,05,07,11,14,V,2026-05-07 11:00:00,3,False
28,079,48,7,NO,28079048_7_8,Castellana,2026,05,07,11,1,V,2026-05-07 11:00:00,3,False
28,079,48,8,NO2,28079048_8_8,Castellana,2026,05,07,11,12,V,2026-05-07 11:00:00,3,False
28,079,48,9,PM2.5,28079048_9_47,Castellana,2026,05,07,11,5,V,2026-05-07 11:00:00,3,False
28,079,48,10,PM10,28079048_10_47,Castellana,2026,05,07,12,13,V,2026-05-07 12:00:00,3,False
28,079,48,12,NOx,28079048_12_8,Castellana,2026,05,07,12,17,V,2026-05-07 12:00:00,3,False
28,079,48,7,NO,28079048_7_8,Castellana,2026,05,07,12,2,V,2026-05-07 12:00:00,3,False
28,079,48,8,NO2,28079048_8_8,Castellana,2026,05,07,12,14,V,2026-05-07 12:00:00,3,False
28,079,48,9,PM2.5,28079048_9_47,Castellana,2026,05,07,12,5,V,2026-05-07 12:00:00,3,False
28,079,48,10,PM10,28079048_10_47,Castellana,2026,05,07,13,0,N,2026-05-07 13:00:00,3,False
28,079,48,12,NOx,28079048_12_8,Castellana,2026,05,07,13,0,N,2026-05-07 13:00:00,3,False
28,079,48,7,NO,28079048_7_8,Castellana,2026,05,07,13,0,N,2026-05-07 13:00:00,3,False
28,079,48,8,NO2,28079048_8_8,Castellana,2026,05,07,13,0,N,2026-05-07 13:00:00,3,False
28,079,48,9,PM2.5,28079048_9_47,Castellana,2026,05,07,13,0,N,2026-05-07 13:00:00,3,False
28,079,48,10,PM10,28079048_10_47,Castellana,2026,05,07,14,0,N,2026-05-07 14:00:00,3,False
28,079,48,12,NOx,28079048_12_8,Castellana,2026,05,07,14,0,N,2026-05-07 14:00:00,3,False
28,079,48,7,NO,28079048_7_8,Castellana,2026,05,07,14,0,N,2026-05-07 14:00:00,3,False
28,079,48,8,NO2,28079048_8_8,Castellana,2026,05,07,14,0,N,2026-05-07 14:00:00,3,False
28,079,48,9,PM2.5,28079048_9_47,Castellana,2026,05,07,14,0,N,2026-05-07 14:00:00,3,False
28,079,48,10,PM10,28079048_10_47,Castellana,2026,05,07,15,0,N,2026-05-07 15:00:00,3,False
28,079,48,12,NOx,28079048_12_8,Castellana,2026,05,07,15,0,N,2026-05-07 15:00:00,3,False
28,079,48,7,NO,28079048_7_8,Castellana,2026,05,07,15,0,N,2026-05-07 15:00:00,3,False
28,079,48,8,NO2,28079048_8_8,Castellana,2026,05,07,15,0,N,2026-05-07 15:00:00,3,False
28,079,48,9,PM2.5,28079048_9_47,Castellana,2026,05,07,15,0,N,2026-05-07 15:00:00,3,False
28,079,48,10,PM10,28079048_10_47,Castellana,2026,05,07,16,0,N,2026-05-07 16:00:00,3,False
28,079,48,12,NOx,28079048_12_8,Castellana,2026,05,07,16,0,N,2026-05-07 16:00:00,3,False
28,079,48,7,NO,28079048_7_8,Castellana,2026,05,07,16,0,N,2026-05-07 16:00:00,3,False
28,079,48,8,NO2,28079048_8_8,Castellana,2026,05,07,16,0,N,2026-05-07 16:00:00,3,False
28,079,48,9,PM2.5,28079048_9_47,Castellana,2026,05,07,16,0,N,2026-05-07 16:00:00,3,False
28,079,48,10,PM10,28079048_10_47,Castellana,2026,05,07,17,0,N,2026-05-07 17:00:00,3,False
28,079,48,12,NOx,28079048_12_8,Castellana,2026,05,07,17,0,N,2026-05-07 17:00:00,3,False
28,079,48,7,NO,28079048_7_8,Castellana,2026,05,07,17,0,N,2026-05-07 17:00:00,3,False
28,079,48,8,NO2,28079048_8_8,Castellana,2026,05,07,17,0,N,2026-05-07 17:00:00,3,False
28,079,48,9,PM2.5,28079048_9_47,Castellana,2026,05,07,17,0,N,2026-05-07 17:00:00,3,False
28,079,48,10,PM10,28079048_10_47,Castellana,2026,05,07,18,0,N,2026-05-07 18:00:00,3,False
28,079,48,12,NOx,28079048_12_8,Castellana,2026,05,07,18,0,N,2026-05-07 18:00:00,3,False
28,079,48,7,NO,28079048_7_8,Castellana,2026,05,07,18,0,N,2026-05-07 18:00:00,3,False
28,079,48,8,NO2,28079048_8_8,Castellana,2026,05,07,18,0,N,2026-05-07 18:00:00,3,False
28,079,48,9,PM2.5,28079048_9_47,Castellana,2026,05,07,18,0,N,2026-05-07 18:00:00,3,False
28,079,48,10,PM10,28079048_10_47,Castellana,2026,05,07,19,0,N,2026-05-07 19:00:00,3,False
28,079,48,12,NOx,28079048_12_8,Castellana,2026,05,07,19,0,N,2026-05-07 19:00:00,3,False
28,079,48,7,NO,28079048_7_8,Castellana,2026,05,07,19,0,N,2026-05-07 19:00:00,3,False
28,079,48,8,NO2,28079048_8_8,Castellana,2026,05,07,19,0,N,2026-05-07 19:00:00,3,False
28,079,48,9,PM2.5,28079048_9_47,Castellana,2026,05,07,19,0,N,2026-05-07 19:00:00,3,False
28,079,48,10,PM10,28079048_10_47,Castellana,2026,05,07,20,0,N,2026-05-07 20:00:00,3,False
28,079,48,12,NOx,28079048_12_8,Castellana,2026,05,07,20,0,N,2026-05-07 20:00:00,3,False
28,079,48,7,NO,28079048_7_8,Castellana,2026,05,07,20,0,N,2026-05-07 20:00:00,3,False
28,079,48,8,NO2,28079048_8_8,Castellana,2026,05,07,20,0,N,2026-05-07 20:00:00,3,False
28,079,48,9,PM2.5,28079048_9_47,Castellana,2026,05,07,20,0,N,2026-05-07 20:00:00,3,False
28,079,48,10,PM10,28079048_10_47,Castellana,2026,05,07,21,0,N,2026-05-07 21:00:00,3,False
28,079,48,12,NOx,28079048_12_8,Castellana,2026,05,07,21,0,N,2026-05-07 21:00:00,3,False
28,079,48,7,NO,28079048_7_8,Castellana,2026,05,07,21,0,N,2026-05-07 21:00:00,3,False
28,079,48,8,NO2,28079048_8_8,Castellana,2026,05,07,21,0,N,2026-05-07 21:00:00,3,False
28,079,48,9,PM2.5,28079048_9_47,Castellana,2026,05,07,21,0,N,2026-05-07 21:00:00,3,False
28,079,48,10,PM10,28079048_10_47,Castellana,2026,05,07,22,0,N,2026-05-07 22:00:00,3,False
28,079,48,12,NOx,28079048_12_8,Castellana,2026,05,07,22,0,N,2026-05-07 22:00:00,3,False
28,079,48,7,NO,28079048_7_8,Castellana,2026,05,07,22,0,N,2026-05-07 22:00:00,3,False
28,079,48,8,NO2,28079048_8_8,Castellana,2026,05,07,22,0,N,2026-05-07 22:00:00,3,False
28,079,48,9,PM2.5,28079048_9_47,Castellana,2026,05,07,22,0,N,2026-05-07 22:00:00,3,False
28,079,48,10,PM10,28079048_10_47,Castellana,2026,05,07,23,0,N,2026-05-07 23:00:00,3,False
28,079,48,12,NOx,28079048_12_8,Castellana,2026,05,07,23,0,N,2026-05-07 23:00:00,3,False
28,079,48,7,NO,28079048_7_8,Castellana,2026,05,07,23,0,N,2026-05-07 23:00:00,3,False
28,079,48,8,NO2,28079048_8_8,Castellana,2026,05,07,23,0,N,2026-05-07 23:00:00,3,False
28,079,48,9,PM2.5,28079048_9_47,Castellana,2026,05,07,23,0,N,2026-05-07 23:00:00,3,False
28,079,38,10,PM10,28079038_10_47,Cuatro Caminos,2026,05,07,0,7,V,2026-05-07 00:00:00,3,False
28,079,38,12,NOx,28079038_12_8,Cuatro Caminos,2026,05,07,0,35,V,2026-05-07 00:00:00,3,False
28,079,38,7,NO,28079038_7_8,Cuatro Caminos,2026,05,07,0,1,V,2026-05-07 00:00:00,3,False
28,079,38,8,NO2,28079038_8_8,Cuatro Caminos,2026,05,07,0,34,V,2026-05-07 00:00:00,3,False
28,079,38,9,PM2.5,28079038_9_47,Cuatro Caminos,2026,05,07,0,5,V,2026-05-07 00:00:00,3,False
28,079,38,10,PM10,28079038_10_47,Cuatro Caminos,2026,05,07,1,5,V,2026-05-07 01:00:00,3,False
28,079,38,12,NOx,28079038_12_8,Cuatro Caminos,2026,05,07,1,15,V,2026-05-07 01:00:00,3,False
28,079,38,7,NO,28079038_7_8,Cuatro Caminos,2026,05,07,1,2,V,2026-05-07 01:00:00,3,False
28,079,38,8,NO2,28079038_8_8,Cuatro Caminos,2026,05,07,1,12,V,2026-05-07 01:00:00,3,False
28,079,38,9,PM2.5,28079038_9_47,Cuatro Caminos,2026,05,07,1,4,V,2026-05-07 01:00:00,3,False
28,079,38,10,PM10,28079038_10_47,Cuatro Caminos,2026,05,07,2,4,V,2026-05-07 02:00:00,3,False
28,079,38,12,NOx,28079038_12_8,Cuatro Caminos,2026,05,07,2,5,V,2026-05-07 02:00:00,3,False
28,079,38,7,NO,28079038_7_8,Cuatro Caminos,2026,05,07,2,0,V,2026-05-07 02:00:00,3,False
28,079,38,8,NO2,28079038_8_8,Cuatro Caminos,2026,05,07,2,5,V,2026-05-07 02:00:00,3,False
28,079,38,9,PM2.5,28079038_9_47,Cuatro Caminos,2026,05,07,2,3,V,2026-05-07 02:00:00,3,False
28,079,38,10,PM10,28079038_10_47,Cuatro Caminos,2026,05,07,3,6,V,2026-05-07 03:00:00,3,False
28,079,38,12,NOx,28079038_12_8,Cuatro Caminos,2026,05,07,3,5,V,2026-05-07 03:00:00,3,False
28,079,38,7,NO,28079038_7_8,Cuatro Caminos,2026,05,07,3,0,V,2026-05-07 03:00:00,3,False
28,079,38,8,NO2,28079038_8_8,Cuatro Caminos,2026,05,07,3,5,V,2026-05-07 03:00:00,3,False
28,079,38,9,PM2.5,28079038_9_47,Cuatro Caminos,2026,05,07,3,3,V,2026-05-07 03:00:00,3,False
28,079,38,10,PM10,28079038_10_47,Cuatro Caminos,2026,05,07,4,7,V,2026-05-07 04:00:00,3,False
28,079,38,12,NOx,28079038_12_8,Cuatro Caminos,2026,05,07,4,6,V,2026-05-07 04:00:00,3,False
28,079,38,7,NO,28079038_7_8,Cuatro Caminos,2026,05,07,4,0,V,2026-05-07 04:00:00,3,False
28,079,38,8,NO2,28079038_8_8,Cuatro Caminos,2026,05,07,4,6,V,2026-05-07 04:00:00,3,False
28,079,38,9,PM2.5,28079038_9_47,Cuatro Caminos,2026,05,07,4,5,V,2026-05-07 04:00:00,3,False
28,079,38,10,PM10,28079038_10_47,Cuatro Caminos,2026,05,07,5,6,V,2026-05-07 05:00:00,3,False
28,079,38,12,NOx,28079038_12_8,Cuatro Caminos,2026,05,07,5,6,V,2026-05-07 05:00:00,3,False
28,079,38,7,NO,28079038_7_8,Cuatro Caminos,2026,05,07,5,0,V,2026-05-07 05:00:00,3,False
28,079,38,8,NO2,28079038_8_8,Cuatro Caminos,2026,05,07,5,6,V,2026-05-07 05:00:00,3,False
28,079,38,9,PM2.5,28079038_9_47,Cuatro Caminos,2026,05,07,5,4,V,2026-05-07 05:00:00,3,False
28,079,38,10,PM10,28079038_10_47,Cuatro Caminos,2026,05,07,6,10,V,2026-05-07 06:00:00,3,False
28,079,38,12,NOx,28079038_12_8,Cuatro Caminos,2026,05,07,6,14,V,2026-05-07 06:00:00,3,False
28,079,38,7,NO,28079038_7_8,Cuatro Caminos,2026,05,07,6,1,V,2026-05-07 06:00:00,3,False
28,079,38,8,NO2,28079038_8_8,Cuatro Caminos,2026,05,07,6,13,V,2026-05-07 06:00:00,3,False
28,079,38,9,PM2.5,28079038_9_47,Cuatro Caminos,2026,05,07,6,6,V,2026-05-07 06:00:00,3,False
28,079,38,10,PM10,28079038_10_47,Cuatro Caminos,2026,05,07,7,12,V,2026-05-07 07:00:00,3,False
28,079,38,12,NOx,28079038_12_8,Cuatro Caminos,2026,05,07,7,34,V,2026-05-07 07:00:00,3,False
28,079,38,7,NO,28079038_7_8,Cuatro Caminos,2026,05,07,7,5,V,2026-05-07 07:00:00,3,False
28,079,38,8,NO2,28079038_8_8,Cuatro Caminos,2026,05,07,7,26,V,2026-05-07 07:00:00,3,False
28,079,38,9,PM2.5,28079038_9_47,Cuatro Caminos,2026,05,07,7,6,V,2026-05-07 07:00:00,3,False
28,079,38,10,PM10,28079038_10_47,Cuatro Caminos,2026,05,07,8,18,V,2026-05-07 08:00:00,3,False
28,079,38,12,NOx,28079038_12_8,Cuatro Caminos,2026,05,07,8,70,V,2026-05-07 08:00:00,3,False
28,079,38,7,NO,28079038_7_8,Cuatro Caminos,2026,05,07,8,17,V,2026-05-07 08:00:00,3,False
28,079,38,8,NO2,28079038_8_8,Cuatro Caminos,2026,05,07,8,43,V,2026-05-07 08:00:00,3,False
28,079,38,9,PM2.5,28079038_9_47,Cuatro Caminos,2026,05,07,8,8,V,2026-05-07 08:00:00,3,False
28,079,38,10,PM10,28079038_10_47,Cuatro Caminos,2026,05,07,9,26,V,2026-05-07 09:00:00,3,False
28,079,38,12,NOx,28079038_12_8,Cuatro Caminos,2026,05,07,9,80,V,2026-05-07 09:00:00,3,False
28,079,38,7,NO,28079038_7_8,Cuatro Caminos,2026,05,07,9,23,V,2026-05-07 09:00:00,3,False
28,079,38,8,NO2,28079038_8_8,Cuatro Caminos,2026,05,07,9,46,V,2026-05-07 09:00:00,3,False
28,079,38,9,PM2.5,28079038_9_47,Cuatro Caminos,2026,05,07,9,13,V,2026-05-07 09:00:00,3,False
28,079,38,10,PM10,28079038_10_47,Cuatro Caminos,2026,05,07,10,25,V,2026-05-07 10:00:00,3,False
28,079,38,12,NOx,28079038_12_8,Cuatro Caminos,2026,05,07,10,33,V,2026-05-07 10:00:00,3,False
28,079,38,7,NO,28079038_7_8,Cuatro Caminos,2026,05,07,10,7,V,2026-05-07 10:00:00,3,False
28,079,38,8,NO2,28079038_8_8,Cuatro Caminos,2026,05,07,10,22,V,2026-05-07 10:00:00,3,False
28,079,38,9,PM2.5,28079038_9_47,Cuatro Caminos,2026,05,07,10,12,V,2026-05-07 10:00:00,3,False
28,079,38,10,PM10,28079038_10_47,Cuatro Caminos,2026,05,07,11,23,V,2026-05-07 11:00:00,3,False
28,079,38,12,NOx,28079038_12_8,Cuatro Caminos,2026,05,07,11,19,V,2026-05-07 11:00:00,3,False
28,079,38,7,NO,28079038_7_8,Cuatro Caminos,2026,05,07,11,4,V,2026-05-07 11:00:00,3,False
28,079,38,8,NO2,28079038_8_8,Cuatro Caminos,2026,05,07,11,13,V,2026-05-07 11:00:00,3,False
28,079,38,9,PM2.5,28079038_9_47,Cuatro Caminos,2026,05,07,11,10,V,2026-05-07 11:00:00,3,False
28,079,38,10,PM10,28079038_10_47,Cuatro Caminos,2026,05,07,12,18,V,2026-05-07 12:00:00,3,False
28,079,38,12,NOx,28079038_12_8,Cuatro Caminos,2026,05,07,12,18,V,2026-05-07 12:00:00,3,False
28,079,38,7,NO,28079038_7_8,Cuatro Caminos,2026,05,07,12,4,V,2026-05-07 12:00:00,3,False
28,079,38,8,NO2,28079038_8_8,Cuatro Caminos,2026,05,07,12,12,V,2026-05-07 12:00:00,3,False
28,079,38,9,PM2.5,28079038_9_47,Cuatro Caminos,2026,05,07,12,7,V,2026-05-07 12:00:00,3,False
28,079,38,10,PM10,28079038_10_47,Cuatro Caminos,2026,05,07,13,0,N,2026-05-07 13:00:00,3,False
28,079,38,12,NOx,28079038_12_8,Cuatro Caminos,2026,05,07,13,0,N,2026-05-07 13:00:00,3,False
28,079,38,7,NO,28079038_7_8,Cuatro Caminos,2026,05,07,13,0,N,2026-05-07 13:00:00,3,False
28,079,38,8,NO2,28079038_8_8,Cuatro Caminos,2026,05,07,13,0,N,2026-05-07 13:00:00,3,False
28,079,38,9,PM2.5,28079038_9_47,Cuatro Caminos,2026,05,07,13,0,N,2026-05-07 13:00:00,3,False
28,079,38,10,PM10,28079038_10_47,Cuatro Caminos,2026,05,07,14,0,N,2026-05-07 14:00:00,3,False
28,079,38,12,NOx,28079038_12_8,Cuatro Caminos,2026,05,07,14,0,N,2026-05-07 14:00:00,3,False
28,079,38,7,NO,28079038_7_8,Cuatro Caminos,2026,05,07,14,0,N,2026-05-07 14:00:00,3,False
28,079,38,8,NO2,28079038_8_8,Cuatro Caminos,2026,05,07,14,0,N,2026-05-07 14:00:00,3,False
28,079,38,9,PM2.5,28079038_9_47,Cuatro Caminos,2026,05,07,14,0,N,2026-05-07 14:00:00,3,False
28,079,38,10,PM10,28079038_10_47,Cuatro Caminos,2026,05,07,15,0,N,2026-05-07 15:00:00,3,False
28,079,38,12,NOx,28079038_12_8,Cuatro Caminos,2026,05,07,15,0,N,2026-05-07 15:00:00,3,False
28,079,38,7,NO,28079038_7_8,Cuatro Caminos,2026,05,07,15,0,N,2026-05-07 15:00:00,3,False
28,079,38,8,NO2,28079038_8_8,Cuatro Caminos,2026,05,07,15,0,N,2026-05-07 15:00:00,3,False
28,079,38,9,PM2.5,28079038_9_47,Cuatro Caminos,2026,05,07,15,0,N,2026-05-07 15:00:00,3,False
28,079,38,10,PM10,28079038_10_47,Cuatro Caminos,2026,05,07,16,0,N,2026-05-07 16:00:00,3,False
28,079,38,12,NOx,28079038_12_8,Cuatro Caminos,2026,05,07,16,0,N,2026-05-07 16:00:00,3,False
28,079,38,7,NO,28079038_7_8,Cuatro Caminos,2026,05,07,16,0,N,2026-05-07 16:00:00,3,False
28,079,38,8,NO2,28079038_8_8,Cuatro Caminos,2026,05,07,16,0,N,2026-05-07 16:00:00,3,False
28,079,38,9,PM2.5,28079038_9_47,Cuatro Caminos,2026,05,07,16,0,N,2026-05-07 16:00:00,3,False
28,079,38,10,PM10,28079038_10_47,Cuatro Caminos,2026,05,07,17,0,N,2026-05-07 17:00:00,3,False
28,079,38,12,NOx,28079038_12_8,Cuatro Caminos,2026,05,07,17,0,N,2026-05-07 17:00:00,3,False
28,079,38,7,NO,28079038_7_8,Cuatro Caminos,2026,05,07,17,0,N,2026-05-07 17:00:00,3,False
28,079,38,8,NO2,28079038_8_8,Cuatro Caminos,2026,05,07,17,0,N,2026-05-07 17:00:00,3,False
28,079,38,9,PM2.5,28079038_9_47,Cuatro Caminos,2026,05,07,17,0,N,2026-05-07 17:00:00,3,False
28,079,38,10,PM10,28079038_10_47,Cuatro Caminos,2026,05,07,18,0,N,2026-05-07 18:00:00,3,False
28,079,38,12,NOx,28079038_12_8,Cuatro Caminos,2026,05,07,18,0,N,2026-05-07 18:00:00,3,False
28,079,38,7,NO,28079038_7_8,Cuatro Caminos,2026,05,07,18,0,N,2026-05-07 18:00:00,3,False
28,079,38,8,NO2,28079038_8_8,Cuatro Caminos,2026,05,07,18,0,N,2026-05-07 18:00:00,3,False
28,079,38,9,PM2.5,28079038_9_47,Cuatro Caminos,2026,05,07,18,0,N,2026-05-07 18:00:00,3,False
28,079,38,10,PM10,28079038_10_47,Cuatro Caminos,2026,05,07,19,0,N,2026-05-07 19:00:00,3,False
28,079,38,12,NOx,28079038_12_8,Cuatro Caminos,2026,05,07,19,0,N,2026-05-07 19:00:00,3,False
28,079,38,7,NO,28079038_7_8,Cuatro Caminos,2026,05,07,19,0,N,2026-05-07 19:00:00,3,False
28,079,38,8,NO2,28079038_8_8,Cuatro Caminos,2026,05,07,19,0,N,2026-05-07 19:00:00,3,False
28,079,38,9,PM2.5,28079038_9_47,Cuatro Caminos,2026,05,07,19,0,N,2026-05-07 19:00:00,3,False
28,079,38,10,PM10,28079038_10_47,Cuatro Caminos,2026,05,07,20,0,N,2026-05-07 20:00:00,3,False
28,079,38,12,NOx,28079038_12_8,Cuatro Caminos,2026,05,07,20,0,N,2026-05-07 20:00:00,3,False
28,079,38,7,NO,28079038_7_8,Cuatro Caminos,2026,05,07,20,0,N,2026-05-07 20:00:00,3,False
28,079,38,8,NO2,28079038_8_8,Cuatro Caminos,2026,05,07,20,0,N,2026-05-07 20:00:00,3,False
28,079,38,9,PM2.5,28079038_9_47,Cuatro Caminos,2026,05,07,20,0,N,2026-05-07 20:00:00,3,False
28,079,38,10,PM10,28079038_10_47,Cuatro Caminos,2026,05,07,21,0,N,2026-05-07 21:00:00,3,False
28,079,38,12,NOx,28079038_12_8,Cuatro Caminos,2026,05,07,21,0,N,2026-05-07 21:00:00,3,False
28,079,38,7,NO,28079038_7_8,Cuatro Caminos,2026,05,07,21,0,N,2026-05-07 21:00:00,3,False
28,079,38,8,NO2,28079038_8_8,Cuatro Caminos,2026,05,07,21,0,N,2026-05-07 21:00:00,3,False
28,079,38,9,PM2.5,28079038_9_47,Cuatro Caminos,2026,05,07,21,0,N,2026-05-07 21:00:00,3,False
28,079,38,10,PM10,28079038_10_47,Cuatro Caminos,2026,05,07,22,0,N,2026-05-07 22:00:00,3,False
28,079,38,12,NOx,28079038_12_8,Cuatro Caminos,2026,05,07,22,0,N,2026-05-07 22:00:00,3,False
28,079,38,7,NO,28079038_7_8,Cuatro Caminos,2026,05,07,22,0,N,2026-05-07 22:00:00,3,False
28,079,38,8,NO2,28079038_8_8,Cuatro Caminos,2026,05,07,22,0,N,2026-05-07 22:00:00,3,False
28,079,38,9,PM2.5,28079038_9_47,Cuatro Caminos,2026,05,07,22,0,N,2026-05-07 22:00:00,3,False
28,079,38,10,PM10,28079038_10_47,Cuatro Caminos,2026,05,07,23,0,N,2026-05-07 23:00:00,3,False
28,079,38,12,NOx,28079038_12_8,Cuatro Caminos,2026,05,07,23,0,N,2026-05-07 23:00:00,3,False
28,079,38,7,NO,28079038_7_8,Cuatro Caminos,2026,05,07,23,0,N,2026-05-07 23:00:00,3,False
28,079,38,8,NO2,28079038_8_8,Cuatro Caminos,2026,05,07,23,0,N,2026-05-07 23:00:00,3,False
28,079,38,9,PM2.5,28079038_9_47,Cuatro Caminos,2026,05,07,23,0,N,2026-05-07 23:00:00,3,False
28,079,58,12,NOx,28079058_12_8,El Pardo,2026,05,07,0,14,V,2026-05-07 00:00:00,3,False
28,079,58,14,O3,28079058_14_6,El Pardo,2026,05,07,0,53,V,2026-05-07 00:00:00,3,False
28,079,58,7,NO,28079058_7_8,El Pardo,2026,05,07,0,0,V,2026-05-07 00:00:00,3,False
28,079,58,8,NO2,28079058_8_8,El Pardo,2026,05,07,0,14,V,2026-05-07 00:00:00,3,False
28,079,58,12,NOx,28079058_12_8,El Pardo,2026,05,07,1,11,V,2026-05-07 01:00:00,3,False
28,079,58,14,O3,28079058_14_6,El Pardo,2026,05,07,1,53,V,2026-05-07 01:00:00,3,False
28,079,58,7,NO,28079058_7_8,El Pardo,2026,05,07,1,0,V,2026-05-07 01:00:00,3,False
28,079,58,8,NO2,28079058_8_8,El Pardo,2026,05,07,1,11,V,2026-05-07 01:00:00,3,False
28,079,58,12,NOx,28079058_12_8,El Pardo,2026,05,07,2,4,V,2026-05-07 02:00:00,3,False
28,079,58,14,O3,28079058_14_6,El Pardo,2026,05,07,2,73,V,2026-05-07 02:00:00,3,False
28,079,58,7,NO,28079058_7_8,El Pardo,2026,05,07,2,0,V,2026-05-07 02:00:00,3,False
28,079,58,8,NO2,28079058_8_8,El Pardo,2026,05,07,2,4,V,2026-05-07 02:00:00,3,False
28,079,58,12,NOx,28079058_12_8,El Pardo,2026,05,07,3,4,V,2026-05-07 03:00:00,3,False
28,079,58,14,O3,28079058_14_6,El Pardo,2026,05,07,3,70,V,2026-05-07 03:00:00,3,False
28,079,58,7,NO,28079058_7_8,El Pardo,2026,05,07,3,0,V,2026-05-07 03:00:00,3,False
28,079,58,8,NO2,28079058_8_8,El Pardo,2026,05,07,3,4,V,2026-05-07 03:00:00,3,False
28,079,58,12,NOx,28079058_12_8,El Pardo,2026,05,07,4,3,V,2026-05-07 04:00:00,3,False
28,079,58,14,O3,28079058_14_6,El Pardo,2026,05,07,4,78,V,2026-05-07 04:00:00,3,False
28,079,58,7,NO,28079058_7_8,El Pardo,2026,05,07,4,0,V,2026-05-07 04:00:00,3,False
28,079,58,8,NO2,28079058_8_8,El Pardo,2026,05,07,4,3,V,2026-05-07 04:00:00,3,False
28,079,58,12,NOx,28079058_12_8,El Pardo,2026,05,07,5,3,V,2026-05-07 05:00:00,3,False
28,079,58,14,O3,28079058_14_6,El Pardo,2026,05,07,5,78,V,2026-05-07 05:00:00,3,False
28,079,58,7,NO,28079058_7_8,El Pardo,2026,05,07,5,0,V,2026-05-07 05:00:00,3,False
28,079,58,8,NO2,28079058_8_8,El Pardo,2026,05,07,5,3,V,2026-05-07 05:00:00,3,False
28,079,58,12,NOx,28079058_12_8,El Pardo,2026,05,07,6,5,V,2026-05-07 06:00:00,3,False
28,079,58,14,O3,28079058_14_6,El Pardo,2026,05,07,6,77,V,2026-05-07 06:00:00,3,False
28,079,58,7,NO,28079058_7_8,El Pardo,2026,05,07,6,0,V,2026-05-07 06:00:00,3,False
28,079,58,8,NO2,28079058_8_8,El Pardo,2026,05,07,6,5,V,2026-05-07 06:00:00,3,False
28,079,58,12,NOx,28079058_12_8,El Pardo,2026,05,07,7,8,V,2026-05-07 07:00:00,3,False
28,079,58,14,O3,28079058_14_6,El Pardo,2026,05,07,7,74,V,2026-05-07 07:00:00,3,False
28,079,58,7,NO,28079058_7_8,El Pardo,2026,05,07,7,0,V,2026-05-07 07:00:00,3,False
28,079,58,8,NO2,28079058_8_8,El Pardo,2026,05,07,7,8,V,2026-05-07 07:00:00,3,False
28,079,58,12,NOx,28079058_12_8,El Pardo,2026,05,07,8,0,N,2026-05-07 08:00:00,3,False
28,079,58,14,O3,28079058_14_6,El Pardo,2026,05,07,8,0,N,2026-05-07 08:00:00,3,False
28,079,58,7,NO,28079058_7_8,El Pardo,2026,05,07,8,0,N,2026-05-07 08:00:00,3,False
28,079,58,8,NO2,28079058_8_8,El Pardo,2026,05,07,8,0,N,2026-05-07 08:00:00,3,False
28,079,58,12,NOx,28079058_12_8,El Pardo,2026,05,07,9,0,N,2026-05-07 09:00:00,3,False
28,079,58,14,O3,28079058_14_6,El Pardo,2026,05,07,9,0,N,2026-05-07 09:00:00,3,False
28,079,58,7,NO,28079058_7_8,El Pardo,2026,05,07,9,0,N,2026-05-07 09:00:00,3,False
28,079,58,8,NO2,28079058_8_8,El Pardo,2026,05,07,9,0,N,2026-05-07 09:00:00,3,False
28,079,58,12,NOx,28079058_12_8,El Pardo,2026,05,07,10,0,N,2026-05-07 10:00:00,3,False
28,079,58,14,O3,28079058_14_6,El Pardo,2026,05,07,10,0,N,2026-05-07 10:00:00,3,False
28,079,58,7,NO,28079058_7_8,El Pardo,2026,05,07,10,0,N,2026-05-07 10:00:00,3,False
28,079,58,8,NO2,28079058_8_8,El Pardo,2026,05,07,10,0,N,2026-05-07 10:00:00,3,False
28,079,58,12,NOx,28079058_12_8,El Pardo,2026,05,07,11,8,V,2026-05-07 11:00:00,3,False
28,079,58,14,O3,28079058_14_6,El Pardo,2026,05,07,11,73,V,2026-05-07 11:00:00,3,False
28,079,58,7,NO,28079058_7_8,El Pardo,2026,05,07,11,0,V,2026-05-07 11:00:00,3,False
28,079,58,8,NO2,28079058_8_8,El Pardo,2026,05,07,11,8,V,2026-05-07 11:00:00,3,False
28,079,58,12,NOx,28079058_12_8,El Pardo,2026,05,07,12,9,V,2026-05-07 12:00:00,3,False
28,079,58,14,O3,28079058_14_6,El Pardo,2026,05,07,12,81,V,2026-05-07 12:00:00,3,False
28,079,58,7,NO,28079058_7_8,El Pardo,2026,05,07,12,0,V,2026-05-07 12:00:00,3,False
28,079,58,8,NO2,28079058_8_8,El Pardo,2026,05,07,12,9,V,2026-05-07 12:00:00,3,False
28,079,58,12,NOx,28079058_12_8,El Pardo,2026,05,07,13,0,N,2026-05-07 13:00:00,3,False
28,079,58,14,O3,28079058_14_6,El Pardo,2026,05,07,13,0,N,2026-05-07 13:00:00,3,False
28,079,58,7,NO,28079058_7_8,El Pardo,2026,05,07,13,0,N,2026-05-07 13:00:00,3,False
28,079,58,8,NO2,28079058_8_8,El Pardo,2026,05,07,13,0,N,2026-05-07 13:00:00,3,False
28,079,58,12,NOx,28079058_12_8,El Pardo,2026,05,07,14,0,N,2026-05-07 14:00:00,3,False
28,079,58,14,O3,28079058_14_6,El Pardo,2026,05,07,14,0,N,2026-05-07 14:00:00,3,False
28,079,58,7,NO,28079058_7_8,El Pardo,2026,05,07,14,0,N,2026-05-07 14:00:00,3,False
28,079,58,8,NO2,28079058_8_8,El Pardo,2026,05,07,14,0,N,2026-05-07 14:00:00,3,False
28,079,58,12,NOx,28079058_12_8,El Pardo,2026,05,07,15,0,N,2026-05-07 15:00:00,3,False
28,079,58,14,O3,28079058_14_6,El Pardo,2026,05,07,15,0,N,2026-05-07 15:00:00,3,False
28,079,58,7,NO,28079058_7_8,El Pardo,2026,05,07,15,0,N,2026-05-07 15:00:00,3,False
28,079,58,8,NO2,28079058_8_8,El Pardo,2026,05,07,15,0,N,2026-05-07 15:00:00,3,False
28,079,58,12,NOx,28079058_12_8,El Pardo,2026,05,07,16,0,N,2026-05-07 16:00:00,3,False
28,079,58,14,O3,28079058_14_6,El Pardo,2026,05,07,16,0,N,2026-05-07 16:00:00,3,False
28,079,58,7,NO,28079058_7_8,El Pardo,2026,05,07,16,0,N,2026-05-07 16:00:00,3,False
28,079,58,8,NO2,28079058_8_8,El Pardo,2026,05,07,16,0,N,2026-05-07 16:00:00,3,False
28,079,58,12,NOx,28079058_12_8,El Pardo,2026,05,07,17,0,N,2026-05-07 17:00:00,3,False
28,079,58,14,O3,28079058_14_6,El Pardo,2026,05,07,17,0,N,2026-05-07 17:00:00,3,False
28,079,58,7,NO,28079058_7_8,El Pardo,2026,05,07,17,0,N,2026-05-07 17:00:00,3,False
28,079,58,8,NO2,28079058_8_8,El Pardo,2026,05,07,17,0,N,2026-05-07 17:00:00,3,False
28,079,58,12,NOx,28079058_12_8,El Pardo,2026,05,07,18,0,N,2026-05-07 18:00:00,3,False
28,079,58,14,O3,28079058_14_6,El Pardo,2026,05,07,18,0,N,2026-05-07 18:00:00,3,False
28,079,58,7,NO,28079058_7_8,El Pardo,2026,05,07,18,0,N,2026-05-07 18:00:00,3,False
28,079,58,8,NO2,28079058_8_8,El Pardo,2026,05,07,18,0,N,2026-05-07 18:00:00,3,False
28,079,58,12,NOx,28079058_12_8,El Pardo,2026,05,07,19,0,N,2026-05-07 19:00:00,3,False
28,079,58,14,O3,28079058_14_6,El Pardo,2026,05,07,19,0,N,2026-05-07 19:00:00,3,False
28,079,58,7,NO,28079058_7_8,El Pardo,2026,05,07,19,0,N,2026-05-07 19:00:00,3,False
28,079,58,8,NO2,28079058_8_8,El Pardo,2026,05,07,19,0,N,2026-05-07 19:00:00,3,False
28,079,58,12,NOx,28079058_12_8,El Pardo,2026,05,07,20,0,N,2026-05-07 20:00:00,3,False
28,079,58,14,O3,28079058_14_6,El Pardo,2026,05,07,20,0,N,2026-05-07 20:00:00,3,False
28,079,58,7,NO,28079058_7_8,El Pardo,2026,05,07,20,0,N,2026-05-07 20:00:00,3,False
28,079,58,8,NO2,28079058_8_8,El Pardo,2026,05,07,20,0,N,2026-05-07 20:00:00,3,False
28,079,58,12,NOx,28079058_12_8,El Pardo,2026,05,07,21,0,N,2026-05-07 21:00:00,3,False
28,079,58,14,O3,28079058_14_6,El Pardo,2026,05,07,21,0,N,2026-05-07 21:00:00,3,False
28,079,58,7,NO,28079058_7_8,El Pardo,2026,05,07,21,0,N,2026-05-07 21:00:00,3,False
28,079,58,8,NO2,28079058_8_8,El Pardo,2026,05,07,21,0,N,2026-05-07 21:00:00,3,False
28,079,58,12,NOx,28079058_12_8,El Pardo,2026,05,07,22,0,N,2026-05-07 22:00:00,3,False
28,079,58,14,O3,28079058_14_6,El Pardo,2026,05,07,22,0,N,2026-05-07 22:00:00,3,False
28,079,58,7,NO,28079058_7_8,El Pardo,2026,05,07,22,0,N,2026-05-07 22:00:00,3,False
28,079,58,8,NO2,28079058_8_8,El Pardo,2026,05,07,22,0,N,2026-05-07 22:00:00,3,False
28,079,58,12,NOx,28079058_12_8,El Pardo,2026,05,07,23,0,N,2026-05-07 23:00:00,3,False
28,079,58,14,O3,28079058_14_6,El Pardo,2026,05,07,23,0,N,2026-05-07 23:00:00,3,False
28,079,58,7,NO,28079058_7_8,El Pardo,2026,05,07,23,0,N,2026-05-07 23:00:00,3,False
28,079,58,8,NO2,28079058_8_8,El Pardo,2026,05,07,23,0,N,2026-05-07 23:00:00,3,False
28,079,54,10,PM10,28079054_10_A,Ensanche de Vallecas,2026,05,07,0,35,V,2026-05-07 00:00:00,3,False
28,079,54,12,NOx,28079054_12_8,Ensanche de Vallecas,2026,05,07,0,47,V,2026-05-07 00:00:00,3,False
28,079,54,14,O3,28079054_14_6,Ensanche de Vallecas,2026,05,07,0,57,V,2026-05-07 00:00:00,3,False
28,079,54,7,NO,28079054_7_8,Ensanche de Vallecas,2026,05,07,0,0,V,2026-05-07 00:00:00,3,False
28,079,54,8,NO2,28079054_8_8,Ensanche de Vallecas,2026,05,07,0,47,V,2026-05-07 00:00:00,3,False
28,079,54,9,PM2.5,28079054_9_A,Ensanche de Vallecas,2026,05,07,0,9,V,2026-05-07 00:00:00,3,False
28,079,54,10,PM10,28079054_10_A,Ensanche de Vallecas,2026,05,07,1,13,V,2026-05-07 01:00:00,3,False
28,079,54,12,NOx,28079054_12_8,Ensanche de Vallecas,2026,05,07,1,71,V,2026-05-07 01:00:00,3,False
28,079,54,14,O3,28079054_14_6,Ensanche de Vallecas,2026,05,07,1,25,V,2026-05-07 01:00:00,3,False
28,079,54,7,NO,28079054_7_8,Ensanche de Vallecas,2026,05,07,1,3,V,2026-05-07 01:00:00,3,False
28,079,54,8,NO2,28079054_8_8,Ensanche de Vallecas,2026,05,07,1,67,V,2026-05-07 01:00:00,3,False
28,079,54,9,PM2.5,28079054_9_A,Ensanche de Vallecas,2026,05,07,1,6,V,2026-05-07 01:00:00,3,False
28,079,54,10,PM10,28079054_10_A,Ensanche de Vallecas,2026,05,07,2,9,V,2026-05-07 02:00:00,3,False
28,079,54,12,NOx,28079054_12_8,Ensanche de Vallecas,2026,05,07,2,17,V,2026-05-07 02:00:00,3,False
28,079,54,14,O3,28079054_14_6,Ensanche de Vallecas,2026,05,07,2,62,V,2026-05-07 02:00:00,3,False
28,079,54,7,NO,28079054_7_8,Ensanche de Vallecas,2026,05,07,2,0,V,2026-05-07 02:00:00,3,False
28,079,54,8,NO2,28079054_8_8,Ensanche de Vallecas,2026,05,07,2,17,V,2026-05-07 02:00:00,3,False
28,079,54,9,PM2.5,28079054_9_A,Ensanche de Vallecas,2026,05,07,2,3,V,2026-05-07 02:00:00,3,False
28,079,54,10,PM10,28079054_10_A,Ensanche de Vallecas,2026,05,07,3,8,V,2026-05-07 03:00:00,3,False
28,079,54,12,NOx,28079054_12_8,Ensanche de Vallecas,2026,05,07,3,13,V,2026-05-07 03:00:00,3,False
28,079,54,14,O3,28079054_14_6,Ensanche de Vallecas,2026,05,07,3,65,V,2026-05-07 03:00:00,3,False
28,079,54,7,NO,28079054_7_8,Ensanche de Vallecas,2026,05,07,3,0,V,2026-05-07 03:00:00,3,False
28,079,54,8,NO2,28079054_8_8,Ensanche de Vallecas,2026,05,07,3,13,V,2026-05-07 03:00:00,3,False
28,079,54,9,PM2.5,28079054_9_A,Ensanche de Vallecas,2026,05,07,3,3,V,2026-05-07 03:00:00,3,False
28,079,54,10,PM10,28079054_10_A,Ensanche de Vallecas,2026,05,07,4,8,V,2026-05-07 04:00:00,3,False
28,079,54,12,NOx,28079054_12_8,Ensanche de Vallecas,2026,05,07,4,12,V,2026-05-07 04:00:00,3,False
28,079,54,14,O3,28079054_14_6,Ensanche de Vallecas,2026,05,07,4,67,V,2026-05-07 04:00:00,3,False
28,079,54,7,NO,28079054_7_8,Ensanche de Vallecas,2026,05,07,4,0,V,2026-05-07 04:00:00,3,False
28,079,54,8,NO2,28079054_8_8,Ensanche de Vallecas,2026,05,07,4,12,V,2026-05-07 04:00:00,3,False
28,079,54,9,PM2.5,28079054_9_A,Ensanche de Vallecas,2026,05,07,4,3,V,2026-05-07 04:00:00,3,False
28,079,54,10,PM10,28079054_10_A,Ensanche de Vallecas,2026,05,07,5,8,V,2026-05-07 05:00:00,3,False
28,079,54,12,NOx,28079054_12_8,Ensanche de Vallecas,2026,05,07,5,15,V,2026-05-07 05:00:00,3,False
28,079,54,14,O3,28079054_14_6,Ensanche de Vallecas,2026,05,07,5,60,V,2026-05-07 05:00:00,3,False
28,079,54,7,NO,28079054_7_8,Ensanche de Vallecas,2026,05,07,5,0,V,2026-05-07 05:00:00,3,False
28,079,54,8,NO2,28079054_8_8,Ensanche de Vallecas,2026,05,07,5,15,V,2026-05-07 05:00:00,3,False
28,079,54,9,PM2.5,28079054_9_A,Ensanche de Vallecas,2026,05,07,5,4,V,2026-05-07 05:00:00,3,False
28,079,54,10,PM10,28079054_10_A,Ensanche de Vallecas,2026,05,07,6,7,V,2026-05-07 06:00:00,3,False
28,079,54,12,NOx,28079054_12_8,Ensanche de Vallecas,2026,05,07,6,19,V,2026-05-07 06:00:00,3,False
28,079,54,14,O3,28079054_14_6,Ensanche de Vallecas,2026,05,07,6,57,V,2026-05-07 06:00:00,3,False
28,079,54,7,NO,28079054_7_8,Ensanche de Vallecas,2026,05,07,6,0,V,2026-05-07 06:00:00,3,False
28,079,54,8,NO2,28079054_8_8,Ensanche de Vallecas,2026,05,07,6,19,V,2026-05-07 06:00:00,3,False
28,079,54,9,PM2.5,28079054_9_A,Ensanche de Vallecas,2026,05,07,6,4,V,2026-05-07 06:00:00,3,False
28,079,54,10,PM10,28079054_10_A,Ensanche de Vallecas,2026,05,07,7,6,V,2026-05-07 07:00:00,3,False
28,079,54,12,NOx,28079054_12_8,Ensanche de Vallecas,2026,05,07,7,49,V,2026-05-07 07:00:00,3,False
28,079,54,14,O3,28079054_14_6,Ensanche de Vallecas,2026,05,07,7,39,V,2026-05-07 07:00:00,3,False
28,079,54,7,NO,28079054_7_8,Ensanche de Vallecas,2026,05,07,7,4,V,2026-05-07 07:00:00,3,False
28,079,54,8,NO2,28079054_8_8,Ensanche de Vallecas,2026,05,07,7,43,V,2026-05-07 07:00:00,3,False
28,079,54,9,PM2.5,28079054_9_A,Ensanche de Vallecas,2026,05,07,7,3,V,2026-05-07 07:00:00,3,False
28,079,54,10,PM10,28079054_10_A,Ensanche de Vallecas,2026,05,07,8,14,V,2026-05-07 08:00:00,3,False
28,079,54,12,NOx,28079054_12_8,Ensanche de Vallecas,2026,05,07,8,71,V,2026-05-07 08:00:00,3,False
28,079,54,14,O3,28079054_14_6,Ensanche de Vallecas,2026,05,07,8,33,V,2026-05-07 08:00:00,3,False
28,079,54,7,NO,28079054_7_8,Ensanche de Vallecas,2026,05,07,8,12,V,2026-05-07 08:00:00,3,False
28,079,54,8,NO2,28079054_8_8,Ensanche de Vallecas,2026,05,07,8,52,V,2026-05-07 08:00:00,3,False
28,079,54,9,PM2.5,28079054_9_A,Ensanche de Vallecas,2026,05,07,8,5,V,2026-05-07 08:00:00,3,False
28,079,54,10,PM10,28079054_10_A,Ensanche de Vallecas,2026,05,07,9,22,V,2026-05-07 09:00:00,3,False
28,079,54,12,NOx,28079054_12_8,Ensanche de Vallecas,2026,05,07,9,63,V,2026-05-07 09:00:00,3,False
28,079,54,14,O3,28079054_14_6,Ensanche de Vallecas,2026,05,07,9,37,V,2026-05-07 09:00:00,3,False
28,079,54,7,NO,28079054_7_8,Ensanche de Vallecas,2026,05,07,9,9,V,2026-05-07 09:00:00,3,False
28,079,54,8,NO2,28079054_8_8,Ensanche de Vallecas,2026,05,07,9,49,V,2026-05-07 09:00:00,3,False
28,079,54,9,PM2.5,28079054_9_A,Ensanche de Vallecas,2026,05,07,9,7,V,2026-05-07 09:00:00,3,False
28,079,54,10,PM10,28079054_10_A,Ensanche de Vallecas,2026,05,07,10,18,V,2026-05-07 10:00:00,3,False
28,079,54,12,NOx,28079054_12_8,Ensanche de Vallecas,2026,05,07,10,40,V,2026-05-07 10:00:00,3,False
28,079,54,14,O3,28079054_14_6,Ensanche de Vallecas,2026,05,07,10,58,V,2026-05-07 10:00:00,3,False
28,079,54,7,NO,28079054_7_8,Ensanche de Vallecas,2026,05,07,10,7,V,2026-05-07 10:00:00,3,False
28,079,54,8,NO2,28079054_8_8,Ensanche de Vallecas,2026,05,07,10,29,V,2026-05-07 10:00:00,3,False
28,079,54,9,PM2.5,28079054_9_A,Ensanche de Vallecas,2026,05,07,10,6,V,2026-05-07 10:00:00,3,False
28,079,54,10,PM10,28079054_10_A,Ensanche de Vallecas,2026,05,07,11,18,V,2026-05-07 11:00:00,3,False
28,079,54,12,NOx,28079054_12_8,Ensanche de Vallecas,2026,05,07,11,26,V,2026-05-07 11:00:00,3,False
28,079,54,14,O3,28079054_14_6,Ensanche de Vallecas,2026,05,07,11,73,V,2026-05-07 11:00:00,3,False
28,079,54,7,NO,28079054_7_8,Ensanche de Vallecas,2026,05,07,11,4,V,2026-05-07 11:00:00,3,False
28,079,54,8,NO2,28079054_8_8,Ensanche de Vallecas,2026,05,07,11,20,V,2026-05-07 11:00:00,3,False
28,079,54,9,PM2.5,28079054_9_A,Ensanche de Vallecas,2026,05,07,11,7,V,2026-05-07 11:00:00,3,False
28,079,54,10,PM10,28079054_10_A,Ensanche de Vallecas,2026,05,07,12,21,V,2026-05-07 12:00:00,3,False
28,079,54,12,NOx,28079054_12_8,Ensanche de Vallecas,2026,05,07,12,17,V,2026-05-07 12:00:00,3,False
28,079,54,14,O3,28079054_14_6,Ensanche de Vallecas,2026,05,07,12,84,V,2026-05-07 12:00:00,3,False
28,079,54,7,NO,28079054_7_8,Ensanche de Vallecas,2026,05,07,12,1,V,2026-05-07 12:00:00,3,False
28,079,54,8,NO2,28079054_8_8,Ensanche de Vallecas,2026,05,07,12,15,V,2026-05-07 12:00:00,3,False
28,079,54,9,PM2.5,28079054_9_A,Ensanche de Vallecas,2026,05,07,12,8,V,2026-05-07 12:00:00,3,False
28,079,54,10,PM10,28079054_10_A,Ensanche de Vallecas,2026,05,07,13,0,N,2026-05-07 13:00:00,3,False
28,079,54,12,NOx,28079054_12_8,Ensanche de Vallecas,2026,05,07,13,0,N,2026-05-07 13:00:00,3,False
28,079,54,14,O3,28079054_14_6,Ensanche de Vallecas,2026,05,07,13,0,N,2026-05-07 13:00:00,3,False
28,079,54,7,NO,28079054_7_8,Ensanche de Vallecas,2026,05,07,13,0,N,2026-05-07 13:00:00,3,False
28,079,54,8,NO2,28079054_8_8,Ensanche de Vallecas,2026,05,07,13,0,N,2026-05-07 13:00:00,3,False
28,079,54,9,PM2.5,28079054_9_A,Ensanche de Vallecas,2026,05,07,13,0,N,2026-05-07 13:00:00,3,False
28,079,54,10,PM10,28079054_10_A,Ensanche de Vallecas,2026,05,07,14,0,N,2026-05-07 14:00:00,3,False
28,079,54,12,NOx,28079054_12_8,Ensanche de Vallecas,2026,05,07,14,0,N,2026-05-07 14:00:00,3,False
28,079,54,14,O3,28079054_14_6,Ensanche de Vallecas,2026,05,07,14,0,N,2026-05-07 14:00:00,3,False
28,079,54,7,NO,28079054_7_8,Ensanche de Vallecas,2026,05,07,14,0,N,2026-05-07 14:00:00,3,False
28,079,54,8,NO2,28079054_8_8,Ensanche de Vallecas,2026,05,07,14,0,N,2026-05-07 14:00:00,3,False
28,079,54,9,PM2.5,28079054_9_A,Ensanche de Vallecas,2026,05,07,14,0,N,2026-05-07 14:00:00,3,False
28,079,54,10,PM10,28079054_10_A,Ensanche de Vallecas,2026,05,07,15,0,N,2026-05-07 15:00:00,3,False
28,079,54,12,NOx,28079054_12_8,Ensanche de Vallecas,2026,05,07,15,0,N,2026-05-07 15:00:00,3,False
28,079,54,14,O3,28079054_14_6,Ensanche de Vallecas,2026,05,07,15,0,N,2026-05-07 15:00:00,3,False
28,079,54,7,NO,28079054_7_8,Ensanche de Vallecas,2026,05,07,15,0,N,2026-05-07 15:00:00,3,False
28,079,54,8,NO2,28079054_8_8,Ensanche de Vallecas,2026,05,07,15,0,N,2026-05-07 15:00:00,3,False
28,079,54,9,PM2.5,28079054_9_A,Ensanche de Vallecas,2026,05,07,15,0,N,2026-05-07 15:00:00,3,False
28,079,54,10,PM10,28079054_10_A,Ensanche de Vallecas,2026,05,07,16,0,N,2026-05-07 16:00:00,3,False
28,079,54,12,NOx,28079054_12_8,Ensanche de Vallecas,2026,05,07,16,0,N,2026-05-07 16:00:00,3,False
28,079,54,14,O3,28079054_14_6,Ensanche de Vallecas,2026,05,07,16,0,N,2026-05-07 16:00:00,3,False
28,079,54,7,NO,28079054_7_8,Ensanche de Vallecas,2026,05,07,16,0,N,2026-05-07 16:00:00,3,False
28,079,54,8,NO2,28079054_8_8,Ensanche de Vallecas,2026,05,07,16,0,N,2026-05-07 16:00:00,3,False
28,079,54,9,PM2.5,28079054_9_A,Ensanche de Vallecas,2026,05,07,16,0,N,2026-05-07 16:00:00,3,False
28,079,54,10,PM10,28079054_10_A,Ensanche de Vallecas,2026,05,07,17,0,N,2026-05-07 17:00:00,3,False
28,079,54,12,NOx,28079054_12_8,Ensanche de Vallecas,2026,05,07,17,0,N,2026-05-07 17:00:00,3,False
28,079,54,14,O3,28079054_14_6,Ensanche de Vallecas,2026,05,07,17,0,N,2026-05-07 17:00:00,3,False
28,079,54,7,NO,28079054_7_8,Ensanche de Vallecas,2026,05,07,17,0,N,2026-05-07 17:00:00,3,False
28,079,54,8,NO2,28079054_8_8,Ensanche de Vallecas,2026,05,07,17,0,N,2026-05-07 17:00:00,3,False
28,079,54,9,PM2.5,28079054_9_A,Ensanche de Vallecas,2026,05,07,17,0,N,2026-05-07 17:00:00,3,False
28,079,54,10,PM10,28079054_10_A,Ensanche de Vallecas,2026,05,07,18,0,N,2026-05-07 18:00:00,3,False
28,079,54,12,NOx,28079054_12_8,Ensanche de Vallecas,2026,05,07,18,0,N,2026-05-07 18:00:00,3,False
28,079,54,14,O3,28079054_14_6,Ensanche de Vallecas,2026,05,07,18,0,N,2026-05-07 18:00:00,3,False
28,079,54,7,NO,28079054_7_8,Ensanche de Vallecas,2026,05,07,18,0,N,2026-05-07 18:00:00,3,False
28,079,54,8,NO2,28079054_8_8,Ensanche de Vallecas,2026,05,07,18,0,N,2026-05-07 18:00:00,3,False
28,079,54,9,PM2.5,28079054_9_A,Ensanche de Vallecas,2026,05,07,18,0,N,2026-05-07 18:00:00,3,False
28,079,54,10,PM10,28079054_10_A,Ensanche de Vallecas,2026,05,07,19,0,N,2026-05-07 19:00:00,3,False
28,079,54,12,NOx,28079054_12_8,Ensanche de Vallecas,2026,05,07,19,0,N,2026-05-07 19:00:00,3,False
28,079,54,14,O3,28079054_14_6,Ensanche de Vallecas,2026,05,07,19,0,N,2026-05-07 19:00:00,3,False
28,079,54,7,NO,28079054_7_8,Ensanche de Vallecas,2026,05,07,19,0,N,2026-05-07 19:00:00,3,False
28,079,54,8,NO2,28079054_8_8,Ensanche de Vallecas,2026,05,07,19,0,N,2026-05-07 19:00:00,3,False
28,079,54,9,PM2.5,28079054_9_A,Ensanche de Vallecas,2026,05,07,19,0,N,2026-05-07 19:00:00,3,False
28,079,54,10,PM10,28079054_10_A,Ensanche de Vallecas,2026,05,07,20,0,N,2026-05-07 20:00:00,3,False
28,079,54,12,NOx,28079054_12_8,Ensanche de Vallecas,2026,05,07,20,0,N,2026-05-07 20:00:00,3,False
28,079,54,14,O3,28079054_14_6,Ensanche de Vallecas,2026,05,07,20,0,N,2026-05-07 20:00:00,3,False
28,079,54,7,NO,28079054_7_8,Ensanche de Vallecas,2026,05,07,20,0,N,2026-05-07 20:00:00,3,False
28,079,54,8,NO2,28079054_8_8,Ensanche de Vallecas,2026,05,07,20,0,N,2026-05-07 20:00:00,3,False
28,079,54,9,PM2.5,28079054_9_A,Ensanche de Vallecas,2026,05,07,20,0,N,2026-05-07 20:00:00,3,False
28,079,54,10,PM10,28079054_10_A,Ensanche de Vallecas,2026,05,07,21,0,N,2026-05-07 21:00:00,3,False
28,079,54,12,NOx,28079054_12_8,Ensanche de Vallecas,2026,05,07,21,0,N,2026-05-07 21:00:00,3,False
28,079,54,14,O3,28079054_14_6,Ensanche de Vallecas,2026,05,07,21,0,N,2026-05-07 21:00:00,3,False
28,079,54,7,NO,28079054_7_8,Ensanche de Vallecas,2026,05,07,21,0,N,2026-05-07 21:00:00,3,False
28,079,54,8,NO2,28079054_8_8,Ensanche de Vallecas,2026,05,07,21,0,N,2026-05-07 21:00:00,3,False
28,079,54,9,PM2.5,28079054_9_A,Ensanche de Vallecas,2026,05,07,21,0,N,2026-05-07 21:00:00,3,False
28,079,54,10,PM10,28079054_10_A,Ensanche de Vallecas,2026,05,07,22,0,N,2026-05-07 22:00:00,3,False
28,079,54,12,NOx,28079054_12_8,Ensanche de Vallecas,2026,05,07,22,0,N,2026-05-07 22:00:00,3,False
28,079,54,14,O3,28079054_14_6,Ensanche de Vallecas,2026,05,07,22,0,N,2026-05-07 22:00:00,3,False
28,079,54,7,NO,28079054_7_8,Ensanche de Vallecas,2026,05,07,22,0,N,2026-05-07 22:00:00,3,False
28,079,54,8,NO2,28079054_8_8,Ensanche de Vallecas,2026,05,07,22,0,N,2026-05-07 22:00:00,3,False
28,079,54,9,PM2.5,28079054_9_A,Ensanche de Vallecas,2026,05,07,22,0,N,2026-05-07 22:00:00,3,False
28,079,54,10,PM10,28079054_10_A,Ensanche de Vallecas,2026,05,07,23,0,N,2026-05-07 23:00:00,3,False
28,079,54,12,NOx,28079054_12_8,Ensanche de Vallecas,2026,05,07,23,0,N,2026-05-07 23:00:00,3,False
28,079,54,14,O3,28079054_14_6,Ensanche de Vallecas,2026,05,07,23,0,N,2026-05-07 23:00:00,3,False
28,079,54,7,NO,28079054_7_8,Ensanche de Vallecas,2026,05,07,23,0,N,2026-05-07 23:00:00,3,False
28,079,54,8,NO2,28079054_8_8,Ensanche de Vallecas,2026,05,07,23,0,N,2026-05-07 23:00:00,3,False
28,079,54,9,PM2.5,28079054_9_A,Ensanche de Vallecas,2026,05,07,23,0,N,2026-05-07 23:00:00,3,False
28,079,8,10,PM10,28079008_10_47,Escuelas Aguirre,2026,05,07,0,22,V,2026-05-07 00:00:00,3,False
28,079,8,12,NOx,28079008_12_8,Escuelas Aguirre,2026,05,07,0,36,V,2026-05-07 00:00:00,3,False
28,079,8,14,O3,28079008_14_6,Escuelas Aguirre,2026,05,07,0,46,V,2026-05-07 00:00:00,3,False
28,079,8,7,NO,28079008_7_8,Escuelas Aguirre,2026,05,07,0,0,V,2026-05-07 00:00:00,3,False
28,079,8,8,NO2,28079008_8_8,Escuelas Aguirre,2026,05,07,0,36,V,2026-05-07 00:00:00,3,False
28,079,8,9,PM2.5,28079008_9_47,Escuelas Aguirre,2026,05,07,0,11,V,2026-05-07 00:00:00,3,False
28,079,8,10,PM10,28079008_10_47,Escuelas Aguirre,2026,05,07,1,13,V,2026-05-07 01:00:00,3,False
28,079,8,12,NOx,28079008_12_8,Escuelas Aguirre,2026,05,07,1,24,V,2026-05-07 01:00:00,3,False
28,079,8,14,O3,28079008_14_6,Escuelas Aguirre,2026,05,07,1,74,V,2026-05-07 01:00:00,3,False
28,079,8,7,NO,28079008_7_8,Escuelas Aguirre,2026,05,07,1,0,V,2026-05-07 01:00:00,3,False
28,079,8,8,NO2,28079008_8_8,Escuelas Aguirre,2026,05,07,1,24,V,2026-05-07 01:00:00,3,False
28,079,8,9,PM2.5,28079008_9_47,Escuelas Aguirre,2026,05,07,1,7,V,2026-05-07 01:00:00,3,False
28,079,8,10,PM10,28079008_10_47,Escuelas Aguirre,2026,05,07,2,8,V,2026-05-07 02:00:00,3,False
28,079,8,12,NOx,28079008_12_8,Escuelas Aguirre,2026,05,07,2,11,V,2026-05-07 02:00:00,3,False
28,079,8,14,O3,28079008_14_6,Escuelas Aguirre,2026,05,07,2,68,V,2026-05-07 02:00:00,3,False
28,079,8,7,NO,28079008_7_8,Escuelas Aguirre,2026,05,07,2,0,V,2026-05-07 02:00:00,3,False
28,079,8,8,NO2,28079008_8_8,Escuelas Aguirre,2026,05,07,2,11,V,2026-05-07 02:00:00,3,False
28,079,8,9,PM2.5,28079008_9_47,Escuelas Aguirre,2026,05,07,2,4,V,2026-05-07 02:00:00,3,False
28,079,8,10,PM10,28079008_10_47,Escuelas Aguirre,2026,05,07,3,7,V,2026-05-07 03:00:00,3,False
28,079,8,12,NOx,28079008_12_8,Escuelas Aguirre,2026,05,07,3,10,V,2026-05-07 03:00:00,3,False
28,079,8,14,O3,28079008_14_6,Escuelas Aguirre,2026,05,07,3,63,V,2026-05-07 03:00:00,3,False
28,079,8,7,NO,28079008_7_8,Escuelas Aguirre,2026,05,07,3,0,V,2026-05-07 03:00:00,3,False
28,079,8,8,NO2,28079008_8_8,Escuelas Aguirre,2026,05,07,3,10,V,2026-05-07 03:00:00,3,False
28,079,8,9,PM2.5,28079008_9_47,Escuelas Aguirre,2026,05,07,3,4,V,2026-05-07 03:00:00,3,False
28,079,8,10,PM10,28079008_10_47,Escuelas Aguirre,2026,05,07,4,7,V,2026-05-07 04:00:00,3,False
28,079,8,12,NOx,28079008_12_8,Escuelas Aguirre,2026,05,07,4,9,V,2026-05-07 04:00:00,3,False
28,079,8,14,O3,28079008_14_6,Escuelas Aguirre,2026,05,07,4,67,V,2026-05-07 04:00:00,3,False
28,079,8,7,NO,28079008_7_8,Escuelas Aguirre,2026,05,07,4,0,V,2026-05-07 04:00:00,3,False
28,079,8,8,NO2,28079008_8_8,Escuelas Aguirre,2026,05,07,4,9,V,2026-05-07 04:00:00,3,False
28,079,8,9,PM2.5,28079008_9_47,Escuelas Aguirre,2026,05,07,4,4,V,2026-05-07 04:00:00,3,False
28,079,8,10,PM10,28079008_10_47,Escuelas Aguirre,2026,05,07,5,10,V,2026-05-07 05:00:00,3,False
28,079,8,12,NOx,28079008_12_8,Escuelas Aguirre,2026,05,07,5,7,V,2026-05-07 05:00:00,3,False
28,079,8,14,O3,28079008_14_6,Escuelas Aguirre,2026,05,07,5,69,V,2026-05-07 05:00:00,3,False
28,079,8,7,NO,28079008_7_8,Escuelas Aguirre,2026,05,07,5,0,V,2026-05-07 05:00:00,3,False
28,079,8,8,NO2,28079008_8_8,Escuelas Aguirre,2026,05,07,5,7,V,2026-05-07 05:00:00,3,False
28,079,8,9,PM2.5,28079008_9_47,Escuelas Aguirre,2026,05,07,5,6,V,2026-05-07 05:00:00,3,False
28,079,8,10,PM10,28079008_10_47,Escuelas Aguirre,2026,05,07,6,12,V,2026-05-07 06:00:00,3,False
28,079,8,12,NOx,28079008_12_8,Escuelas Aguirre,2026,05,07,6,8,V,2026-05-07 06:00:00,3,False
28,079,8,14,O3,28079008_14_6,Escuelas Aguirre,2026,05,07,6,63,V,2026-05-07 06:00:00,3,False
28,079,8,7,NO,28079008_7_8,Escuelas Aguirre,2026,05,07,6,0,V,2026-05-07 06:00:00,3,False
28,079,8,8,NO2,28079008_8_8,Escuelas Aguirre,2026,05,07,6,8,V,2026-05-07 06:00:00,3,False
28,079,8,9,PM2.5,28079008_9_47,Escuelas Aguirre,2026,05,07,6,8,V,2026-05-07 06:00:00,3,False
28,079,8,10,PM10,28079008_10_47,Escuelas Aguirre,2026,05,07,7,14,V,2026-05-07 07:00:00,3,False
28,079,8,12,NOx,28079008_12_8,Escuelas Aguirre,2026,05,07,7,15,V,2026-05-07 07:00:00,3,False
28,079,8,14,O3,28079008_14_6,Escuelas Aguirre,2026,05,07,7,45,V,2026-05-07 07:00:00,3,False
28,079,8,7,NO,28079008_7_8,Escuelas Aguirre,2026,05,07,7,0,V,2026-05-07 07:00:00,3,False
28,079,8,8,NO2,28079008_8_8,Escuelas Aguirre,2026,05,07,7,15,V,2026-05-07 07:00:00,3,False
28,079,8,9,PM2.5,28079008_9_47,Escuelas Aguirre,2026,05,07,7,7,V,2026-05-07 07:00:00,3,False
28,079,8,10,PM10,28079008_10_47,Escuelas Aguirre,2026,05,07,8,19,V,2026-05-07 08:00:00,3,False
28,079,8,12,NOx,28079008_12_8,Escuelas Aguirre,2026,05,07,8,28,V,2026-05-07 08:00:00,3,False
28,079,8,14,O3,28079008_14_6,Escuelas Aguirre,2026,05,07,8,38,V,2026-05-07 08:00:00,3,False
28,079,8,7,NO,28079008_7_8,Escuelas Aguirre,2026,05,07,8,1,V,2026-05-07 08:00:00,3,False
28,079,8,8,NO2,28079008_8_8,Escuelas Aguirre,2026,05,07,8,27,V,2026-05-07 08:00:00,3,False
28,079,8,9,PM2.5,28079008_9_47,Escuelas Aguirre,2026,05,07,8,9,V,2026-05-07 08:00:00,3,False
28,079,8,10,PM10,28079008_10_47,Escuelas Aguirre,2026,05,07,9,18,V,2026-05-07 09:00:00,3,False
28,079,8,12,NOx,28079008_12_8,Escuelas Aguirre,2026,05,07,9,32,V,2026-05-07 09:00:00,3,False
28,079,8,14,O3,28079008_14_6,Escuelas Aguirre,2026,05,07,9,49,V,2026-05-07 09:00:00,3,False
28,079,8,7,NO,28079008_7_8,Escuelas Aguirre,2026,05,07,9,1,V,2026-05-07 09:00:00,3,False
28,079,8,8,NO2,28079008_8_8,Escuelas Aguirre,2026,05,07,9,32,V,2026-05-07 09:00:00,3,False
28,079,8,9,PM2.5,28079008_9_47,Escuelas Aguirre,2026,05,07,9,6,V,2026-05-07 09:00:00,3,False
28,079,8,10,PM10,28079008_10_47,Escuelas Aguirre,2026,05,07,10,14,V,2026-05-07 10:00:00,3,False
28,079,8,12,NOx,28079008_12_8,Escuelas Aguirre,2026,05,07,10,24,V,2026-05-07 10:00:00,3,False
28,079,8,14,O3,28079008_14_6,Escuelas Aguirre,2026,05,07,10,71,V,2026-05-07 10:00:00,3,False
28,079,8,7,NO,28079008_7_8,Escuelas Aguirre,2026,05,07,10,0,V,2026-05-07 10:00:00,3,False
28,079,8,8,NO2,28079008_8_8,Escuelas Aguirre,2026,05,07,10,24,V,2026-05-07 10:00:00,3,False
28,079,8,9,PM2.5,28079008_9_47,Escuelas Aguirre,2026,05,07,10,4,V,2026-05-07 10:00:00,3,False
28,079,8,10,PM10,28079008_10_47,Escuelas Aguirre,2026,05,07,11,19,V,2026-05-07 11:00:00,3,False
28,079,8,12,NOx,28079008_12_8,Escuelas Aguirre,2026,05,07,11,16,V,2026-05-07 11:00:00,3,False
28,079,8,14,O3,28079008_14_6,Escuelas Aguirre,2026,05,07,11,76,V,2026-05-07 11:00:00,3,False
28,079,8,7,NO,28079008_7_8,Escuelas Aguirre,2026,05,07,11,0,V,2026-05-07 11:00:00,3,False
28,079,8,8,NO2,28079008_8_8,Escuelas Aguirre,2026,05,07,11,16,V,2026-05-07 11:00:00,3,False
28,079,8,9,PM2.5,28079008_9_47,Escuelas Aguirre,2026,05,07,11,9,V,2026-05-07 11:00:00,3,False
28,079,8,10,PM10,28079008_10_47,Escuelas Aguirre,2026,05,07,12,15,V,2026-05-07 12:00:00,3,False
28,079,8,12,NOx,28079008_12_8,Escuelas Aguirre,2026,05,07,12,15,V,2026-05-07 12:00:00,3,False
28,079,8,14,O3,28079008_14_6,Escuelas Aguirre,2026,05,07,12,80,V,2026-05-07 12:00:00,3,False
28,079,8,7,NO,28079008_7_8,Escuelas Aguirre,2026,05,07,12,0,V,2026-05-07 12:00:00,3,False
28,079,8,8,NO2,28079008_8_8,Escuelas Aguirre,2026,05,07,12,15,V,2026-05-07 12:00:00,3,False
28,079,8,9,PM2.5,28079008_9_47,Escuelas Aguirre,2026,05,07,12,5,V,2026-05-07 12:00:00,3,False
28,079,8,10,PM10,28079008_10_47,Escuelas Aguirre,2026,05,07,13,0,N,2026-05-07 13:00:00,3,False
28,079,8,12,NOx,28079008_12_8,Escuelas Aguirre,2026,05,07,13,0,N,2026-05-07 13:00:00,3,False
28,079,8,14,O3,28079008_14_6,Escuelas Aguirre,2026,05,07,13,0,N,2026-05-07 13:00:00,3,False
28,079,8,7,NO,28079008_7_8,Escuelas Aguirre,2026,05,07,13,0,N,2026-05-07 13:00:00,3,False
28,079,8,8,NO2,28079008_8_8,Escuelas Aguirre,2026,05,07,13,0,N,2026-05-07 13:00:00,3,False
28,079,8,9,PM2.5,28079008_9_47,Escuelas Aguirre,2026,05,07,13,0,N,2026-05-07 13:00:00,3,False
28,079,8,10,PM10,28079008_10_47,Escuelas Aguirre,2026,05,07,14,0,N,2026-05-07 14:00:00,3,False
28,079,8,12,NOx,28079008_12_8,Escuelas Aguirre,2026,05,07,14,0,N,2026-05-07 14:00:00,3,False
28,079,8,14,O3,28079008_14_6,Escuelas Aguirre,2026,05,07,14,0,N,2026-05-07 14:00:00,3,False
28,079,8,7,NO,28079008_7_8,Escuelas Aguirre,2026,05,07,14,0,N,2026-05-07 14:00:00,3,False
28,079,8,8,NO2,28079008_8_8,Escuelas Aguirre,2026,05,07,14,0,N,2026-05-07 14:00:00,3,False
28,079,8,9,PM2.5,28079008_9_47,Escuelas Aguirre,2026,05,07,14,0,N,2026-05-07 14:00:00,3,False
28,079,8,10,PM10,28079008_10_47,Escuelas Aguirre,2026,05,07,15,0,N,2026-05-07 15:00:00,3,False
28,079,8,12,NOx,28079008_12_8,Escuelas Aguirre,2026,05,07,15,0,N,2026-05-07 15:00:00,3,False
28,079,8,14,O3,28079008_14_6,Escuelas Aguirre,2026,05,07,15,0,N,2026-05-07 15:00:00,3,False
28,079,8,7,NO,28079008_7_8,Escuelas Aguirre,2026,05,07,15,0,N,2026-05-07 15:00:00,3,False
28,079,8,8,NO2,28079008_8_8,Escuelas Aguirre,2026,05,07,15,0,N,2026-05-07 15:00:00,3,False
28,079,8,9,PM2.5,28079008_9_47,Escuelas Aguirre,2026,05,07,15,0,N,2026-05-07 15:00:00,3,False
28,079,8,10,PM10,28079008_10_47,Escuelas Aguirre,2026,05,07,16,0,N,2026-05-07 16:00:00,3,False
28,079,8,12,NOx,28079008_12_8,Escuelas Aguirre,2026,05,07,16,0,N,2026-05-07 16:00:00,3,False
28,079,8,14,O3,28079008_14_6,Escuelas Aguirre,2026,05,07,16,0,N,2026-05-07 16:00:00,3,False
28,079,8,7,NO,28079008_7_8,Escuelas Aguirre,2026,05,07,16,0,N,2026-05-07 16:00:00,3,False
28,079,8,8,NO2,28079008_8_8,Escuelas Aguirre,2026,05,07,16,0,N,2026-05-07 16:00:00,3,False
28,079,8,9,PM2.5,28079008_9_47,Escuelas Aguirre,2026,05,07,16,0,N,2026-05-07 16:00:00,3,False
28,079,8,10,PM10,28079008_10_47,Escuelas Aguirre,2026,05,07,17,0,N,2026-05-07 17:00:00,3,False
28,079,8,12,NOx,28079008_12_8,Escuelas Aguirre,2026,05,07,17,0,N,2026-05-07 17:00:00,3,False
28,079,8,14,O3,28079008_14_6,Escuelas Aguirre,2026,05,07,17,0,N,2026-05-07 17:00:00,3,False
28,079,8,7,NO,28079008_7_8,Escuelas Aguirre,2026,05,07,17,0,N,2026-05-07 17:00:00,3,False
28,079,8,8,NO2,28079008_8_8,Escuelas Aguirre,2026,05,07,17,0,N,2026-05-07 17:00:00,3,False
28,079,8,9,PM2.5,28079008_9_47,Escuelas Aguirre,2026,05,07,17,0,N,2026-05-07 17:00:00,3,False
28,079,8,10,PM10,28079008_10_47,Escuelas Aguirre,2026,05,07,18,0,N,2026-05-07 18:00:00,3,False
28,079,8,12,NOx,28079008_12_8,Escuelas Aguirre,2026,05,07,18,0,N,2026-05-07 18:00:00,3,False
28,079,8,14,O3,28079008_14_6,Escuelas Aguirre,2026,05,07,18,0,N,2026-05-07 18:00:00,3,False
28,079,8,7,NO,28079008_7_8,Escuelas Aguirre,2026,05,07,18,0,N,2026-05-07 18:00:00,3,False
28,079,8,8,NO2,28079008_8_8,Escuelas Aguirre,2026,05,07,18,0,N,2026-05-07 18:00:00,3,False
28,079,8,9,PM2.5,28079008_9_47,Escuelas Aguirre,2026,05,07,18,0,N,2026-05-07 18:00:00,3,False
28,079,8,10,PM10,28079008_10_47,Escuelas Aguirre,2026,05,07,19,0,N,2026-05-07 19:00:00,3,False
28,079,8,12,NOx,28079008_12_8,Escuelas Aguirre,2026,05,07,19,0,N,2026-05-07 19:00:00,3,False
28,079,8,14,O3,28079008_14_6,Escuelas Aguirre,2026,05,07,19,0,N,2026-05-07 19:00:00,3,False
28,079,8,7,NO,28079008_7_8,Escuelas Aguirre,2026,05,07,19,0,N,2026-05-07 19:00:00,3,False
28,079,8,8,NO2,28079008_8_8,Escuelas Aguirre,2026,05,07,19,0,N,2026-05-07 19:00:00,3,False
28,079,8,9,PM2.5,28079008_9_47,Escuelas Aguirre,2026,05,07,19,0,N,2026-05-07 19:00:00,3,False
28,079,8,10,PM10,28079008_10_47,Escuelas Aguirre,2026,05,07,20,0,N,2026-05-07 20:00:00,3,False
28,079,8,12,NOx,28079008_12_8,Escuelas Aguirre,2026,05,07,20,0,N,2026-05-07 20:00:00,3,False
28,079,8,14,O3,28079008_14_6,Escuelas Aguirre,2026,05,07,20,0,N,2026-05-07 20:00:00,3,False
28,079,8,7,NO,28079008_7_8,Escuelas Aguirre,2026,05,07,20,0,N,2026-05-07 20:00:00,3,False
28,079,8,8,NO2,28079008_8_8,Escuelas Aguirre,2026,05,07,20,0,N,2026-05-07 20:00:00,3,False
28,079,8,9,PM2.5,28079008_9_47,Escuelas Aguirre,2026,05,07,20,0,N,2026-05-07 20:00:00,3,False
28,079,8,10,PM10,28079008_10_47,Escuelas Aguirre,2026,05,07,21,0,N,2026-05-07 21:00:00,3,False
28,079,8,12,NOx,28079008_12_8,Escuelas Aguirre,2026,05,07,21,0,N,2026-05-07 21:00:00,3,False
28,079,8,14,O3,28079008_14_6,Escuelas Aguirre,2026,05,07,21,0,N,2026-05-07 21:00:00,3,False
28,079,8,7,NO,28079008_7_8,Escuelas Aguirre,2026,05,07,21,0,N,2026-05-07 21:00:00,3,False
28,079,8,8,NO2,28079008_8_8,Escuelas Aguirre,2026,05,07,21,0,N,2026-05-07 21:00:00,3,False
28,079,8,9,PM2.5,28079008_9_47,Escuelas Aguirre,2026,05,07,21,0,N,2026-05-07 21:00:00,3,False
28,079,8,10,PM10,28079008_10_47,Escuelas Aguirre,2026,05,07,22,0,N,2026-05-07 22:00:00,3,False
28,079,8,12,NOx,28079008_12_8,Escuelas Aguirre,2026,05,07,22,0,N,2026-05-07 22:00:00,3,False
28,079,8,14,O3,28079008_14_6,Escuelas Aguirre,2026,05,07,22,0,N,2026-05-07 22:00:00,3,False
28,079,8,7,NO,28079008_7_8,Escuelas Aguirre,2026,05,07,22,0,N,2026-05-07 22:00:00,3,False
28,079,8,8,NO2,28079008_8_8,Escuelas Aguirre,2026,05,07,22,0,N,2026-05-07 22:00:00,3,False
28,079,8,9,PM2.5,28079008_9_47,Escuelas Aguirre,2026,05,07,22,0,N,2026-05-07 22:00:00,3,False
28,079,8,10,PM10,28079008_10_47,Escuelas Aguirre,2026,05,07,23,0,N,2026-05-07 23:00:00,3,False
28,079,8,12,NOx,28079008_12_8,Escuelas Aguirre,2026,05,07,23,0,N,2026-05-07 23:00:00,3,False
28,079,8,14,O3,28079008_14_6,Escuelas Aguirre,2026,05,07,23,0,N,2026-05-07 23:00:00,3,False
28,079,8,7,NO,28079008_7_8,Escuelas Aguirre,2026,05,07,23,0,N,2026-05-07 23:00:00,3,False
28,079,8,8,NO2,28079008_8_8,Escuelas Aguirre,2026,05,07,23,0,N,2026-05-07 23:00:00,3,False
28,079,8,9,PM2.5,28079008_9_47,Escuelas Aguirre,2026,05,07,23,0,N,2026-05-07 23:00:00,3,False
28,079,18,10,PM10,28079018_10_47,Farolillo,2026,05,07,0,20,V,2026-05-07 00:00:00,3,False
28,079,18,12,NOx,28079018_12_8,Farolillo,2026,05,07,0,45,V,2026-05-07 00:00:00,3,False
28,079,18,14,O3,28079018_14_6,Farolillo,2026,05,07,0,39,V,2026-05-07 00:00:00,3,False
28,079,18,7,NO,28079018_7_8,Farolillo,2026,05,07,0,2,V,2026-05-07 00:00:00,3,False
28,079,18,8,NO2,28079018_8_8,Farolillo,2026,05,07,0,42,V,2026-05-07 00:00:00,3,False
28,079,18,10,PM10,28079018_10_47,Farolillo,2026,05,07,1,14,V,2026-05-07 01:00:00,3,False
28,079,18,12,NOx,28079018_12_8,Farolillo,2026,05,07,1,25,V,2026-05-07 01:00:00,3,False
28,079,18,14,O3,28079018_14_6,Farolillo,2026,05,07,1,56,V,2026-05-07 01:00:00,3,False
28,079,18,7,NO,28079018_7_8,Farolillo,2026,05,07,1,1,V,2026-05-07 01:00:00,3,False
28,079,18,8,NO2,28079018_8_8,Farolillo,2026,05,07,1,24,V,2026-05-07 01:00:00,3,False
28,079,18,10,PM10,28079018_10_47,Farolillo,2026,05,07,2,11,V,2026-05-07 02:00:00,3,False
28,079,18,12,NOx,28079018_12_8,Farolillo,2026,05,07,2,13,V,2026-05-07 02:00:00,3,False
28,079,18,14,O3,28079018_14_6,Farolillo,2026,05,07,2,65,V,2026-05-07 02:00:00,3,False
28,079,18,7,NO,28079018_7_8,Farolillo,2026,05,07,2,0,V,2026-05-07 02:00:00,3,False
28,079,18,8,NO2,28079018_8_8,Farolillo,2026,05,07,2,12,V,2026-05-07 02:00:00,3,False
28,079,18,10,PM10,28079018_10_47,Farolillo,2026,05,07,3,9,V,2026-05-07 03:00:00,3,False
28,079,18,12,NOx,28079018_12_8,Farolillo,2026,05,07,3,10,V,2026-05-07 03:00:00,3,False
28,079,18,14,O3,28079018_14_6,Farolillo,2026,05,07,3,65,V,2026-05-07 03:00:00,3,False
28,079,18,7,NO,28079018_7_8,Farolillo,2026,05,07,3,0,V,2026-05-07 03:00:00,3,False
28,079,18,8,NO2,28079018_8_8,Farolillo,2026,05,07,3,10,V,2026-05-07 03:00:00,3,False
28,079,18,10,PM10,28079018_10_47,Farolillo,2026,05,07,4,7,V,2026-05-07 04:00:00,3,False
28,079,18,12,NOx,28079018_12_8,Farolillo,2026,05,07,4,8,V,2026-05-07 04:00:00,3,False
28,079,18,14,O3,28079018_14_6,Farolillo,2026,05,07,4,67,V,2026-05-07 04:00:00,3,False
28,079,18,7,NO,28079018_7_8,Farolillo,2026,05,07,4,0,V,2026-05-07 04:00:00,3,False
28,079,18,8,NO2,28079018_8_8,Farolillo,2026,05,07,4,8,V,2026-05-07 04:00:00,3,False
28,079,18,10,PM10,28079018_10_47,Farolillo,2026,05,07,5,8,V,2026-05-07 05:00:00,3,False
28,079,18,12,NOx,28079018_12_8,Farolillo,2026,05,07,5,8,V,2026-05-07 05:00:00,3,False
28,079,18,14,O3,28079018_14_6,Farolillo,2026,05,07,5,67,V,2026-05-07 05:00:00,3,False
28,079,18,7,NO,28079018_7_8,Farolillo,2026,05,07,5,0,V,2026-05-07 05:00:00,3,False
28,079,18,8,NO2,28079018_8_8,Farolillo,2026,05,07,5,8,V,2026-05-07 05:00:00,3,False
28,079,18,10,PM10,28079018_10_47,Farolillo,2026,05,07,6,11,V,2026-05-07 06:00:00,3,False
28,079,18,12,NOx,28079018_12_8,Farolillo,2026,05,07,6,12,V,2026-05-07 06:00:00,3,False
28,079,18,14,O3,28079018_14_6,Farolillo,2026,05,07,6,64,V,2026-05-07 06:00:00,3,False
28,079,18,7,NO,28079018_7_8,Farolillo,2026,05,07,6,0,V,2026-05-07 06:00:00,3,False
28,079,18,8,NO2,28079018_8_8,Farolillo,2026,05,07,6,11,V,2026-05-07 06:00:00,3,False
28,079,18,10,PM10,28079018_10_47,Farolillo,2026,05,07,7,11,V,2026-05-07 07:00:00,3,False
28,079,18,12,NOx,28079018_12_8,Farolillo,2026,05,07,7,26,V,2026-05-07 07:00:00,3,False
28,079,18,14,O3,28079018_14_6,Farolillo,2026,05,07,7,52,V,2026-05-07 07:00:00,3,False
28,079,18,7,NO,28079018_7_8,Farolillo,2026,05,07,7,2,V,2026-05-07 07:00:00,3,False
28,079,18,8,NO2,28079018_8_8,Farolillo,2026,05,07,7,24,V,2026-05-07 07:00:00,3,False
28,079,18,10,PM10,28079018_10_47,Farolillo,2026,05,07,8,12,V,2026-05-07 08:00:00,3,False
28,079,18,12,NOx,28079018_12_8,Farolillo,2026,05,07,8,38,V,2026-05-07 08:00:00,3,False
28,079,18,14,O3,28079018_14_6,Farolillo,2026,05,07,8,51,V,2026-05-07 08:00:00,3,False
28,079,18,7,NO,28079018_7_8,Farolillo,2026,05,07,8,4,V,2026-05-07 08:00:00,3,False
28,079,18,8,NO2,28079018_8_8,Farolillo,2026,05,07,8,32,V,2026-05-07 08:00:00,3,False
28,079,18,10,PM10,28079018_10_47,Farolillo,2026,05,07,9,36,V,2026-05-07 09:00:00,3,False
28,079,18,12,NOx,28079018_12_8,Farolillo,2026,05,07,9,35,V,2026-05-07 09:00:00,3,False
28,079,18,14,O3,28079018_14_6,Farolillo,2026,05,07,9,57,V,2026-05-07 09:00:00,3,False
28,079,18,7,NO,28079018_7_8,Farolillo,2026,05,07,9,4,V,2026-05-07 09:00:00,3,False
28,079,18,8,NO2,28079018_8_8,Farolillo,2026,05,07,9,29,V,2026-05-07 09:00:00,3,False
28,079,18,10,PM10,28079018_10_47,Farolillo,2026,05,07,10,39,V,2026-05-07 10:00:00,3,False
28,079,18,12,NOx,28079018_12_8,Farolillo,2026,05,07,10,16,V,2026-05-07 10:00:00,3,False
28,079,18,14,O3,28079018_14_6,Farolillo,2026,05,07,10,81,V,2026-05-07 10:00:00,3,False
28,079,18,7,NO,28079018_7_8,Farolillo,2026,05,07,10,3,V,2026-05-07 10:00:00,3,False
28,079,18,8,NO2,28079018_8_8,Farolillo,2026,05,07,10,12,V,2026-05-07 10:00:00,3,False
28,079,18,10,PM10,28079018_10_47,Farolillo,2026,05,07,11,14,V,2026-05-07 11:00:00,3,False
28,079,18,12,NOx,28079018_12_8,Farolillo,2026,05,07,11,18,V,2026-05-07 11:00:00,3,False
28,079,18,14,O3,28079018_14_6,Farolillo,2026,05,07,11,79,V,2026-05-07 11:00:00,3,False
28,079,18,7,NO,28079018_7_8,Farolillo,2026,05,07,11,3,V,2026-05-07 11:00:00,3,False
28,079,18,8,NO2,28079018_8_8,Farolillo,2026,05,07,11,14,V,2026-05-07 11:00:00,3,False
28,079,18,10,PM10,28079018_10_47,Farolillo,2026,05,07,12,18,V,2026-05-07 12:00:00,3,False
28,079,18,12,NOx,28079018_12_8,Farolillo,2026,05,07,12,17,V,2026-05-07 12:00:00,3,False
28,079,18,14,O3,28079018_14_6,Farolillo,2026,05,07,12,84,V,2026-05-07 12:00:00,3,False
28,079,18,7,NO,28079018_7_8,Farolillo,2026,05,07,12,3,V,2026-05-07 12:00:00,3,False
28,079,18,8,NO2,28079018_8_8,Farolillo,2026,05,07,12,12,V,2026-05-07 12:00:00,3,False
28,079,18,10,PM10,28079018_10_47,Farolillo,2026,05,07,13,0,N,2026-05-07 13:00:00,3,False
28,079,18,12,NOx,28079018_12_8,Farolillo,2026,05,07,13,0,N,2026-05-07 13:00:00,3,False
28,079,18,14,O3,28079018_14_6,Farolillo,2026,05,07,13,0,N,2026-05-07 13:00:00,3,False
28,079,18,7,NO,28079018_7_8,Farolillo,2026,05,07,13,0,N,2026-05-07 13:00:00,3,False
28,079,18,8,NO2,28079018_8_8,Farolillo,2026,05,07,13,0,N,2026-05-07 13:00:00,3,False
28,079,18,10,PM10,28079018_10_47,Farolillo,2026,05,07,14,0,N,2026-05-07 14:00:00,3,False
28,079,18,12,NOx,28079018_12_8,Farolillo,2026,05,07,14,0,N,2026-05-07 14:00:00,3,False
28,079,18,14,O3,28079018_14_6,Farolillo,2026,05,07,14,0,N,2026-05-07 14:00:00,3,False
28,079,18,7,NO,28079018_7_8,Farolillo,2026,05,07,14,0,N,2026-05-07 14:00:00,3,False
28,079,18,8,NO2,28079018_8_8,Farolillo,2026,05,07,14,0,N,2026-05-07 14:00:00,3,False
28,079,18,10,PM10,28079018_10_47,Farolillo,2026,05,07,15,0,N,2026-05-07 15:00:00,3,False
28,079,18,12,NOx,28079018_12_8,Farolillo,2026,05,07,15,0,N,2026-05-07 15:00:00,3,False
28,079,18,14,O3,28079018_14_6,Farolillo,2026,05,07,15,0,N,2026-05-07 15:00:00,3,False
28,079,18,7,NO,28079018_7_8,Farolillo,2026,05,07,15,0,N,2026-05-07 15:00:00,3,False
28,079,18,8,NO2,28079018_8_8,Farolillo,2026,05,07,15,0,N,2026-05-07 15:00:00,3,False
28,079,18,10,PM10,28079018_10_47,Farolillo,2026,05,07,16,0,N,2026-05-07 16:00:00,3,False
28,079,18,12,NOx,28079018_12_8,Farolillo,2026,05,07,16,0,N,2026-05-07 16:00:00,3,False
28,079,18,14,O3,28079018_14_6,Farolillo,2026,05,07,16,0,N,2026-05-07 16:00:00,3,False
28,079,18,7,NO,28079018_7_8,Farolillo,2026,05,07,16,0,N,2026-05-07 16:00:00,3,False
28,079,18,8,NO2,28079018_8_8,Farolillo,2026,05,07,16,0,N,2026-05-07 16:00:00,3,False
28,079,18,10,PM10,28079018_10_47,Farolillo,2026,05,07,17,0,N,2026-05-07 17:00:00,3,False
28,079,18,12,NOx,28079018_12_8,Farolillo,2026,05,07,17,0,N,2026-05-07 17:00:00,3,False
28,079,18,14,O3,28079018_14_6,Farolillo,2026,05,07,17,0,N,2026-05-07 17:00:00,3,False
28,079,18,7,NO,28079018_7_8,Farolillo,2026,05,07,17,0,N,2026-05-07 17:00:00,3,False
28,079,18,8,NO2,28079018_8_8,Farolillo,2026,05,07,17,0,N,2026-05-07 17:00:00,3,False
28,079,18,10,PM10,28079018_10_47,Farolillo,2026,05,07,18,0,N,2026-05-07 18:00:00,3,False
28,079,18,12,NOx,28079018_12_8,Farolillo,2026,05,07,18,0,N,2026-05-07 18:00:00,3,False
28,079,18,14,O3,28079018_14_6,Farolillo,2026,05,07,18,0,N,2026-05-07 18:00:00,3,False
28,079,18,7,NO,28079018_7_8,Farolillo,2026,05,07,18,0,N,2026-05-07 18:00:00,3,False
28,079,18,8,NO2,28079018_8_8,Farolillo,2026,05,07,18,0,N,2026-05-07 18:00:00,3,False
28,079,18,10,PM10,28079018_10_47,Farolillo,2026,05,07,19,0,N,2026-05-07 19:00:00,3,False
28,079,18,12,NOx,28079018_12_8,Farolillo,2026,05,07,19,0,N,2026-05-07 19:00:00,3,False
28,079,18,14,O3,28079018_14_6,Farolillo,2026,05,07,19,0,N,2026-05-07 19:00:00,3,False
28,079,18,7,NO,28079018_7_8,Farolillo,2026,05,07,19,0,N,2026-05-07 19:00:00,3,False
28,079,18,8,NO2,28079018_8_8,Farolillo,2026,05,07,19,0,N,2026-05-07 19:00:00,3,False
28,079,18,10,PM10,28079018_10_47,Farolillo,2026,05,07,20,0,N,2026-05-07 20:00:00,3,False
28,079,18,12,NOx,28079018_12_8,Farolillo,2026,05,07,20,0,N,2026-05-07 20:00:00,3,False
28,079,18,14,O3,28079018_14_6,Farolillo,2026,05,07,20,0,N,2026-05-07 20:00:00,3,False
28,079,18,7,NO,28079018_7_8,Farolillo,2026,05,07,20,0,N,2026-05-07 20:00:00,3,False
28,079,18,8,NO2,28079018_8_8,Farolillo,2026,05,07,20,0,N,2026-05-07 20:00:00,3,False
28,079,18,10,PM10,28079018_10_47,Farolillo,2026,05,07,21,0,N,2026-05-07 21:00:00,3,False
28,079,18,12,NOx,28079018_12_8,Farolillo,2026,05,07,21,0,N,2026-05-07 21:00:00,3,False
28,079,18,14,O3,28079018_14_6,Farolillo,2026,05,07,21,0,N,2026-05-07 21:00:00,3,False
28,079,18,7,NO,28079018_7_8,Farolillo,2026,05,07,21,0,N,2026-05-07 21:00:00,3,False
28,079,18,8,NO2,28079018_8_8,Farolillo,2026,05,07,21,0,N,2026-05-07 21:00:00,3,False
28,079,18,10,PM10,28079018_10_47,Farolillo,2026,05,07,22,0,N,2026-05-07 22:00:00,3,False
28,079,18,12,NOx,28079018_12_8,Farolillo,2026,05,07,22,0,N,2026-05-07 22:00:00,3,False
28,079,18,14,O3,28079018_14_6,Farolillo,2026,05,07,22,0,N,2026-05-07 22:00:00,3,False
28,079,18,7,NO,28079018_7_8,Farolillo,2026,05,07,22,0,N,2026-05-07 22:00:00,3,False
28,079,18,8,NO2,28079018_8_8,Farolillo,2026,05,07,22,0,N,2026-05-07 22:00:00,3,False
28,079,18,10,PM10,28079018_10_47,Farolillo,2026,05,07,23,0,N,2026-05-07 23:00:00,3,False
28,079,18,12,NOx,28079018_12_8,Farolillo,2026,05,07,23,0,N,2026-05-07 23:00:00,3,False
28,079,18,14,O3,28079018_14_6,Farolillo,2026,05,07,23,0,N,2026-05-07 23:00:00,3,False
28,079,18,7,NO,28079018_7_8,Farolillo,2026,05,07,23,0,N,2026-05-07 23:00:00,3,False
28,079,18,8,NO2,28079018_8_8,Farolillo,2026,05,07,23,0,N,2026-05-07 23:00:00,3,False
28,079,59,12,NOx,28079059_12_8,Juan Carlos I,2026,05,07,0,25,V,2026-05-07 00:00:00,3,False
28,079,59,14,O3,28079059_14_6,Juan Carlos I,2026,05,07,0,63,V,2026-05-07 00:00:00,3,False
28,079,59,7,NO,28079059_7_8,Juan Carlos I,2026,05,07,0,1,V,2026-05-07 00:00:00,3,False
28,079,59,8,NO2,28079059_8_8,Juan Carlos I,2026,05,07,0,23,V,2026-05-07 00:00:00,3,False
28,079,59,12,NOx,28079059_12_8,Juan Carlos I,2026,05,07,1,9,V,2026-05-07 01:00:00,3,False
28,079,59,14,O3,28079059_14_6,Juan Carlos I,2026,05,07,1,70,V,2026-05-07 01:00:00,3,False
28,079,59,7,NO,28079059_7_8,Juan Carlos I,2026,05,07,1,1,V,2026-05-07 01:00:00,3,False
28,079,59,8,NO2,28079059_8_8,Juan Carlos I,2026,05,07,1,7,V,2026-05-07 01:00:00,3,False
28,079,59,12,NOx,28079059_12_8,Juan Carlos I,2026,05,07,2,9,V,2026-05-07 02:00:00,3,False
28,079,59,14,O3,28079059_14_6,Juan Carlos I,2026,05,07,2,65,V,2026-05-07 02:00:00,3,False
28,079,59,7,NO,28079059_7_8,Juan Carlos I,2026,05,07,2,1,V,2026-05-07 02:00:00,3,False
28,079,59,8,NO2,28079059_8_8,Juan Carlos I,2026,05,07,2,7,V,2026-05-07 02:00:00,3,False
28,079,59,12,NOx,28079059_12_8,Juan Carlos I,2026,05,07,3,8,V,2026-05-07 03:00:00,3,False
28,079,59,14,O3,28079059_14_6,Juan Carlos I,2026,05,07,3,65,V,2026-05-07 03:00:00,3,False
28,079,59,7,NO,28079059_7_8,Juan Carlos I,2026,05,07,3,1,V,2026-05-07 03:00:00,3,False
28,079,59,8,NO2,28079059_8_8,Juan Carlos I,2026,05,07,3,7,V,2026-05-07 03:00:00,3,False
28,079,59,12,NOx,28079059_12_8,Juan Carlos I,2026,05,07,4,6,V,2026-05-07 04:00:00,3,False
28,079,59,14,O3,28079059_14_6,Juan Carlos I,2026,05,07,4,70,V,2026-05-07 04:00:00,3,False
28,079,59,7,NO,28079059_7_8,Juan Carlos I,2026,05,07,4,1,V,2026-05-07 04:00:00,3,False
28,079,59,8,NO2,28079059_8_8,Juan Carlos I,2026,05,07,4,5,V,2026-05-07 04:00:00,3,False
28,079,59,12,NOx,28079059_12_8,Juan Carlos I,2026,05,07,5,6,V,2026-05-07 05:00:00,3,False
28,079,59,14,O3,28079059_14_6,Juan Carlos I,2026,05,07,5,69,V,2026-05-07 05:00:00,3,False
28,079,59,7,NO,28079059_7_8,Juan Carlos I,2026,05,07,5,1,V,2026-05-07 05:00:00,3,False
28,079,59,8,NO2,28079059_8_8,Juan Carlos I,2026,05,07,5,4,V,2026-05-07 05:00:00,3,False
28,079,59,12,NOx,28079059_12_8,Juan Carlos I,2026,05,07,6,13,V,2026-05-07 06:00:00,3,False
28,079,59,14,O3,28079059_14_6,Juan Carlos I,2026,05,07,6,59,V,2026-05-07 06:00:00,3,False
28,079,59,7,NO,28079059_7_8,Juan Carlos I,2026,05,07,6,1,V,2026-05-07 06:00:00,3,False
28,079,59,8,NO2,28079059_8_8,Juan Carlos I,2026,05,07,6,11,V,2026-05-07 06:00:00,3,False
28,079,59,12,NOx,28079059_12_8,Juan Carlos I,2026,05,07,7,25,V,2026-05-07 07:00:00,3,False
28,079,59,14,O3,28079059_14_6,Juan Carlos I,2026,05,07,7,50,V,2026-05-07 07:00:00,3,False
28,079,59,7,NO,28079059_7_8,Juan Carlos I,2026,05,07,7,1,V,2026-05-07 07:00:00,3,False
28,079,59,8,NO2,28079059_8_8,Juan Carlos I,2026,05,07,7,23,V,2026-05-07 07:00:00,3,False
28,079,59,12,NOx,28079059_12_8,Juan Carlos I,2026,05,07,8,35,V,2026-05-07 08:00:00,3,False
28,079,59,14,O3,28079059_14_6,Juan Carlos I,2026,05,07,8,50,V,2026-05-07 08:00:00,3,False
28,079,59,7,NO,28079059_7_8,Juan Carlos I,2026,05,07,8,3,V,2026-05-07 08:00:00,3,False
28,079,59,8,NO2,28079059_8_8,Juan Carlos I,2026,05,07,8,30,V,2026-05-07 08:00:00,3,False
28,079,59,12,NOx,28079059_12_8,Juan Carlos I,2026,05,07,9,17,V,2026-05-07 09:00:00,3,False
28,079,59,14,O3,28079059_14_6,Juan Carlos I,2026,05,07,9,68,V,2026-05-07 09:00:00,3,False
28,079,59,7,NO,28079059_7_8,Juan Carlos I,2026,05,07,9,2,V,2026-05-07 09:00:00,3,False
28,079,59,8,NO2,28079059_8_8,Juan Carlos I,2026,05,07,9,15,V,2026-05-07 09:00:00,3,False
28,079,59,12,NOx,28079059_12_8,Juan Carlos I,2026,05,07,10,12,V,2026-05-07 10:00:00,3,False
28,079,59,14,O3,28079059_14_6,Juan Carlos I,2026,05,07,10,83,V,2026-05-07 10:00:00,3,False
28,079,59,7,NO,28079059_7_8,Juan Carlos I,2026,05,07,10,2,V,2026-05-07 10:00:00,3,False
28,079,59,8,NO2,28079059_8_8,Juan Carlos I,2026,05,07,10,9,V,2026-05-07 10:00:00,3,False
28,079,59,12,NOx,28079059_12_8,Juan Carlos I,2026,05,07,11,12,V,2026-05-07 11:00:00,3,False
28,079,59,14,O3,28079059_14_6,Juan Carlos I,2026,05,07,11,89,V,2026-05-07 11:00:00,3,False
28,079,59,7,NO,28079059_7_8,Juan Carlos I,2026,05,07,11,3,V,2026-05-07 11:00:00,3,False
28,079,59,8,NO2,28079059_8_8,Juan Carlos I,2026,05,07,11,8,V,2026-05-07 11:00:00,3,False
28,079,59,12,NOx,28079059_12_8,Juan Carlos I,2026,05,07,12,12,V,2026-05-07 12:00:00,3,False
28,079,59,14,O3,28079059_14_6,Juan Carlos I,2026,05,07,12,91,V,2026-05-07 12:00:00,3,False
28,079,59,7,NO,28079059_7_8,Juan Carlos I,2026,05,07,12,3,V,2026-05-07 12:00:00,3,False
28,079,59,8,NO2,28079059_8_8,Juan Carlos I,2026,05,07,12,8,V,2026-05-07 12:00:00,3,False
28,079,59,12,NOx,28079059_12_8,Juan Carlos I,2026,05,07,13,0,N,2026-05-07 13:00:00,3,False
28,079,59,14,O3,28079059_14_6,Juan Carlos I,2026,05,07,13,0,N,2026-05-07 13:00:00,3,False
28,079,59,7,NO,28079059_7_8,Juan Carlos I,2026,05,07,13,0,N,2026-05-07 13:00:00,3,False
28,079,59,8,NO2,28079059_8_8,Juan Carlos I,2026,05,07,13,0,N,2026-05-07 13:00:00,3,False
28,079,59,12,NOx,28079059_12_8,Juan Carlos I,2026,05,07,14,0,N,2026-05-07 14:00:00,3,False
28,079,59,14,O3,28079059_14_6,Juan Carlos I,2026,05,07,14,0,N,2026-05-07 14:00:00,3,False
28,079,59,7,NO,28079059_7_8,Juan Carlos I,2026,05,07,14,0,N,2026-05-07 14:00:00,3,False
28,079,59,8,NO2,28079059_8_8,Juan Carlos I,2026,05,07,14,0,N,2026-05-07 14:00:00,3,False
28,079,59,12,NOx,28079059_12_8,Juan Carlos I,2026,05,07,15,0,N,2026-05-07 15:00:00,3,False
28,079,59,14,O3,28079059_14_6,Juan Carlos I,2026,05,07,15,0,N,2026-05-07 15:00:00,3,False
28,079,59,7,NO,28079059_7_8,Juan Carlos I,2026,05,07,15,0,N,2026-05-07 15:00:00,3,False
28,079,59,8,NO2,28079059_8_8,Juan Carlos I,2026,05,07,15,0,N,2026-05-07 15:00:00,3,False
28,079,59,12,NOx,28079059_12_8,Juan Carlos I,2026,05,07,16,0,N,2026-05-07 16:00:00,3,False
28,079,59,14,O3,28079059_14_6,Juan Carlos I,2026,05,07,16,0,N,2026-05-07 16:00:00,3,False
28,079,59,7,NO,28079059_7_8,Juan Carlos I,2026,05,07,16,0,N,2026-05-07 16:00:00,3,False
28,079,59,8,NO2,28079059_8_8,Juan Carlos I,2026,05,07,16,0,N,2026-05-07 16:00:00,3,False
28,079,59,12,NOx,28079059_12_8,Juan Carlos I,2026,05,07,17,0,N,2026-05-07 17:00:00,3,False
28,079,59,14,O3,28079059_14_6,Juan Carlos I,2026,05,07,17,0,N,2026-05-07 17:00:00,3,False
28,079,59,7,NO,28079059_7_8,Juan Carlos I,2026,05,07,17,0,N,2026-05-07 17:00:00,3,False
28,079,59,8,NO2,28079059_8_8,Juan Carlos I,2026,05,07,17,0,N,2026-05-07 17:00:00,3,False
28,079,59,12,NOx,28079059_12_8,Juan Carlos I,2026,05,07,18,0,N,2026-05-07 18:00:00,3,False
28,079,59,14,O3,28079059_14_6,Juan Carlos I,2026,05,07,18,0,N,2026-05-07 18:00:00,3,False
28,079,59,7,NO,28079059_7_8,Juan Carlos I,2026,05,07,18,0,N,2026-05-07 18:00:00,3,False
28,079,59,8,NO2,28079059_8_8,Juan Carlos I,2026,05,07,18,0,N,2026-05-07 18:00:00,3,False
28,079,59,12,NOx,28079059_12_8,Juan Carlos I,2026,05,07,19,0,N,2026-05-07 19:00:00,3,False
28,079,59,14,O3,28079059_14_6,Juan Carlos I,2026,05,07,19,0,N,2026-05-07 19:00:00,3,False
28,079,59,7,NO,28079059_7_8,Juan Carlos I,2026,05,07,19,0,N,2026-05-07 19:00:00,3,False
28,079,59,8,NO2,28079059_8_8,Juan Carlos I,2026,05,07,19,0,N,2026-05-07 19:00:00,3,False
28,079,59,12,NOx,28079059_12_8,Juan Carlos I,2026,05,07,20,0,N,2026-05-07 20:00:00,3,False
28,079,59,14,O3,28079059_14_6,Juan Carlos I,2026,05,07,20,0,N,2026-05-07 20:00:00,3,False
28,079,59,7,NO,28079059_7_8,Juan Carlos I,2026,05,07,20,0,N,2026-05-07 20:00:00,3,False
28,079,59,8,NO2,28079059_8_8,Juan Carlos I,2026,05,07,20,0,N,2026-05-07 20:00:00,3,False
28,079,59,12,NOx,28079059_12_8,Juan Carlos I,2026,05,07,21,0,N,2026-05-07 21:00:00,3,False
28,079,59,14,O3,28079059_14_6,Juan Carlos I,2026,05,07,21,0,N,2026-05-07 21:00:00,3,False
28,079,59,7,NO,28079059_7_8,Juan Carlos I,2026,05,07,21,0,N,2026-05-07 21:00:00,3,False
28,079,59,8,NO2,28079059_8_8,Juan Carlos I,2026,05,07,21,0,N,2026-05-07 21:00:00,3,False
28,079,59,12,NOx,28079059_12_8,Juan Carlos I,2026,05,07,22,0,N,2026-05-07 22:00:00,3,False
28,079,59,14,O3,28079059_14_6,Juan Carlos I,2026,05,07,22,0,N,2026-05-07 22:00:00,3,False
28,079,59,7,NO,28079059_7_8,Juan Carlos I,2026,05,07,22,0,N,2026-05-07 22:00:00,3,False
28,079,59,8,NO2,28079059_8_8,Juan Carlos I,2026,05,07,22,0,N,2026-05-07 22:00:00,3,False
28,079,59,12,NOx,28079059_12_8,Juan Carlos I,2026,05,07,23,0,N,2026-05-07 23:00:00,3,False
28,079,59,14,O3,28079059_14_6,Juan Carlos I,2026,05,07,23,0,N,2026-05-07 23:00:00,3,False
28,079,59,7,NO,28079059_7_8,Juan Carlos I,2026,05,07,23,0,N,2026-05-07 23:00:00,3,False
28,079,59,8,NO2,28079059_8_8,Juan Carlos I,2026,05,07,23,0,N,2026-05-07 23:00:00,3,False
28,079,36,10,PM10,28079036_10_47,Moratalaz,2026,05,07,0,8,V,2026-05-07 00:00:00,3,False
28,079,36,12,NOx,28079036_12_8,Moratalaz,2026,05,07,0,37,V,2026-05-07 00:00:00,3,False
28,079,36,7,NO,28079036_7_8,Moratalaz,2026,05,07,0,1,V,2026-05-07 00:00:00,3,False
28,079,36,8,NO2,28079036_8_8,Moratalaz,2026,05,07,0,35,V,2026-05-07 00:00:00,3,False
28,079,36,10,PM10,28079036_10_47,Moratalaz,2026,05,07,1,6,V,2026-05-07 01:00:00,3,False
28,079,36,12,NOx,28079036_12_8,Moratalaz,2026,05,07,1,18,V,2026-05-07 01:00:00,3,False
28,079,36,7,NO,28079036_7_8,Moratalaz,2026,05,07,1,1,V,2026-05-07 01:00:00,3,False
28,079,36,8,NO2,28079036_8_8,Moratalaz,2026,05,07,1,17,V,2026-05-07 01:00:00,3,False
28,079,36,10,PM10,28079036_10_47,Moratalaz,2026,05,07,2,6,V,2026-05-07 02:00:00,3,False
28,079,36,12,NOx,28079036_12_8,Moratalaz,2026,05,07,2,9,V,2026-05-07 02:00:00,3,False
28,079,36,7,NO,28079036_7_8,Moratalaz,2026,05,07,2,1,V,2026-05-07 02:00:00,3,False
28,079,36,8,NO2,28079036_8_8,Moratalaz,2026,05,07,2,8,V,2026-05-07 02:00:00,3,False
28,079,36,10,PM10,28079036_10_47,Moratalaz,2026,05,07,3,5,V,2026-05-07 03:00:00,3,False
28,079,36,12,NOx,28079036_12_8,Moratalaz,2026,05,07,3,10,V,2026-05-07 03:00:00,3,False
28,079,36,7,NO,28079036_7_8,Moratalaz,2026,05,07,3,1,V,2026-05-07 03:00:00,3,False
28,079,36,8,NO2,28079036_8_8,Moratalaz,2026,05,07,3,9,V,2026-05-07 03:00:00,3,False
28,079,36,10,PM10,28079036_10_47,Moratalaz,2026,05,07,4,5,V,2026-05-07 04:00:00,3,False
28,079,36,12,NOx,28079036_12_8,Moratalaz,2026,05,07,4,8,V,2026-05-07 04:00:00,3,False
28,079,36,7,NO,28079036_7_8,Moratalaz,2026,05,07,4,1,V,2026-05-07 04:00:00,3,False
28,079,36,8,NO2,28079036_8_8,Moratalaz,2026,05,07,4,7,V,2026-05-07 04:00:00,3,False
28,079,36,10,PM10,28079036_10_47,Moratalaz,2026,05,07,5,5,V,2026-05-07 05:00:00,3,False
28,079,36,12,NOx,28079036_12_8,Moratalaz,2026,05,07,5,6,V,2026-05-07 05:00:00,3,False
28,079,36,7,NO,28079036_7_8,Moratalaz,2026,05,07,5,1,V,2026-05-07 05:00:00,3,False
28,079,36,8,NO2,28079036_8_8,Moratalaz,2026,05,07,5,5,V,2026-05-07 05:00:00,3,False
28,079,36,10,PM10,28079036_10_47,Moratalaz,2026,05,07,6,6,V,2026-05-07 06:00:00,3,False
28,079,36,12,NOx,28079036_12_8,Moratalaz,2026,05,07,6,15,V,2026-05-07 06:00:00,3,False
28,079,36,7,NO,28079036_7_8,Moratalaz,2026,05,07,6,0,V,2026-05-07 06:00:00,3,False
28,079,36,8,NO2,28079036_8_8,Moratalaz,2026,05,07,6,14,V,2026-05-07 06:00:00,3,False
28,079,36,10,PM10,28079036_10_47,Moratalaz,2026,05,07,7,8,V,2026-05-07 07:00:00,3,False
28,079,36,12,NOx,28079036_12_8,Moratalaz,2026,05,07,7,27,V,2026-05-07 07:00:00,3,False
28,079,36,7,NO,28079036_7_8,Moratalaz,2026,05,07,7,1,V,2026-05-07 07:00:00,3,False
28,079,36,8,NO2,28079036_8_8,Moratalaz,2026,05,07,7,26,V,2026-05-07 07:00:00,3,False
28,079,36,10,PM10,28079036_10_47,Moratalaz,2026,05,07,8,12,V,2026-05-07 08:00:00,3,False
28,079,36,12,NOx,28079036_12_8,Moratalaz,2026,05,07,8,34,V,2026-05-07 08:00:00,3,False
28,079,36,7,NO,28079036_7_8,Moratalaz,2026,05,07,8,3,V,2026-05-07 08:00:00,3,False
28,079,36,8,NO2,28079036_8_8,Moratalaz,2026,05,07,8,30,V,2026-05-07 08:00:00,3,False
28,079,36,10,PM10,28079036_10_47,Moratalaz,2026,05,07,9,15,V,2026-05-07 09:00:00,3,False
28,079,36,12,NOx,28079036_12_8,Moratalaz,2026,05,07,9,35,V,2026-05-07 09:00:00,3,False
28,079,36,7,NO,28079036_7_8,Moratalaz,2026,05,07,9,4,V,2026-05-07 09:00:00,3,False
28,079,36,8,NO2,28079036_8_8,Moratalaz,2026,05,07,9,28,V,2026-05-07 09:00:00,3,False
28,079,36,10,PM10,28079036_10_47,Moratalaz,2026,05,07,10,17,V,2026-05-07 10:00:00,3,False
28,079,36,12,NOx,28079036_12_8,Moratalaz,2026,05,07,10,20,V,2026-05-07 10:00:00,3,False
28,079,36,7,NO,28079036_7_8,Moratalaz,2026,05,07,10,2,V,2026-05-07 10:00:00,3,False
28,079,36,8,NO2,28079036_8_8,Moratalaz,2026,05,07,10,17,V,2026-05-07 10:00:00,3,False
28,079,36,10,PM10,28079036_10_47,Moratalaz,2026,05,07,11,20,V,2026-05-07 11:00:00,3,False
28,079,36,12,NOx,28079036_12_8,Moratalaz,2026,05,07,11,24,V,2026-05-07 11:00:00,3,False
28,079,36,7,NO,28079036_7_8,Moratalaz,2026,05,07,11,4,V,2026-05-07 11:00:00,3,False
28,079,36,8,NO2,28079036_8_8,Moratalaz,2026,05,07,11,18,V,2026-05-07 11:00:00,3,False
28,079,36,10,PM10,28079036_10_47,Moratalaz,2026,05,07,12,22,V,2026-05-07 12:00:00,3,False
28,079,36,12,NOx,28079036_12_8,Moratalaz,2026,05,07,12,20,V,2026-05-07 12:00:00,3,False
28,079,36,7,NO,28079036_7_8,Moratalaz,2026,05,07,12,3,V,2026-05-07 12:00:00,3,False
28,079,36,8,NO2,28079036_8_8,Moratalaz,2026,05,07,12,16,V,2026-05-07 12:00:00,3,False
28,079,36,10,PM10,28079036_10_47,Moratalaz,2026,05,07,13,0,N,2026-05-07 13:00:00,3,False
28,079,36,12,NOx,28079036_12_8,Moratalaz,2026,05,07,13,0,N,2026-05-07 13:00:00,3,False
28,079,36,7,NO,28079036_7_8,Moratalaz,2026,05,07,13,0,N,2026-05-07 13:00:00,3,False
28,079,36,8,NO2,28079036_8_8,Moratalaz,2026,05,07,13,0,N,2026-05-07 13:00:00,3,False
28,079,36,10,PM10,28079036_10_47,Moratalaz,2026,05,07,14,0,N,2026-05-07 14:00:00,3,False
28,079,36,12,NOx,28079036_12_8,Moratalaz,2026,05,07,14,0,N,2026-05-07 14:00:00,3,False
28,079,36,7,NO,28079036_7_8,Moratalaz,2026,05,07,14,0,N,2026-05-07 14:00:00,3,False
28,079,36,8,NO2,28079036_8_8,Moratalaz,2026,05,07,14,0,N,2026-05-07 14:00:00,3,False
28,079,36,10,PM10,28079036_10_47,Moratalaz,2026,05,07,15,0,N,2026-05-07 15:00:00,3,False
28,079,36,12,NOx,28079036_12_8,Moratalaz,2026,05,07,15,0,N,2026-05-07 15:00:00,3,False
28,079,36,7,NO,28079036_7_8,Moratalaz,2026,05,07,15,0,N,2026-05-07 15:00:00,3,False
28,079,36,8,NO2,28079036_8_8,Moratalaz,2026,05,07,15,0,N,2026-05-07 15:00:00,3,False
28,079,36,10,PM10,28079036_10_47,Moratalaz,2026,05,07,16,0,N,2026-05-07 16:00:00,3,False
28,079,36,12,NOx,28079036_12_8,Moratalaz,2026,05,07,16,0,N,2026-05-07 16:00:00,3,False
28,079,36,7,NO,28079036_7_8,Moratalaz,2026,05,07,16,0,N,2026-05-07 16:00:00,3,False
28,079,36,8,NO2,28079036_8_8,Moratalaz,2026,05,07,16,0,N,2026-05-07 16:00:00,3,False
28,079,36,10,PM10,28079036_10_47,Moratalaz,2026,05,07,17,0,N,2026-05-07 17:00:00,3,False
28,079,36,12,NOx,28079036_12_8,Moratalaz,2026,05,07,17,0,N,2026-05-07 17:00:00,3,False
28,079,36,7,NO,28079036_7_8,Moratalaz,2026,05,07,17,0,N,2026-05-07 17:00:00,3,False
28,079,36,8,NO2,28079036_8_8,Moratalaz,2026,05,07,17,0,N,2026-05-07 17:00:00,3,False
28,079,36,10,PM10,28079036_10_47,Moratalaz,2026,05,07,18,0,N,2026-05-07 18:00:00,3,False
28,079,36,12,NOx,28079036_12_8,Moratalaz,2026,05,07,18,0,N,2026-05-07 18:00:00,3,False
28,079,36,7,NO,28079036_7_8,Moratalaz,2026,05,07,18,0,N,2026-05-07 18:00:00,3,False
28,079,36,8,NO2,28079036_8_8,Moratalaz,2026,05,07,18,0,N,2026-05-07 18:00:00,3,False
28,079,36,10,PM10,28079036_10_47,Moratalaz,2026,05,07,19,0,N,2026-05-07 19:00:00,3,False
28,079,36,12,NOx,28079036_12_8,Moratalaz,2026,05,07,19,0,N,2026-05-07 19:00:00,3,False
28,079,36,7,NO,28079036_7_8,Moratalaz,2026,05,07,19,0,N,2026-05-07 19:00:00,3,False
28,079,36,8,NO2,28079036_8_8,Moratalaz,2026,05,07,19,0,N,2026-05-07 19:00:00,3,False
28,079,36,10,PM10,28079036_10_47,Moratalaz,2026,05,07,20,0,N,2026-05-07 20:00:00,3,False
28,079,36,12,NOx,28079036_12_8,Moratalaz,2026,05,07,20,0,N,2026-05-07 20:00:00,3,False
28,079,36,7,NO,28079036_7_8,Moratalaz,2026,05,07,20,0,N,2026-05-07 20:00:00,3,False
28,079,36,8,NO2,28079036_8_8,Moratalaz,2026,05,07,20,0,N,2026-05-07 20:00:00,3,False
28,079,36,10,PM10,28079036_10_47,Moratalaz,2026,05,07,21,0,N,2026-05-07 21:00:00,3,False
28,079,36,12,NOx,28079036_12_8,Moratalaz,2026,05,07,21,0,N,2026-05-07 21:00:00,3,False
28,079,36,7,NO,28079036_7_8,Moratalaz,2026,05,07,21,0,N,2026-05-07 21:00:00,3,False
28,079,36,8,NO2,28079036_8_8,Moratalaz,2026,05,07,21,0,N,2026-05-07 21:00:00,3,False
28,079,36,10,PM10,28079036_10_47,Moratalaz,2026,05,07,22,0,N,2026-05-07 22:00:00,3,False
28,079,36,12,NOx,28079036_12_8,Moratalaz,2026,05,07,22,0,N,2026-05-07 22:00:00,3,False
28,079,36,7,NO,28079036_7_8,Moratalaz,2026,05,07,22,0,N,2026-05-07 22:00:00,3,False
28,079,36,8,NO2,28079036_8_8,Moratalaz,2026,05,07,22,0,N,2026-05-07 22:00:00,3,False
28,079,36,10,PM10,28079036_10_47,Moratalaz,2026,05,07,23,0,N,2026-05-07 23:00:00,3,False
28,079,36,12,NOx,28079036_12_8,Moratalaz,2026,05,07,23,0,N,2026-05-07 23:00:00,3,False
28,079,36,7,NO,28079036_7_8,Moratalaz,2026,05,07,23,0,N,2026-05-07 23:00:00,3,False
28,079,36,8,NO2,28079036_8_8,Moratalaz,2026,05,07,23,0,N,2026-05-07 23:00:00,3,False
28,079,47,10,PM10,28079047_10_47,Méndez Álvaro,2026,05,07,0,20,V,2026-05-07 00:00:00,3,False
28,079,47,12,NOx,28079047_12_8,Méndez Álvaro,2026,05,07,0,68,V,2026-05-07 00:00:00,3,False
28,079,47,7,NO,28079047_7_8,Méndez Álvaro,2026,05,07,0,1,V,2026-05-07 00:00:00,3,False
28,079,47,8,NO2,28079047_8_8,Méndez Álvaro,2026,05,07,0,67,V,2026-05-07 00:00:00,3,False
28,079,47,9,PM2.5,28079047_9_47,Méndez Álvaro,2026,05,07,0,9,V,2026-05-07 00:00:00,3,False
28,079,47,10,PM10,28079047_10_47,Méndez Álvaro,2026,05,07,1,19,V,2026-05-07 01:00:00,3,False
28,079,47,12,NOx,28079047_12_8,Méndez Álvaro,2026,05,07,1,24,V,2026-05-07 01:00:00,3,False
28,079,47,7,NO,28079047_7_8,Méndez Álvaro,2026,05,07,1,0,V,2026-05-07 01:00:00,3,False
28,079,47,8,NO2,28079047_8_8,Méndez Álvaro,2026,05,07,1,23,V,2026-05-07 01:00:00,3,False
28,079,47,9,PM2.5,28079047_9_47,Méndez Álvaro,2026,05,07,1,9,V,2026-05-07 01:00:00,3,False
28,079,47,10,PM10,28079047_10_47,Méndez Álvaro,2026,05,07,2,7,V,2026-05-07 02:00:00,3,False
28,079,47,12,NOx,28079047_12_8,Méndez Álvaro,2026,05,07,2,9,V,2026-05-07 02:00:00,3,False
28,079,47,7,NO,28079047_7_8,Méndez Álvaro,2026,05,07,2,0,V,2026-05-07 02:00:00,3,False
28,079,47,8,NO2,28079047_8_8,Méndez Álvaro,2026,05,07,2,8,V,2026-05-07 02:00:00,3,False
28,079,47,9,PM2.5,28079047_9_47,Méndez Álvaro,2026,05,07,2,2,V,2026-05-07 02:00:00,3,False
28,079,47,10,PM10,28079047_10_47,Méndez Álvaro,2026,05,07,3,7,V,2026-05-07 03:00:00,3,False
28,079,47,12,NOx,28079047_12_8,Méndez Álvaro,2026,05,07,3,11,V,2026-05-07 03:00:00,3,False
28,079,47,7,NO,28079047_7_8,Méndez Álvaro,2026,05,07,3,0,V,2026-05-07 03:00:00,3,False
28,079,47,8,NO2,28079047_8_8,Méndez Álvaro,2026,05,07,3,11,V,2026-05-07 03:00:00,3,False
28,079,47,9,PM2.5,28079047_9_47,Méndez Álvaro,2026,05,07,3,4,V,2026-05-07 03:00:00,3,False
28,079,47,10,PM10,28079047_10_47,Méndez Álvaro,2026,05,07,4,7,V,2026-05-07 04:00:00,3,False
28,079,47,12,NOx,28079047_12_8,Méndez Álvaro,2026,05,07,4,8,V,2026-05-07 04:00:00,3,False
28,079,47,7,NO,28079047_7_8,Méndez Álvaro,2026,05,07,4,0,V,2026-05-07 04:00:00,3,False
28,079,47,8,NO2,28079047_8_8,Méndez Álvaro,2026,05,07,4,8,V,2026-05-07 04:00:00,3,False
28,079,47,9,PM2.5,28079047_9_47,Méndez Álvaro,2026,05,07,4,4,V,2026-05-07 04:00:00,3,False
28,079,47,10,PM10,28079047_10_47,Méndez Álvaro,2026,05,07,5,8,V,2026-05-07 05:00:00,3,False
28,079,47,12,NOx,28079047_12_8,Méndez Álvaro,2026,05,07,5,8,V,2026-05-07 05:00:00,3,False
28,079,47,7,NO,28079047_7_8,Méndez Álvaro,2026,05,07,5,0,V,2026-05-07 05:00:00,3,False
28,079,47,8,NO2,28079047_8_8,Méndez Álvaro,2026,05,07,5,7,V,2026-05-07 05:00:00,3,False
28,079,47,9,PM2.5,28079047_9_47,Méndez Álvaro,2026,05,07,5,3,V,2026-05-07 05:00:00,3,False
28,079,47,10,PM10,28079047_10_47,Méndez Álvaro,2026,05,07,6,8,V,2026-05-07 06:00:00,3,False
28,079,47,12,NOx,28079047_12_8,Méndez Álvaro,2026,05,07,6,15,V,2026-05-07 06:00:00,3,False
28,079,47,7,NO,28079047_7_8,Méndez Álvaro,2026,05,07,6,1,V,2026-05-07 06:00:00,3,False
28,079,47,8,NO2,28079047_8_8,Méndez Álvaro,2026,05,07,6,14,V,2026-05-07 06:00:00,3,False
28,079,47,9,PM2.5,28079047_9_47,Méndez Álvaro,2026,05,07,6,4,V,2026-05-07 06:00:00,3,False
28,079,47,10,PM10,28079047_10_47,Méndez Álvaro,2026,05,07,7,12,V,2026-05-07 07:00:00,3,False
28,079,47,12,NOx,28079047_12_8,Méndez Álvaro,2026,05,07,7,36,V,2026-05-07 07:00:00,3,False
28,079,47,7,NO,28079047_7_8,Méndez Álvaro,2026,05,07,7,2,V,2026-05-07 07:00:00,3,False
28,079,47,8,NO2,28079047_8_8,Méndez Álvaro,2026,05,07,7,33,V,2026-05-07 07:00:00,3,False
28,079,47,9,PM2.5,28079047_9_47,Méndez Álvaro,2026,05,07,7,7,V,2026-05-07 07:00:00,3,False
28,079,47,10,PM10,28079047_10_47,Méndez Álvaro,2026,05,07,8,18,V,2026-05-07 08:00:00,3,False
28,079,47,12,NOx,28079047_12_8,Méndez Álvaro,2026,05,07,8,50,V,2026-05-07 08:00:00,3,False
28,079,47,7,NO,28079047_7_8,Méndez Álvaro,2026,05,07,8,4,V,2026-05-07 08:00:00,3,False
28,079,47,8,NO2,28079047_8_8,Méndez Álvaro,2026,05,07,8,43,V,2026-05-07 08:00:00,3,False
28,079,47,9,PM2.5,28079047_9_47,Méndez Álvaro,2026,05,07,8,9,V,2026-05-07 08:00:00,3,False
28,079,47,10,PM10,28079047_10_47,Méndez Álvaro,2026,05,07,9,19,V,2026-05-07 09:00:00,3,False
28,079,47,12,NOx,28079047_12_8,Méndez Álvaro,2026,05,07,9,33,V,2026-05-07 09:00:00,3,False
28,079,47,7,NO,28079047_7_8,Méndez Álvaro,2026,05,07,9,3,V,2026-05-07 09:00:00,3,False
28,079,47,8,NO2,28079047_8_8,Méndez Álvaro,2026,05,07,9,29,V,2026-05-07 09:00:00,3,False
28,079,47,9,PM2.5,28079047_9_47,Méndez Álvaro,2026,05,07,9,9,V,2026-05-07 09:00:00,3,False
28,079,47,10,PM10,28079047_10_47,Méndez Álvaro,2026,05,07,10,16,V,2026-05-07 10:00:00,3,False
28,079,47,12,NOx,28079047_12_8,Méndez Álvaro,2026,05,07,10,18,V,2026-05-07 10:00:00,3,False
28,079,47,7,NO,28079047_7_8,Méndez Álvaro,2026,05,07,10,3,V,2026-05-07 10:00:00,3,False
28,079,47,8,NO2,28079047_8_8,Méndez Álvaro,2026,05,07,10,14,V,2026-05-07 10:00:00,3,False
28,079,47,9,PM2.5,28079047_9_47,Méndez Álvaro,2026,05,07,10,7,V,2026-05-07 10:00:00,3,False
28,079,47,10,PM10,28079047_10_47,Méndez Álvaro,2026,05,07,11,16,V,2026-05-07 11:00:00,3,False
28,079,47,12,NOx,28079047_12_8,Méndez Álvaro,2026,05,07,11,18,V,2026-05-07 11:00:00,3,False
28,079,47,7,NO,28079047_7_8,Méndez Álvaro,2026,05,07,11,3,V,2026-05-07 11:00:00,3,False
28,079,47,8,NO2,28079047_8_8,Méndez Álvaro,2026,05,07,11,14,V,2026-05-07 11:00:00,3,False
28,079,47,9,PM2.5,28079047_9_47,Méndez Álvaro,2026,05,07,11,8,V,2026-05-07 11:00:00,3,False
28,079,47,10,PM10,28079047_10_47,Méndez Álvaro,2026,05,07,12,17,V,2026-05-07 12:00:00,3,False
28,079,47,12,NOx,28079047_12_8,Méndez Álvaro,2026,05,07,12,13,V,2026-05-07 12:00:00,3,False
28,079,47,7,NO,28079047_7_8,Méndez Álvaro,2026,05,07,12,2,V,2026-05-07 12:00:00,3,False
28,079,47,8,NO2,28079047_8_8,Méndez Álvaro,2026,05,07,12,10,V,2026-05-07 12:00:00,3,False
28,079,47,9,PM2.5,28079047_9_47,Méndez Álvaro,2026,05,07,12,6,V,2026-05-07 12:00:00,3,False
28,079,47,10,PM10,28079047_10_47,Méndez Álvaro,2026,05,07,13,0,N,2026-05-07 13:00:00,3,False
28,079,47,12,NOx,28079047_12_8,Méndez Álvaro,2026,05,07,13,0,N,2026-05-07 13:00:00,3,False
28,079,47,7,NO,28079047_7_8,Méndez Álvaro,2026,05,07,13,0,N,2026-05-07 13:00:00,3,False
28,079,47,8,NO2,28079047_8_8,Méndez Álvaro,2026,05,07,13,0,N,2026-05-07 13:00:00,3,False
28,079,47,9,PM2.5,28079047_9_47,Méndez Álvaro,2026,05,07,13,0,N,2026-05-07 13:00:00,3,False
28,079,47,10,PM10,28079047_10_47,Méndez Álvaro,2026,05,07,14,0,N,2026-05-07 14:00:00,3,False
28,079,47,12,NOx,28079047_12_8,Méndez Álvaro,2026,05,07,14,0,N,2026-05-07 14:00:00,3,False
28,079,47,7,NO,28079047_7_8,Méndez Álvaro,2026,05,07,14,0,N,2026-05-07 14:00:00,3,False
28,079,47,8,NO2,28079047_8_8,Méndez Álvaro,2026,05,07,14,0,N,2026-05-07 14:00:00,3,False
28,079,47,9,PM2.5,28079047_9_47,Méndez Álvaro,2026,05,07,14,0,N,2026-05-07 14:00:00,3,False
28,079,47,10,PM10,28079047_10_47,Méndez Álvaro,2026,05,07,15,0,N,2026-05-07 15:00:00,3,False
28,079,47,12,NOx,28079047_12_8,Méndez Álvaro,2026,05,07,15,0,N,2026-05-07 15:00:00,3,False
28,079,47,7,NO,28079047_7_8,Méndez Álvaro,2026,05,07,15,0,N,2026-05-07 15:00:00,3,False
28,079,47,8,NO2,28079047_8_8,Méndez Álvaro,2026,05,07,15,0,N,2026-05-07 15:00:00,3,False
28,079,47,9,PM2.5,28079047_9_47,Méndez Álvaro,2026,05,07,15,0,N,2026-05-07 15:00:00,3,False
28,079,47,10,PM10,28079047_10_47,Méndez Álvaro,2026,05,07,16,0,N,2026-05-07 16:00:00,3,False
28,079,47,12,NOx,28079047_12_8,Méndez Álvaro,2026,05,07,16,0,N,2026-05-07 16:00:00,3,False
28,079,47,7,NO,28079047_7_8,Méndez Álvaro,2026,05,07,16,0,N,2026-05-07 16:00:00,3,False
28,079,47,8,NO2,28079047_8_8,Méndez Álvaro,2026,05,07,16,0,N,2026-05-07 16:00:00,3,False
28,079,47,9,PM2.5,28079047_9_47,Méndez Álvaro,2026,05,07,16,0,N,2026-05-07 16:00:00,3,False
28,079,47,10,PM10,28079047_10_47,Méndez Álvaro,2026,05,07,17,0,N,2026-05-07 17:00:00,3,False
28,079,47,12,NOx,28079047_12_8,Méndez Álvaro,2026,05,07,17,0,N,2026-05-07 17:00:00,3,False
28,079,47,7,NO,28079047_7_8,Méndez Álvaro,2026,05,07,17,0,N,2026-05-07 17:00:00,3,False
28,079,47,8,NO2,28079047_8_8,Méndez Álvaro,2026,05,07,17,0,N,2026-05-07 17:00:00,3,False
28,079,47,9,PM2.5,28079047_9_47,Méndez Álvaro,2026,05,07,17,0,N,2026-05-07 17:00:00,3,False
28,079,47,10,PM10,28079047_10_47,Méndez Álvaro,2026,05,07,18,0,N,2026-05-07 18:00:00,3,False
28,079,47,12,NOx,28079047_12_8,Méndez Álvaro,2026,05,07,18,0,N,2026-05-07 18:00:00,3,False
28,079,47,7,NO,28079047_7_8,Méndez Álvaro,2026,05,07,18,0,N,2026-05-07 18:00:00,3,False
28,079,47,8,NO2,28079047_8_8,Méndez Álvaro,2026,05,07,18,0,N,2026-05-07 18:00:00,3,False
28,079,47,9,PM2.5,28079047_9_47,Méndez Álvaro,2026,05,07,18,0,N,2026-05-07 18:00:00,3,False
28,079,47,10,PM10,28079047_10_47,Méndez Álvaro,2026,05,07,19,0,N,2026-05-07 19:00:00,3,False
28,079,47,12,NOx,28079047_12_8,Méndez Álvaro,2026,05,07,19,0,N,2026-05-07 19:00:00,3,False
28,079,47,7,NO,28079047_7_8,Méndez Álvaro,2026,05,07,19,0,N,2026-05-07 19:00:00,3,False
28,079,47,8,NO2,28079047_8_8,Méndez Álvaro,2026,05,07,19,0,N,2026-05-07 19:00:00,3,False
28,079,47,9,PM2.5,28079047_9_47,Méndez Álvaro,2026,05,07,19,0,N,2026-05-07 19:00:00,3,False
28,079,47,10,PM10,28079047_10_47,Méndez Álvaro,2026,05,07,20,0,N,2026-05-07 20:00:00,3,False
28,079,47,12,NOx,28079047_12_8,Méndez Álvaro,2026,05,07,20,0,N,2026-05-07 20:00:00,3,False
28,079,47,7,NO,28079047_7_8,Méndez Álvaro,2026,05,07,20,0,N,2026-05-07 20:00:00,3,False
28,079,47,8,NO2,28079047_8_8,Méndez Álvaro,2026,05,07,20,0,N,2026-05-07 20:00:00,3,False
28,079,47,9,PM2.5,28079047_9_47,Méndez Álvaro,2026,05,07,20,0,N,2026-05-07 20:00:00,3,False
28,079,47,10,PM10,28079047_10_47,Méndez Álvaro,2026,05,07,21,0,N,2026-05-07 21:00:00,3,False
28,079,47,12,NOx,28079047_12_8,Méndez Álvaro,2026,05,07,21,0,N,2026-05-07 21:00:00,3,False
28,079,47,7,NO,28079047_7_8,Méndez Álvaro,2026,05,07,21,0,N,2026-05-07 21:00:00,3,False
28,079,47,8,NO2,28079047_8_8,Méndez Álvaro,2026,05,07,21,0,N,2026-05-07 21:00:00,3,False
28,079,47,9,PM2.5,28079047_9_47,Méndez Álvaro,2026,05,07,21,0,N,2026-05-07 21:00:00,3,False
28,079,47,10,PM10,28079047_10_47,Méndez Álvaro,2026,05,07,22,0,N,2026-05-07 22:00:00,3,False
28,079,47,12,NOx,28079047_12_8,Méndez Álvaro,2026,05,07,22,0,N,2026-05-07 22:00:00,3,False
28,079,47,7,NO,28079047_7_8,Méndez Álvaro,2026,05,07,22,0,N,2026-05-07 22:00:00,3,False
28,079,47,8,NO2,28079047_8_8,Méndez Álvaro,2026,05,07,22,0,N,2026-05-07 22:00:00,3,False
28,079,47,9,PM2.5,28079047_9_47,Méndez Álvaro,2026,05,07,22,0,N,2026-05-07 22:00:00,3,False
28,079,47,10,PM10,28079047_10_47,Méndez Álvaro,2026,05,07,23,0,N,2026-05-07 23:00:00,3,False
28,079,47,12,NOx,28079047_12_8,Méndez Álvaro,2026,05,07,23,0,N,2026-05-07 23:00:00,3,False
28,079,47,7,NO,28079047_7_8,Méndez Álvaro,2026,05,07,23,0,N,2026-05-07 23:00:00,3,False
28,079,47,8,NO2,28079047_8_8,Méndez Álvaro,2026,05,07,23,0,N,2026-05-07 23:00:00,3,False
28,079,47,9,PM2.5,28079047_9_47,Méndez Álvaro,2026,05,07,23,0,N,2026-05-07 23:00:00,3,False
28,079,49,12,NOx,28079049_12_8,Parque del Retiro,2026,05,07,0,43,V,2026-05-07 00:00:00,3,False
28,079,49,14,O3,28079049_14_6,Parque del Retiro,2026,05,07,0,43,V,2026-05-07 00:00:00,3,False
28,079,49,7,NO,28079049_7_8,Parque del Retiro,2026,05,07,0,0,V,2026-05-07 00:00:00,3,False
28,079,49,8,NO2,28079049_8_8,Parque del Retiro,2026,05,07,0,42,V,2026-05-07 00:00:00,3,False
28,079,49,12,NOx,28079049_12_8,Parque del Retiro,2026,05,07,1,15,V,2026-05-07 01:00:00,3,False
28,079,49,14,O3,28079049_14_6,Parque del Retiro,2026,05,07,1,76,V,2026-05-07 01:00:00,3,False
28,079,49,7,NO,28079049_7_8,Parque del Retiro,2026,05,07,1,0,V,2026-05-07 01:00:00,3,False
28,079,49,8,NO2,28079049_8_8,Parque del Retiro,2026,05,07,1,15,V,2026-05-07 01:00:00,3,False
28,079,49,12,NOx,28079049_12_8,Parque del Retiro,2026,05,07,2,7,V,2026-05-07 02:00:00,3,False
28,079,49,14,O3,28079049_14_6,Parque del Retiro,2026,05,07,2,70,V,2026-05-07 02:00:00,3,False
28,079,49,7,NO,28079049_7_8,Parque del Retiro,2026,05,07,2,0,V,2026-05-07 02:00:00,3,False
28,079,49,8,NO2,28079049_8_8,Parque del Retiro,2026,05,07,2,7,V,2026-05-07 02:00:00,3,False
28,079,49,12,NOx,28079049_12_8,Parque del Retiro,2026,05,07,3,11,V,2026-05-07 03:00:00,3,False
28,079,49,14,O3,28079049_14_6,Parque del Retiro,2026,05,07,3,61,V,2026-05-07 03:00:00,3,False
28,079,49,7,NO,28079049_7_8,Parque del Retiro,2026,05,07,3,0,V,2026-05-07 03:00:00,3,False
28,079,49,8,NO2,28079049_8_8,Parque del Retiro,2026,05,07,3,11,V,2026-05-07 03:00:00,3,False
28,079,49,12,NOx,28079049_12_8,Parque del Retiro,2026,05,07,4,7,V,2026-05-07 04:00:00,3,False
28,079,49,14,O3,28079049_14_6,Parque del Retiro,2026,05,07,4,66,V,2026-05-07 04:00:00,3,False
28,079,49,7,NO,28079049_7_8,Parque del Retiro,2026,05,07,4,0,V,2026-05-07 04:00:00,3,False
28,079,49,8,NO2,28079049_8_8,Parque del Retiro,2026,05,07,4,6,V,2026-05-07 04:00:00,3,False
28,079,49,12,NOx,28079049_12_8,Parque del Retiro,2026,05,07,5,6,V,2026-05-07 05:00:00,3,False
28,079,49,14,O3,28079049_14_6,Parque del Retiro,2026,05,07,5,71,V,2026-05-07 05:00:00,3,False
28,079,49,7,NO,28079049_7_8,Parque del Retiro,2026,05,07,5,0,V,2026-05-07 05:00:00,3,False
28,079,49,8,NO2,28079049_8_8,Parque del Retiro,2026,05,07,5,6,V,2026-05-07 05:00:00,3,False
28,079,49,12,NOx,28079049_12_8,Parque del Retiro,2026,05,07,6,10,V,2026-05-07 06:00:00,3,False
28,079,49,14,O3,28079049_14_6,Parque del Retiro,2026,05,07,6,66,V,2026-05-07 06:00:00,3,False
28,079,49,7,NO,28079049_7_8,Parque del Retiro,2026,05,07,6,0,V,2026-05-07 06:00:00,3,False
28,079,49,8,NO2,28079049_8_8,Parque del Retiro,2026,05,07,6,10,V,2026-05-07 06:00:00,3,False
28,079,49,12,NOx,28079049_12_8,Parque del Retiro,2026,05,07,7,24,V,2026-05-07 07:00:00,3,False
28,079,49,14,O3,28079049_14_6,Parque del Retiro,2026,05,07,7,53,V,2026-05-07 07:00:00,3,False
28,079,49,7,NO,28079049_7_8,Parque del Retiro,2026,05,07,7,0,V,2026-05-07 07:00:00,3,False
28,079,49,8,NO2,28079049_8_8,Parque del Retiro,2026,05,07,7,23,V,2026-05-07 07:00:00,3,False
28,079,49,12,NOx,28079049_12_8,Parque del Retiro,2026,05,07,8,36,V,2026-05-07 08:00:00,3,False
28,079,49,14,O3,28079049_14_6,Parque del Retiro,2026,05,07,8,47,V,2026-05-07 08:00:00,3,False
28,079,49,7,NO,28079049_7_8,Parque del Retiro,2026,05,07,8,1,V,2026-05-07 08:00:00,3,False
28,079,49,8,NO2,28079049_8_8,Parque del Retiro,2026,05,07,8,35,V,2026-05-07 08:00:00,3,False
28,079,49,12,NOx,28079049_12_8,Parque del Retiro,2026,05,07,9,27,V,2026-05-07 09:00:00,3,False
28,079,49,14,O3,28079049_14_6,Parque del Retiro,2026,05,07,9,59,V,2026-05-07 09:00:00,3,False
28,079,49,7,NO,28079049_7_8,Parque del Retiro,2026,05,07,9,1,V,2026-05-07 09:00:00,3,False
28,079,49,8,NO2,28079049_8_8,Parque del Retiro,2026,05,07,9,26,V,2026-05-07 09:00:00,3,False
28,079,49,12,NOx,28079049_12_8,Parque del Retiro,2026,05,07,10,11,V,2026-05-07 10:00:00,3,False
28,079,49,14,O3,28079049_14_6,Parque del Retiro,2026,05,07,10,79,V,2026-05-07 10:00:00,3,False
28,079,49,7,NO,28079049_7_8,Parque del Retiro,2026,05,07,10,1,V,2026-05-07 10:00:00,3,False
28,079,49,8,NO2,28079049_8_8,Parque del Retiro,2026,05,07,10,10,V,2026-05-07 10:00:00,3,False
28,079,49,12,NOx,28079049_12_8,Parque del Retiro,2026,05,07,11,12,V,2026-05-07 11:00:00,3,False
28,079,49,14,O3,28079049_14_6,Parque del Retiro,2026,05,07,11,79,V,2026-05-07 11:00:00,3,False
28,079,49,7,NO,28079049_7_8,Parque del Retiro,2026,05,07,11,1,V,2026-05-07 11:00:00,3,False
28,079,49,8,NO2,28079049_8_8,Parque del Retiro,2026,05,07,11,11,V,2026-05-07 11:00:00,3,False
28,079,49,12,NOx,28079049_12_8,Parque del Retiro,2026,05,07,12,13,V,2026-05-07 12:00:00,3,False
28,079,49,14,O3,28079049_14_6,Parque del Retiro,2026,05,07,12,83,V,2026-05-07 12:00:00,3,False
28,079,49,7,NO,28079049_7_8,Parque del Retiro,2026,05,07,12,1,V,2026-05-07 12:00:00,3,False
28,079,49,8,NO2,28079049_8_8,Parque del Retiro,2026,05,07,12,12,V,2026-05-07 12:00:00,3,False
28,079,49,12,NOx,28079049_12_8,Parque del Retiro,2026,05,07,13,0,N,2026-05-07 13:00:00,3,False
28,079,49,14,O3,28079049_14_6,Parque del Retiro,2026,05,07,13,0,N,2026-05-07 13:00:00,3,False
28,079,49,7,NO,28079049_7_8,Parque del Retiro,2026,05,07,13,0,N,2026-05-07 13:00:00,3,False
28,079,49,8,NO2,28079049_8_8,Parque del Retiro,2026,05,07,13,0,N,2026-05-07 13:00:00,3,False
28,079,49,12,NOx,28079049_12_8,Parque del Retiro,2026,05,07,14,0,N,2026-05-07 14:00:00,3,False
28,079,49,14,O3,28079049_14_6,Parque del Retiro,2026,05,07,14,0,N,2026-05-07 14:00:00,3,False
28,079,49,7,NO,28079049_7_8,Parque del Retiro,2026,05,07,14,0,N,2026-05-07 14:00:00,3,False
28,079,49,8,NO2,28079049_8_8,Parque del Retiro,2026,05,07,14,0,N,2026-05-07 14:00:00,3,False
28,079,49,12,NOx,28079049_12_8,Parque del Retiro,2026,05,07,15,0,N,2026-05-07 15:00:00,3,False
28,079,49,14,O3,28079049_14_6,Parque del Retiro,2026,05,07,15,0,N,2026-05-07 15:00:00,3,False
28,079,49,7,NO,28079049_7_8,Parque del Retiro,2026,05,07,15,0,N,2026-05-07 15:00:00,3,False
28,079,49,8,NO2,28079049_8_8,Parque del Retiro,2026,05,07,15,0,N,2026-05-07 15:00:00,3,False
28,079,49,12,NOx,28079049_12_8,Parque del Retiro,2026,05,07,16,0,N,2026-05-07 16:00:00,3,False
28,079,49,14,O3,28079049_14_6,Parque del Retiro,2026,05,07,16,0,N,2026-05-07 16:00:00,3,False
28,079,49,7,NO,28079049_7_8,Parque del Retiro,2026,05,07,16,0,N,2026-05-07 16:00:00,3,False
28,079,49,8,NO2,28079049_8_8,Parque del Retiro,2026,05,07,16,0,N,2026-05-07 16:00:00,3,False
28,079,49,12,NOx,28079049_12_8,Parque del Retiro,2026,05,07,17,0,N,2026-05-07 17:00:00,3,False
28,079,49,14,O3,28079049_14_6,Parque del Retiro,2026,05,07,17,0,N,2026-05-07 17:00:00,3,False
28,079,49,7,NO,28079049_7_8,Parque del Retiro,2026,05,07,17,0,N,2026-05-07 17:00:00,3,False
28,079,49,8,NO2,28079049_8_8,Parque del Retiro,2026,05,07,17,0,N,2026-05-07 17:00:00,3,False
28,079,49,12,NOx,28079049_12_8,Parque del Retiro,2026,05,07,18,0,N,2026-05-07 18:00:00,3,False
28,079,49,14,O3,28079049_14_6,Parque del Retiro,2026,05,07,18,0,N,2026-05-07 18:00:00,3,False
28,079,49,7,NO,28079049_7_8,Parque del Retiro,2026,05,07,18,0,N,2026-05-07 18:00:00,3,False
28,079,49,8,NO2,28079049_8_8,Parque del Retiro,2026,05,07,18,0,N,2026-05-07 18:00:00,3,False
28,079,49,12,NOx,28079049_12_8,Parque del Retiro,2026,05,07,19,0,N,2026-05-07 19:00:00,3,False
28,079,49,14,O3,28079049_14_6,Parque del Retiro,2026,05,07,19,0,N,2026-05-07 19:00:00,3,False
28,079,49,7,NO,28079049_7_8,Parque del Retiro,2026,05,07,19,0,N,2026-05-07 19:00:00,3,False
28,079,49,8,NO2,28079049_8_8,Parque del Retiro,2026,05,07,19,0,N,2026-05-07 19:00:00,3,False
28,079,49,12,NOx,28079049_12_8,Parque del Retiro,2026,05,07,20,0,N,2026-05-07 20:00:00,3,False
28,079,49,14,O3,28079049_14_6,Parque del Retiro,2026,05,07,20,0,N,2026-05-07 20:00:00,3,False
28,079,49,7,NO,28079049_7_8,Parque del Retiro,2026,05,07,20,0,N,2026-05-07 20:00:00,3,False
28,079,49,8,NO2,28079049_8_8,Parque del Retiro,2026,05,07,20,0,N,2026-05-07 20:00:00,3,False
28,079,49,12,NOx,28079049_12_8,Parque del Retiro,2026,05,07,21,0,N,2026-05-07 21:00:00,3,False
28,079,49,14,O3,28079049_14_6,Parque del Retiro,2026,05,07,21,0,N,2026-05-07 21:00:00,3,False
28,079,49,7,NO,28079049_7_8,Parque del Retiro,2026,05,07,21,0,N,2026-05-07 21:00:00,3,False
28,079,49,8,NO2,28079049_8_8,Parque del Retiro,2026,05,07,21,0,N,2026-05-07 21:00:00,3,False
28,079,49,12,NOx,28079049_12_8,Parque del Retiro,2026,05,07,22,0,N,2026-05-07 22:00:00,3,False
28,079,49,14,O3,28079049_14_6,Parque del Retiro,2026,05,07,22,0,N,2026-05-07 22:00:00,3,False
28,079,49,7,NO,28079049_7_8,Parque del Retiro,2026,05,07,22,0,N,2026-05-07 22:00:00,3,False
28,079,49,8,NO2,28079049_8_8,Parque del Retiro,2026,05,07,22,0,N,2026-05-07 22:00:00,3,False
28,079,49,12,NOx,28079049_12_8,Parque del Retiro,2026,05,07,23,0,N,2026-05-07 23:00:00,3,False
28,079,49,14,O3,28079049_14_6,Parque del Retiro,2026,05,07,23,0,N,2026-05-07 23:00:00,3,False
28,079,49,7,NO,28079049_7_8,Parque del Retiro,2026,05,07,23,0,N,2026-05-07 23:00:00,3,False
28,079,49,8,NO2,28079049_8_8,Parque del Retiro,2026,05,07,23,0,N,2026-05-07 23:00:00,3,False
28,079,50,10,PM10,28079050_10_47,Plaza Castilla,2026,05,07,0,23,V,2026-05-07 00:00:00,3,False
28,079,50,12,NOx,28079050_12_8,Plaza Castilla,2026,05,07,0,34,V,2026-05-07 00:00:00,3,False
28,079,50,7,NO,28079050_7_8,Plaza Castilla,2026,05,07,0,0,V,2026-05-07 00:00:00,3,False
28,079,50,8,NO2,28079050_8_8,Plaza Castilla,2026,05,07,0,34,V,2026-05-07 00:00:00,3,False
28,079,50,9,PM2.5,28079050_9_47,Plaza Castilla,2026,05,07,0,10,V,2026-05-07 00:00:00,3,False
28,079,50,10,PM10,28079050_10_47,Plaza Castilla,2026,05,07,1,8,V,2026-05-07 01:00:00,3,False
28,079,50,12,NOx,28079050_12_8,Plaza Castilla,2026,05,07,1,12,V,2026-05-07 01:00:00,3,False
28,079,50,7,NO,28079050_7_8,Plaza Castilla,2026,05,07,1,0,V,2026-05-07 01:00:00,3,False
28,079,50,8,NO2,28079050_8_8,Plaza Castilla,2026,05,07,1,12,V,2026-05-07 01:00:00,3,False
28,079,50,9,PM2.5,28079050_9_47,Plaza Castilla,2026,05,07,1,2,V,2026-05-07 01:00:00,3,False
28,079,50,10,PM10,28079050_10_47,Plaza Castilla,2026,05,07,2,6,V,2026-05-07 02:00:00,3,False
28,079,50,12,NOx,28079050_12_8,Plaza Castilla,2026,05,07,2,5,V,2026-05-07 02:00:00,3,False
28,079,50,7,NO,28079050_7_8,Plaza Castilla,2026,05,07,2,0,V,2026-05-07 02:00:00,3,False
28,079,50,8,NO2,28079050_8_8,Plaza Castilla,2026,05,07,2,5,V,2026-05-07 02:00:00,3,False
28,079,50,9,PM2.5,28079050_9_47,Plaza Castilla,2026,05,07,2,3,V,2026-05-07 02:00:00,3,False
28,079,50,10,PM10,28079050_10_47,Plaza Castilla,2026,05,07,3,6,V,2026-05-07 03:00:00,3,False
28,079,50,12,NOx,28079050_12_8,Plaza Castilla,2026,05,07,3,6,V,2026-05-07 03:00:00,3,False
28,079,50,7,NO,28079050_7_8,Plaza Castilla,2026,05,07,3,0,V,2026-05-07 03:00:00,3,False
28,079,50,8,NO2,28079050_8_8,Plaza Castilla,2026,05,07,3,6,V,2026-05-07 03:00:00,3,False
28,079,50,9,PM2.5,28079050_9_47,Plaza Castilla,2026,05,07,3,4,V,2026-05-07 03:00:00,3,False
28,079,50,10,PM10,28079050_10_47,Plaza Castilla,2026,05,07,4,6,V,2026-05-07 04:00:00,3,False
28,079,50,12,NOx,28079050_12_8,Plaza Castilla,2026,05,07,4,6,V,2026-05-07 04:00:00,3,False
28,079,50,7,NO,28079050_7_8,Plaza Castilla,2026,05,07,4,0,V,2026-05-07 04:00:00,3,False
28,079,50,8,NO2,28079050_8_8,Plaza Castilla,2026,05,07,4,6,V,2026-05-07 04:00:00,3,False
28,079,50,9,PM2.5,28079050_9_47,Plaza Castilla,2026,05,07,4,3,V,2026-05-07 04:00:00,3,False
28,079,50,10,PM10,28079050_10_47,Plaza Castilla,2026,05,07,5,5,V,2026-05-07 05:00:00,3,False
28,079,50,12,NOx,28079050_12_8,Plaza Castilla,2026,05,07,5,6,V,2026-05-07 05:00:00,3,False
28,079,50,7,NO,28079050_7_8,Plaza Castilla,2026,05,07,5,0,V,2026-05-07 05:00:00,3,False
28,079,50,8,NO2,28079050_8_8,Plaza Castilla,2026,05,07,5,6,V,2026-05-07 05:00:00,3,False
28,079,50,9,PM2.5,28079050_9_47,Plaza Castilla,2026,05,07,5,3,V,2026-05-07 05:00:00,3,False
28,079,50,10,PM10,28079050_10_47,Plaza Castilla,2026,05,07,6,6,V,2026-05-07 06:00:00,3,False
28,079,50,12,NOx,28079050_12_8,Plaza Castilla,2026,05,07,6,13,V,2026-05-07 06:00:00,3,False
28,079,50,7,NO,28079050_7_8,Plaza Castilla,2026,05,07,6,0,V,2026-05-07 06:00:00,3,False
28,079,50,8,NO2,28079050_8_8,Plaza Castilla,2026,05,07,6,13,V,2026-05-07 06:00:00,3,False
28,079,50,9,PM2.5,28079050_9_47,Plaza Castilla,2026,05,07,6,3,V,2026-05-07 06:00:00,3,False
28,079,50,10,PM10,28079050_10_47,Plaza Castilla,2026,05,07,7,11,V,2026-05-07 07:00:00,3,False
28,079,50,12,NOx,28079050_12_8,Plaza Castilla,2026,05,07,7,24,V,2026-05-07 07:00:00,3,False
28,079,50,7,NO,28079050_7_8,Plaza Castilla,2026,05,07,7,0,V,2026-05-07 07:00:00,3,False
28,079,50,8,NO2,28079050_8_8,Plaza Castilla,2026,05,07,7,23,V,2026-05-07 07:00:00,3,False
28,079,50,9,PM2.5,28079050_9_47,Plaza Castilla,2026,05,07,7,5,V,2026-05-07 07:00:00,3,False
28,079,50,10,PM10,28079050_10_47,Plaza Castilla,2026,05,07,8,14,V,2026-05-07 08:00:00,3,False
28,079,50,12,NOx,28079050_12_8,Plaza Castilla,2026,05,07,8,27,V,2026-05-07 08:00:00,3,False
28,079,50,7,NO,28079050_7_8,Plaza Castilla,2026,05,07,8,1,V,2026-05-07 08:00:00,3,False
28,079,50,8,NO2,28079050_8_8,Plaza Castilla,2026,05,07,8,25,V,2026-05-07 08:00:00,3,False
28,079,50,9,PM2.5,28079050_9_47,Plaza Castilla,2026,05,07,8,6,V,2026-05-07 08:00:00,3,False
28,079,50,10,PM10,28079050_10_47,Plaza Castilla,2026,05,07,9,18,V,2026-05-07 09:00:00,3,False
28,079,50,12,NOx,28079050_12_8,Plaza Castilla,2026,05,07,9,27,V,2026-05-07 09:00:00,3,False
28,079,50,7,NO,28079050_7_8,Plaza Castilla,2026,05,07,9,2,V,2026-05-07 09:00:00,3,False
28,079,50,8,NO2,28079050_8_8,Plaza Castilla,2026,05,07,9,24,V,2026-05-07 09:00:00,3,False
28,079,50,9,PM2.5,28079050_9_47,Plaza Castilla,2026,05,07,9,7,V,2026-05-07 09:00:00,3,False
28,079,50,10,PM10,28079050_10_47,Plaza Castilla,2026,05,07,10,18,V,2026-05-07 10:00:00,3,False
28,079,50,12,NOx,28079050_12_8,Plaza Castilla,2026,05,07,10,16,V,2026-05-07 10:00:00,3,False
28,079,50,7,NO,28079050_7_8,Plaza Castilla,2026,05,07,10,1,V,2026-05-07 10:00:00,3,False
28,079,50,8,NO2,28079050_8_8,Plaza Castilla,2026,05,07,10,14,V,2026-05-07 10:00:00,3,False
28,079,50,9,PM2.5,28079050_9_47,Plaza Castilla,2026,05,07,10,6,V,2026-05-07 10:00:00,3,False
28,079,50,10,PM10,28079050_10_47,Plaza Castilla,2026,05,07,11,8,V,2026-05-07 11:00:00,3,False
28,079,50,12,NOx,28079050_12_8,Plaza Castilla,2026,05,07,11,12,V,2026-05-07 11:00:00,3,False
28,079,50,7,NO,28079050_7_8,Plaza Castilla,2026,05,07,11,1,V,2026-05-07 11:00:00,3,False
28,079,50,8,NO2,28079050_8_8,Plaza Castilla,2026,05,07,11,10,V,2026-05-07 11:00:00,3,False
28,079,50,9,PM2.5,28079050_9_47,Plaza Castilla,2026,05,07,11,3,V,2026-05-07 11:00:00,3,False
28,079,50,10,PM10,28079050_10_47,Plaza Castilla,2026,05,07,12,5,V,2026-05-07 12:00:00,3,False
28,079,50,12,NOx,28079050_12_8,Plaza Castilla,2026,05,07,12,15,V,2026-05-07 12:00:00,3,False
28,079,50,7,NO,28079050_7_8,Plaza Castilla,2026,05,07,12,2,V,2026-05-07 12:00:00,3,False
28,079,50,8,NO2,28079050_8_8,Plaza Castilla,2026,05,07,12,12,V,2026-05-07 12:00:00,3,False
28,079,50,9,PM2.5,28079050_9_47,Plaza Castilla,2026,05,07,12,3,V,2026-05-07 12:00:00,3,False
28,079,50,10,PM10,28079050_10_47,Plaza Castilla,2026,05,07,13,0,N,2026-05-07 13:00:00,3,False
28,079,50,12,NOx,28079050_12_8,Plaza Castilla,2026,05,07,13,0,N,2026-05-07 13:00:00,3,False
28,079,50,7,NO,28079050_7_8,Plaza Castilla,2026,05,07,13,0,N,2026-05-07 13:00:00,3,False
28,079,50,8,NO2,28079050_8_8,Plaza Castilla,2026,05,07,13,0,N,2026-05-07 13:00:00,3,False
28,079,50,9,PM2.5,28079050_9_47,Plaza Castilla,2026,05,07,13,0,N,2026-05-07 13:00:00,3,False
28,079,50,10,PM10,28079050_10_47,Plaza Castilla,2026,05,07,14,0,N,2026-05-07 14:00:00,3,False
28,079,50,12,NOx,28079050_12_8,Plaza Castilla,2026,05,07,14,0,N,2026-05-07 14:00:00,3,False
28,079,50,7,NO,28079050_7_8,Plaza Castilla,2026,05,07,14,0,N,2026-05-07 14:00:00,3,False
28,079,50,8,NO2,28079050_8_8,Plaza Castilla,2026,05,07,14,0,N,2026-05-07 14:00:00,3,False
28,079,50,9,PM2.5,28079050_9_47,Plaza Castilla,2026,05,07,14,0,N,2026-05-07 14:00:00,3,False
28,079,50,10,PM10,28079050_10_47,Plaza Castilla,2026,05,07,15,0,N,2026-05-07 15:00:00,3,False
28,079,50,12,NOx,28079050_12_8,Plaza Castilla,2026,05,07,15,0,N,2026-05-07 15:00:00,3,False
28,079,50,7,NO,28079050_7_8,Plaza Castilla,2026,05,07,15,0,N,2026-05-07 15:00:00,3,False
28,079,50,8,NO2,28079050_8_8,Plaza Castilla,2026,05,07,15,0,N,2026-05-07 15:00:00,3,False
28,079,50,9,PM2.5,28079050_9_47,Plaza Castilla,2026,05,07,15,0,N,2026-05-07 15:00:00,3,False
28,079,50,10,PM10,28079050_10_47,Plaza Castilla,2026,05,07,16,0,N,2026-05-07 16:00:00,3,False
28,079,50,12,NOx,28079050_12_8,Plaza Castilla,2026,05,07,16,0,N,2026-05-07 16:00:00,3,False
28,079,50,7,NO,28079050_7_8,Plaza Castilla,2026,05,07,16,0,N,2026-05-07 16:00:00,3,False
28,079,50,8,NO2,28079050_8_8,Plaza Castilla,2026,05,07,16,0,N,2026-05-07 16:00:00,3,False
28,079,50,9,PM2.5,28079050_9_47,Plaza Castilla,2026,05,07,16,0,N,2026-05-07 16:00:00,3,False
28,079,50,10,PM10,28079050_10_47,Plaza Castilla,2026,05,07,17,0,N,2026-05-07 17:00:00,3,False
28,079,50,12,NOx,28079050_12_8,Plaza Castilla,2026,05,07,17,0,N,2026-05-07 17:00:00,3,False
28,079,50,7,NO,28079050_7_8,Plaza Castilla,2026,05,07,17,0,N,2026-05-07 17:00:00,3,False
28,079,50,8,NO2,28079050_8_8,Plaza Castilla,2026,05,07,17,0,N,2026-05-07 17:00:00,3,False
28,079,50,9,PM2.5,28079050_9_47,Plaza Castilla,2026,05,07,17,0,N,2026-05-07 17:00:00,3,False
28,079,50,10,PM10,28079050_10_47,Plaza Castilla,2026,05,07,18,0,N,2026-05-07 18:00:00,3,False
28,079,50,12,NOx,28079050_12_8,Plaza Castilla,2026,05,07,18,0,N,2026-05-07 18:00:00,3,False
28,079,50,7,NO,28079050_7_8,Plaza Castilla,2026,05,07,18,0,N,2026-05-07 18:00:00,3,False
28,079,50,8,NO2,28079050_8_8,Plaza Castilla,2026,05,07,18,0,N,2026-05-07 18:00:00,3,False
28,079,50,9,PM2.5,28079050_9_47,Plaza Castilla,2026,05,07,18,0,N,2026-05-07 18:00:00,3,False
28,079,50,10,PM10,28079050_10_47,Plaza Castilla,2026,05,07,19,0,N,2026-05-07 19:00:00,3,False
28,079,50,12,NOx,28079050_12_8,Plaza Castilla,2026,05,07,19,0,N,2026-05-07 19:00:00,3,False
28,079,50,7,NO,28079050_7_8,Plaza Castilla,2026,05,07,19,0,N,2026-05-07 19:00:00,3,False
28,079,50,8,NO2,28079050_8_8,Plaza Castilla,2026,05,07,19,0,N,2026-05-07 19:00:00,3,False
28,079,50,9,PM2.5,28079050_9_47,Plaza Castilla,2026,05,07,19,0,N,2026-05-07 19:00:00,3,False
28,079,50,10,PM10,28079050_10_47,Plaza Castilla,2026,05,07,20,0,N,2026-05-07 20:00:00,3,False
28,079,50,12,NOx,28079050_12_8,Plaza Castilla,2026,05,07,20,0,N,2026-05-07 20:00:00,3,False
28,079,50,7,NO,28079050_7_8,Plaza Castilla,2026,05,07,20,0,N,2026-05-07 20:00:00,3,False
28,079,50,8,NO2,28079050_8_8,Plaza Castilla,2026,05,07,20,0,N,2026-05-07 20:00:00,3,False
28,079,50,9,PM2.5,28079050_9_47,Plaza Castilla,2026,05,07,20,0,N,2026-05-07 20:00:00,3,False
28,079,50,10,PM10,28079050_10_47,Plaza Castilla,2026,05,07,21,0,N,2026-05-07 21:00:00,3,False
28,079,50,12,NOx,28079050_12_8,Plaza Castilla,2026,05,07,21,0,N,2026-05-07 21:00:00,3,False
28,079,50,7,NO,28079050_7_8,Plaza Castilla,2026,05,07,21,0,N,2026-05-07 21:00:00,3,False
28,079,50,8,NO2,28079050_8_8,Plaza Castilla,2026,05,07,21,0,N,2026-05-07 21:00:00,3,False
28,079,50,9,PM2.5,28079050_9_47,Plaza Castilla,2026,05,07,21,0,N,2026-05-07 21:00:00,3,False
28,079,50,10,PM10,28079050_10_47,Plaza Castilla,2026,05,07,22,0,N,2026-05-07 22:00:00,3,False
28,079,50,12,NOx,28079050_12_8,Plaza Castilla,2026,05,07,22,0,N,2026-05-07 22:00:00,3,False
28,079,50,7,NO,28079050_7_8,Plaza Castilla,2026,05,07,22,0,N,2026-05-07 22:00:00,3,False
28,079,50,8,NO2,28079050_8_8,Plaza Castilla,2026,05,07,22,0,N,2026-05-07 22:00:00,3,False
28,079,50,9,PM2.5,28079050_9_47,Plaza Castilla,2026,05,07,22,0,N,2026-05-07 22:00:00,3,False
28,079,50,10,PM10,28079050_10_47,Plaza Castilla,2026,05,07,23,0,N,2026-05-07 23:00:00,3,False
28,079,50,12,NOx,28079050_12_8,Plaza Castilla,2026,05,07,23,0,N,2026-05-07 23:00:00,3,False
28,079,50,7,NO,28079050_7_8,Plaza Castilla,2026,05,07,23,0,N,2026-05-07 23:00:00,3,False
28,079,50,8,NO2,28079050_8_8,Plaza Castilla,2026,05,07,23,0,N,2026-05-07 23:00:00,3,False
28,079,50,9,PM2.5,28079050_9_47,Plaza Castilla,2026,05,07,23,0,N,2026-05-07 23:00:00,3,False
28,079,56,10,PM10,28079056_10_47,Plaza Elíptica,2026,05,07,0,21,V,2026-05-07 00:00:00,3,False
28,079,56,12,NOx,28079056_12_8,Plaza Elíptica,2026,05,07,0,43,V,2026-05-07 00:00:00,3,False
28,079,56,7,NO,28079056_7_8,Plaza Elíptica,2026,05,07,0,2,V,2026-05-07 00:00:00,3,False
28,079,56,8,NO2,28079056_8_8,Plaza Elíptica,2026,05,07,0,41,V,2026-05-07 00:00:00,3,False
28,079,56,9,PM2.5,28079056_9_47,Plaza Elíptica,2026,05,07,0,11,V,2026-05-07 00:00:00,3,False
28,079,56,10,PM10,28079056_10_47,Plaza Elíptica,2026,05,07,1,19,V,2026-05-07 01:00:00,3,False
28,079,56,12,NOx,28079056_12_8,Plaza Elíptica,2026,05,07,1,38,V,2026-05-07 01:00:00,3,False
28,079,56,7,NO,28079056_7_8,Plaza Elíptica,2026,05,07,1,2,V,2026-05-07 01:00:00,3,False
28,079,56,8,NO2,28079056_8_8,Plaza Elíptica,2026,05,07,1,35,V,2026-05-07 01:00:00,3,False
28,079,56,9,PM2.5,28079056_9_47,Plaza Elíptica,2026,05,07,1,10,V,2026-05-07 01:00:00,3,False
28,079,56,10,PM10,28079056_10_47,Plaza Elíptica,2026,05,07,2,18,V,2026-05-07 02:00:00,3,False
28,079,56,12,NOx,28079056_12_8,Plaza Elíptica,2026,05,07,2,25,V,2026-05-07 02:00:00,3,False
28,079,56,7,NO,28079056_7_8,Plaza Elíptica,2026,05,07,2,4,V,2026-05-07 02:00:00,3,False
28,079,56,8,NO2,28079056_8_8,Plaza Elíptica,2026,05,07,2,18,V,2026-05-07 02:00:00,3,False
28,079,56,9,PM2.5,28079056_9_47,Plaza Elíptica,2026,05,07,2,9,V,2026-05-07 02:00:00,3,False
28,079,56,10,PM10,28079056_10_47,Plaza Elíptica,2026,05,07,3,15,V,2026-05-07 03:00:00,3,False
28,079,56,12,NOx,28079056_12_8,Plaza Elíptica,2026,05,07,3,16,V,2026-05-07 03:00:00,3,False
28,079,56,7,NO,28079056_7_8,Plaza Elíptica,2026,05,07,3,2,V,2026-05-07 03:00:00,3,False
28,079,56,8,NO2,28079056_8_8,Plaza Elíptica,2026,05,07,3,13,V,2026-05-07 03:00:00,3,False
28,079,56,9,PM2.5,28079056_9_47,Plaza Elíptica,2026,05,07,3,9,V,2026-05-07 03:00:00,3,False
28,079,56,10,PM10,28079056_10_47,Plaza Elíptica,2026,05,07,4,16,V,2026-05-07 04:00:00,3,False
28,079,56,12,NOx,28079056_12_8,Plaza Elíptica,2026,05,07,4,15,V,2026-05-07 04:00:00,3,False
28,079,56,7,NO,28079056_7_8,Plaza Elíptica,2026,05,07,4,2,V,2026-05-07 04:00:00,3,False
28,079,56,8,NO2,28079056_8_8,Plaza Elíptica,2026,05,07,4,12,V,2026-05-07 04:00:00,3,False
28,079,56,9,PM2.5,28079056_9_47,Plaza Elíptica,2026,05,07,4,9,V,2026-05-07 04:00:00,3,False
28,079,56,10,PM10,28079056_10_47,Plaza Elíptica,2026,05,07,5,10,V,2026-05-07 05:00:00,3,False
28,079,56,12,NOx,28079056_12_8,Plaza Elíptica,2026,05,07,5,19,V,2026-05-07 05:00:00,3,False
28,079,56,7,NO,28079056_7_8,Plaza Elíptica,2026,05,07,5,2,V,2026-05-07 05:00:00,3,False
28,079,56,8,NO2,28079056_8_8,Plaza Elíptica,2026,05,07,5,16,V,2026-05-07 05:00:00,3,False
28,079,56,9,PM2.5,28079056_9_47,Plaza Elíptica,2026,05,07,5,8,V,2026-05-07 05:00:00,3,False
28,079,56,10,PM10,28079056_10_47,Plaza Elíptica,2026,05,07,6,14,V,2026-05-07 06:00:00,3,False
28,079,56,12,NOx,28079056_12_8,Plaza Elíptica,2026,05,07,6,54,V,2026-05-07 06:00:00,3,False
28,079,56,7,NO,28079056_7_8,Plaza Elíptica,2026,05,07,6,12,V,2026-05-07 06:00:00,3,False
28,079,56,8,NO2,28079056_8_8,Plaza Elíptica,2026,05,07,6,35,V,2026-05-07 06:00:00,3,False
28,079,56,9,PM2.5,28079056_9_47,Plaza Elíptica,2026,05,07,6,7,V,2026-05-07 06:00:00,3,False
28,079,56,10,PM10,28079056_10_47,Plaza Elíptica,2026,05,07,7,26,V,2026-05-07 07:00:00,3,False
28,079,56,12,NOx,28079056_12_8,Plaza Elíptica,2026,05,07,7,84,V,2026-05-07 07:00:00,3,False
28,079,56,7,NO,28079056_7_8,Plaza Elíptica,2026,05,07,7,19,V,2026-05-07 07:00:00,3,False
28,079,56,8,NO2,28079056_8_8,Plaza Elíptica,2026,05,07,7,55,V,2026-05-07 07:00:00,3,False
28,079,56,9,PM2.5,28079056_9_47,Plaza Elíptica,2026,05,07,7,14,V,2026-05-07 07:00:00,3,False
28,079,56,10,PM10,28079056_10_47,Plaza Elíptica,2026,05,07,8,24,V,2026-05-07 08:00:00,3,False
28,079,56,12,NOx,28079056_12_8,Plaza Elíptica,2026,05,07,8,88,V,2026-05-07 08:00:00,3,False
28,079,56,7,NO,28079056_7_8,Plaza Elíptica,2026,05,07,8,20,V,2026-05-07 08:00:00,3,False
28,079,56,8,NO2,28079056_8_8,Plaza Elíptica,2026,05,07,8,58,V,2026-05-07 08:00:00,3,False
28,079,56,9,PM2.5,28079056_9_47,Plaza Elíptica,2026,05,07,8,9,V,2026-05-07 08:00:00,3,False
28,079,56,10,PM10,28079056_10_47,Plaza Elíptica,2026,05,07,9,27,V,2026-05-07 09:00:00,3,False
28,079,56,12,NOx,28079056_12_8,Plaza Elíptica,2026,05,07,9,71,V,2026-05-07 09:00:00,3,False
28,079,56,7,NO,28079056_7_8,Plaza Elíptica,2026,05,07,9,15,V,2026-05-07 09:00:00,3,False
28,079,56,8,NO2,28079056_8_8,Plaza Elíptica,2026,05,07,9,48,V,2026-05-07 09:00:00,3,False
28,079,56,9,PM2.5,28079056_9_47,Plaza Elíptica,2026,05,07,9,11,V,2026-05-07 09:00:00,3,False
28,079,56,10,PM10,28079056_10_47,Plaza Elíptica,2026,05,07,10,24,V,2026-05-07 10:00:00,3,False
28,079,56,12,NOx,28079056_12_8,Plaza Elíptica,2026,05,07,10,34,V,2026-05-07 10:00:00,3,False
28,079,56,7,NO,28079056_7_8,Plaza Elíptica,2026,05,07,10,8,V,2026-05-07 10:00:00,3,False
28,079,56,8,NO2,28079056_8_8,Plaza Elíptica,2026,05,07,10,21,V,2026-05-07 10:00:00,3,False
28,079,56,9,PM2.5,28079056_9_47,Plaza Elíptica,2026,05,07,10,11,V,2026-05-07 10:00:00,3,False
28,079,56,10,PM10,28079056_10_47,Plaza Elíptica,2026,05,07,11,20,V,2026-05-07 11:00:00,3,False
28,079,56,12,NOx,28079056_12_8,Plaza Elíptica,2026,05,07,11,34,V,2026-05-07 11:00:00,3,False
28,079,56,7,NO,28079056_7_8,Plaza Elíptica,2026,05,07,11,9,V,2026-05-07 11:00:00,3,False
28,079,56,8,NO2,28079056_8_8,Plaza Elíptica,2026,05,07,11,21,V,2026-05-07 11:00:00,3,False
28,079,56,9,PM2.5,28079056_9_47,Plaza Elíptica,2026,05,07,11,9,V,2026-05-07 11:00:00,3,False
28,079,56,10,PM10,28079056_10_47,Plaza Elíptica,2026,05,07,12,20,V,2026-05-07 12:00:00,3,False
28,079,56,12,NOx,28079056_12_8,Plaza Elíptica,2026,05,07,12,28,V,2026-05-07 12:00:00,3,False
28,079,56,7,NO,28079056_7_8,Plaza Elíptica,2026,05,07,12,7,V,2026-05-07 12:00:00,3,False
28,079,56,8,NO2,28079056_8_8,Plaza Elíptica,2026,05,07,12,17,V,2026-05-07 12:00:00,3,False
28,079,56,9,PM2.5,28079056_9_47,Plaza Elíptica,2026,05,07,12,11,V,2026-05-07 12:00:00,3,False
28,079,56,10,PM10,28079056_10_47,Plaza Elíptica,2026,05,07,13,0,N,2026-05-07 13:00:00,3,False
28,079,56,12,NOx,28079056_12_8,Plaza Elíptica,2026,05,07,13,0,N,2026-05-07 13:00:00,3,False
28,079,56,7,NO,28079056_7_8,Plaza Elíptica,2026,05,07,13,0,N,2026-05-07 13:00:00,3,False
28,079,56,8,NO2,28079056_8_8,Plaza Elíptica,2026,05,07,13,0,N,2026-05-07 13:00:00,3,False
28,079,56,9,PM2.5,28079056_9_47,Plaza Elíptica,2026,05,07,13,0,N,2026-05-07 13:00:00,3,False
28,079,56,10,PM10,28079056_10_47,Plaza Elíptica,2026,05,07,14,0,N,2026-05-07 14:00:00,3,False
28,079,56,12,NOx,28079056_12_8,Plaza Elíptica,2026,05,07,14,0,N,2026-05-07 14:00:00,3,False
28,079,56,7,NO,28079056_7_8,Plaza Elíptica,2026,05,07,14,0,N,2026-05-07 14:00:00,3,False
28,079,56,8,NO2,28079056_8_8,Plaza Elíptica,2026,05,07,14,0,N,2026-05-07 14:00:00,3,False
28,079,56,9,PM2.5,28079056_9_47,Plaza Elíptica,2026,05,07,14,0,N,2026-05-07 14:00:00,3,False
28,079,56,10,PM10,28079056_10_47,Plaza Elíptica,2026,05,07,15,0,N,2026-05-07 15:00:00,3,False
28,079,56,12,NOx,28079056_12_8,Plaza Elíptica,2026,05,07,15,0,N,2026-05-07 15:00:00,3,False
28,079,56,7,NO,28079056_7_8,Plaza Elíptica,2026,05,07,15,0,N,2026-05-07 15:00:00,3,False
28,079,56,8,NO2,28079056_8_8,Plaza Elíptica,2026,05,07,15,0,N,2026-05-07 15:00:00,3,False
28,079,56,9,PM2.5,28079056_9_47,Plaza Elíptica,2026,05,07,15,0,N,2026-05-07 15:00:00,3,False
28,079,56,10,PM10,28079056_10_47,Plaza Elíptica,2026,05,07,16,0,N,2026-05-07 16:00:00,3,False
28,079,56,12,NOx,28079056_12_8,Plaza Elíptica,2026,05,07,16,0,N,2026-05-07 16:00:00,3,False
28,079,56,7,NO,28079056_7_8,Plaza Elíptica,2026,05,07,16,0,N,2026-05-07 16:00:00,3,False
28,079,56,8,NO2,28079056_8_8,Plaza Elíptica,2026,05,07,16,0,N,2026-05-07 16:00:00,3,False
28,079,56,9,PM2.5,28079056_9_47,Plaza Elíptica,2026,05,07,16,0,N,2026-05-07 16:00:00,3,False
28,079,56,10,PM10,28079056_10_47,Plaza Elíptica,2026,05,07,17,0,N,2026-05-07 17:00:00,3,False
28,079,56,12,NOx,28079056_12_8,Plaza Elíptica,2026,05,07,17,0,N,2026-05-07 17:00:00,3,False
28,079,56,7,NO,28079056_7_8,Plaza Elíptica,2026,05,07,17,0,N,2026-05-07 17:00:00,3,False
28,079,56,8,NO2,28079056_8_8,Plaza Elíptica,2026,05,07,17,0,N,2026-05-07 17:00:00,3,False
28,079,56,9,PM2.5,28079056_9_47,Plaza Elíptica,2026,05,07,17,0,N,2026-05-07 17:00:00,3,False
28,079,56,10,PM10,28079056_10_47,Plaza Elíptica,2026,05,07,18,0,N,2026-05-07 18:00:00,3,False
28,079,56,12,NOx,28079056_12_8,Plaza Elíptica,2026,05,07,18,0,N,2026-05-07 18:00:00,3,False
28,079,56,7,NO,28079056_7_8,Plaza Elíptica,2026,05,07,18,0,N,2026-05-07 18:00:00,3,False
28,079,56,8,NO2,28079056_8_8,Plaza Elíptica,2026,05,07,18,0,N,2026-05-07 18:00:00,3,False
28,079,56,9,PM2.5,28079056_9_47,Plaza Elíptica,2026,05,07,18,0,N,2026-05-07 18:00:00,3,False
28,079,56,10,PM10,28079056_10_47,Plaza Elíptica,2026,05,07,19,0,N,2026-05-07 19:00:00,3,False
28,079,56,12,NOx,28079056_12_8,Plaza Elíptica,2026,05,07,19,0,N,2026-05-07 19:00:00,3,False
28,079,56,7,NO,28079056_7_8,Plaza Elíptica,2026,05,07,19,0,N,2026-05-07 19:00:00,3,False
28,079,56,8,NO2,28079056_8_8,Plaza Elíptica,2026,05,07,19,0,N,2026-05-07 19:00:00,3,False
28,079,56,9,PM2.5,28079056_9_47,Plaza Elíptica,2026,05,07,19,0,N,2026-05-07 19:00:00,3,False
28,079,56,10,PM10,28079056_10_47,Plaza Elíptica,2026,05,07,20,0,N,2026-05-07 20:00:00,3,False
28,079,56,12,NOx,28079056_12_8,Plaza Elíptica,2026,05,07,20,0,N,2026-05-07 20:00:00,3,False
28,079,56,7,NO,28079056_7_8,Plaza Elíptica,2026,05,07,20,0,N,2026-05-07 20:00:00,3,False
28,079,56,8,NO2,28079056_8_8,Plaza Elíptica,2026,05,07,20,0,N,2026-05-07 20:00:00,3,False
28,079,56,9,PM2.5,28079056_9_47,Plaza Elíptica,2026,05,07,20,0,N,2026-05-07 20:00:00,3,False
28,079,56,10,PM10,28079056_10_47,Plaza Elíptica,2026,05,07,21,0,N,2026-05-07 21:00:00,3,False
28,079,56,12,NOx,28079056_12_8,Plaza Elíptica,2026,05,07,21,0,N,2026-05-07 21:00:00,3,False
28,079,56,7,NO,28079056_7_8,Plaza Elíptica,2026,05,07,21,0,N,2026-05-07 21:00:00,3,False
28,079,56,8,NO2,28079056_8_8,Plaza Elíptica,2026,05,07,21,0,N,2026-05-07 21:00:00,3,False
28,079,56,9,PM2.5,28079056_9_47,Plaza Elíptica,2026,05,07,21,0,N,2026-05-07 21:00:00,3,False
28,079,56,10,PM10,28079056_10_47,Plaza Elíptica,2026,05,07,22,0,N,2026-05-07 22:00:00,3,False
28,079,56,12,NOx,28079056_12_8,Plaza Elíptica,2026,05,07,22,0,N,2026-05-07 22:00:00,3,False
28,079,56,7,NO,28079056_7_8,Plaza Elíptica,2026,05,07,22,0,N,2026-05-07 22:00:00,3,False
28,079,56,8,NO2,28079056_8_8,Plaza Elíptica,2026,05,07,22,0,N,2026-05-07 22:00:00,3,False
28,079,56,9,PM2.5,28079056_9_47,Plaza Elíptica,2026,05,07,22,0,N,2026-05-07 22:00:00,3,False
28,079,56,10,PM10,28079056_10_47,Plaza Elíptica,2026,05,07,23,0,N,2026-05-07 23:00:00,3,False
28,079,56,12,NOx,28079056_12_8,Plaza Elíptica,2026,05,07,23,0,N,2026-05-07 23:00:00,3,False
28,079,56,7,NO,28079056_7_8,Plaza Elíptica,2026,05,07,23,0,N,2026-05-07 23:00:00,3,False
28,079,56,8,NO2,28079056_8_8,Plaza Elíptica,2026,05,07,23,0,N,2026-05-07 23:00:00,3,False
28,079,56,9,PM2.5,28079056_9_47,Plaza Elíptica,2026,05,07,23,0,N,2026-05-07 23:00:00,3,False
28,079,4,10,PM10,28079004_10_A,Plaza de España,2026,05,07,0,17,V,2026-05-07 00:00:00,3,False
28,079,4,12,NOx,28079004_12_8,Plaza de España,2026,05,07,0,38,V,2026-05-07 00:00:00,3,False
28,079,4,7,NO,28079004_7_8,Plaza de España,2026,05,07,0,1,V,2026-05-07 00:00:00,3,False
28,079,4,8,NO2,28079004_8_8,Plaza de España,2026,05,07,0,37,V,2026-05-07 00:00:00,3,False
28,079,4,9,PM2.5,28079004_9_A,Plaza de España,2026,05,07,0,5,V,2026-05-07 00:00:00,3,False
28,079,4,10,PM10,28079004_10_A,Plaza de España,2026,05,07,1,12,V,2026-05-07 01:00:00,3,False
28,079,4,12,NOx,28079004_12_8,Plaza de España,2026,05,07,1,26,V,2026-05-07 01:00:00,3,False
28,079,4,7,NO,28079004_7_8,Plaza de España,2026,05,07,1,1,V,2026-05-07 01:00:00,3,False
28,079,4,8,NO2,28079004_8_8,Plaza de España,2026,05,07,1,24,V,2026-05-07 01:00:00,3,False
28,079,4,9,PM2.5,28079004_9_A,Plaza de España,2026,05,07,1,4,V,2026-05-07 01:00:00,3,False
28,079,4,10,PM10,28079004_10_A,Plaza de España,2026,05,07,2,6,V,2026-05-07 02:00:00,3,False
28,079,4,12,NOx,28079004_12_8,Plaza de España,2026,05,07,2,9,V,2026-05-07 02:00:00,3,False
28,079,4,7,NO,28079004_7_8,Plaza de España,2026,05,07,2,1,V,2026-05-07 02:00:00,3,False
28,079,4,8,NO2,28079004_8_8,Plaza de España,2026,05,07,2,7,V,2026-05-07 02:00:00,3,False
28,079,4,9,PM2.5,28079004_9_A,Plaza de España,2026,05,07,2,2,V,2026-05-07 02:00:00,3,False
28,079,4,10,PM10,28079004_10_A,Plaza de España,2026,05,07,3,5,V,2026-05-07 03:00:00,3,False
28,079,4,12,NOx,28079004_12_8,Plaza de España,2026,05,07,3,8,V,2026-05-07 03:00:00,3,False
28,079,4,7,NO,28079004_7_8,Plaza de España,2026,05,07,3,1,V,2026-05-07 03:00:00,3,False
28,079,4,8,NO2,28079004_8_8,Plaza de España,2026,05,07,3,7,V,2026-05-07 03:00:00,3,False
28,079,4,9,PM2.5,28079004_9_A,Plaza de España,2026,05,07,3,2,V,2026-05-07 03:00:00,3,False
28,079,4,10,PM10,28079004_10_A,Plaza de España,2026,05,07,4,5,V,2026-05-07 04:00:00,3,False
28,079,4,12,NOx,28079004_12_8,Plaza de España,2026,05,07,4,6,V,2026-05-07 04:00:00,3,False
28,079,4,7,NO,28079004_7_8,Plaza de España,2026,05,07,4,1,V,2026-05-07 04:00:00,3,False
28,079,4,8,NO2,28079004_8_8,Plaza de España,2026,05,07,4,4,V,2026-05-07 04:00:00,3,False
28,079,4,9,PM2.5,28079004_9_A,Plaza de España,2026,05,07,4,2,V,2026-05-07 04:00:00,3,False
28,079,4,10,PM10,28079004_10_A,Plaza de España,2026,05,07,5,5,V,2026-05-07 05:00:00,3,False
28,079,4,12,NOx,28079004_12_8,Plaza de España,2026,05,07,5,6,V,2026-05-07 05:00:00,3,False
28,079,4,7,NO,28079004_7_8,Plaza de España,2026,05,07,5,1,V,2026-05-07 05:00:00,3,False
28,079,4,8,NO2,28079004_8_8,Plaza de España,2026,05,07,5,4,V,2026-05-07 05:00:00,3,False
28,079,4,9,PM2.5,28079004_9_A,Plaza de España,2026,05,07,5,2,V,2026-05-07 05:00:00,3,False
28,079,4,10,PM10,28079004_10_A,Plaza de España,2026,05,07,6,7,V,2026-05-07 06:00:00,3,False
28,079,4,12,NOx,28079004_12_8,Plaza de España,2026,05,07,6,10,V,2026-05-07 06:00:00,3,False
28,079,4,7,NO,28079004_7_8,Plaza de España,2026,05,07,6,2,V,2026-05-07 06:00:00,3,False
28,079,4,8,NO2,28079004_8_8,Plaza de España,2026,05,07,6,8,V,2026-05-07 06:00:00,3,False
28,079,4,9,PM2.5,28079004_9_A,Plaza de España,2026,05,07,6,3,V,2026-05-07 06:00:00,3,False
28,079,4,10,PM10,28079004_10_A,Plaza de España,2026,05,07,7,7,V,2026-05-07 07:00:00,3,False
28,079,4,12,NOx,28079004_12_8,Plaza de España,2026,05,07,7,19,V,2026-05-07 07:00:00,3,False
28,079,4,7,NO,28079004_7_8,Plaza de España,2026,05,07,7,2,V,2026-05-07 07:00:00,3,False
28,079,4,8,NO2,28079004_8_8,Plaza de España,2026,05,07,7,16,V,2026-05-07 07:00:00,3,False
28,079,4,9,PM2.5,28079004_9_A,Plaza de España,2026,05,07,7,3,V,2026-05-07 07:00:00,3,False
28,079,4,10,PM10,28079004_10_A,Plaza de España,2026,05,07,8,12,V,2026-05-07 08:00:00,3,False
28,079,4,12,NOx,28079004_12_8,Plaza de España,2026,05,07,8,29,V,2026-05-07 08:00:00,3,False
28,079,4,7,NO,28079004_7_8,Plaza de España,2026,05,07,8,3,V,2026-05-07 08:00:00,3,False
28,079,4,8,NO2,28079004_8_8,Plaza de España,2026,05,07,8,25,V,2026-05-07 08:00:00,3,False
28,079,4,9,PM2.5,28079004_9_A,Plaza de España,2026,05,07,8,5,V,2026-05-07 08:00:00,3,False
28,079,4,10,PM10,28079004_10_A,Plaza de España,2026,05,07,9,22,V,2026-05-07 09:00:00,3,False
28,079,4,12,NOx,28079004_12_8,Plaza de España,2026,05,07,9,38,V,2026-05-07 09:00:00,3,False
28,079,4,7,NO,28079004_7_8,Plaza de España,2026,05,07,9,3,V,2026-05-07 09:00:00,3,False
28,079,4,8,NO2,28079004_8_8,Plaza de España,2026,05,07,9,33,V,2026-05-07 09:00:00,3,False
28,079,4,9,PM2.5,28079004_9_A,Plaza de España,2026,05,07,9,6,V,2026-05-07 09:00:00,3,False
28,079,4,10,PM10,28079004_10_A,Plaza de España,2026,05,07,10,16,V,2026-05-07 10:00:00,3,False
28,079,4,12,NOx,28079004_12_8,Plaza de España,2026,05,07,10,26,V,2026-05-07 10:00:00,3,False
28,079,4,7,NO,28079004_7_8,Plaza de España,2026,05,07,10,3,V,2026-05-07 10:00:00,3,False
28,079,4,8,NO2,28079004_8_8,Plaza de España,2026,05,07,10,21,V,2026-05-07 10:00:00,3,False
28,079,4,9,PM2.5,28079004_9_A,Plaza de España,2026,05,07,10,6,V,2026-05-07 10:00:00,3,False
28,079,4,10,PM10,28079004_10_A,Plaza de España,2026,05,07,11,20,V,2026-05-07 11:00:00,3,False
28,079,4,12,NOx,28079004_12_8,Plaza de España,2026,05,07,11,25,V,2026-05-07 11:00:00,3,False
28,079,4,7,NO,28079004_7_8,Plaza de España,2026,05,07,11,4,V,2026-05-07 11:00:00,3,False
28,079,4,8,NO2,28079004_8_8,Plaza de España,2026,05,07,11,19,V,2026-05-07 11:00:00,3,False
28,079,4,9,PM2.5,28079004_9_A,Plaza de España,2026,05,07,11,8,V,2026-05-07 11:00:00,3,False
28,079,4,10,PM10,28079004_10_A,Plaza de España,2026,05,07,12,24,V,2026-05-07 12:00:00,3,False
28,079,4,12,NOx,28079004_12_8,Plaza de España,2026,05,07,12,20,V,2026-05-07 12:00:00,3,False
28,079,4,7,NO,28079004_7_8,Plaza de España,2026,05,07,12,3,V,2026-05-07 12:00:00,3,False
28,079,4,8,NO2,28079004_8_8,Plaza de España,2026,05,07,12,15,V,2026-05-07 12:00:00,3,False
28,079,4,9,PM2.5,28079004_9_A,Plaza de España,2026,05,07,12,9,V,2026-05-07 12:00:00,3,False
28,079,4,10,PM10,28079004_10_A,Plaza de España,2026,05,07,13,0,N,2026-05-07 13:00:00,3,False
28,079,4,12,NOx,28079004_12_8,Plaza de España,2026,05,07,13,0,N,2026-05-07 13:00:00,3,False
28,079,4,7,NO,28079004_7_8,Plaza de España,2026,05,07,13,0,N,2026-05-07 13:00:00,3,False
28,079,4,8,NO2,28079004_8_8,Plaza de España,2026,05,07,13,0,N,2026-05-07 13:00:00,3,False
28,079,4,9,PM2.5,28079004_9_A,Plaza de España,2026,05,07,13,0,N,2026-05-07 13:00:00,3,False
28,079,4,10,PM10,28079004_10_A,Plaza de España,2026,05,07,14,0,N,2026-05-07 14:00:00,3,False
28,079,4,12,NOx,28079004_12_8,Plaza de España,2026,05,07,14,0,N,2026-05-07 14:00:00,3,False
28,079,4,7,NO,28079004_7_8,Plaza de España,2026,05,07,14,0,N,2026-05-07 14:00:00,3,False
28,079,4,8,NO2,28079004_8_8,Plaza de España,2026,05,07,14,0,N,2026-05-07 14:00:00,3,False
28,079,4,9,PM2.5,28079004_9_A,Plaza de España,2026,05,07,14,0,N,2026-05-07 14:00:00,3,False
28,079,4,10,PM10,28079004_10_A,Plaza de España,2026,05,07,15,0,N,2026-05-07 15:00:00,3,False
28,079,4,12,NOx,28079004_12_8,Plaza de España,2026,05,07,15,0,N,2026-05-07 15:00:00,3,False
28,079,4,7,NO,28079004_7_8,Plaza de España,2026,05,07,15,0,N,2026-05-07 15:00:00,3,False
28,079,4,8,NO2,28079004_8_8,Plaza de España,2026,05,07,15,0,N,2026-05-07 15:00:00,3,False
28,079,4,9,PM2.5,28079004_9_A,Plaza de España,2026,05,07,15,0,N,2026-05-07 15:00:00,3,False
28,079,4,10,PM10,28079004_10_A,Plaza de España,2026,05,07,16,0,N,2026-05-07 16:00:00,3,False
28,079,4,12,NOx,28079004_12_8,Plaza de España,2026,05,07,16,0,N,2026-05-07 16:00:00,3,False
28,079,4,7,NO,28079004_7_8,Plaza de España,2026,05,07,16,0,N,2026-05-07 16:00:00,3,False
28,079,4,8,NO2,28079004_8_8,Plaza de España,2026,05,07,16,0,N,2026-05-07 16:00:00,3,False
28,079,4,9,PM2.5,28079004_9_A,Plaza de España,2026,05,07,16,0,N,2026-05-07 16:00:00,3,False
28,079,4,10,PM10,28079004_10_A,Plaza de España,2026,05,07,17,0,N,2026-05-07 17:00:00,3,False
28,079,4,12,NOx,28079004_12_8,Plaza de España,2026,05,07,17,0,N,2026-05-07 17:00:00,3,False
28,079,4,7,NO,28079004_7_8,Plaza de España,2026,05,07,17,0,N,2026-05-07 17:00:00,3,False
28,079,4,8,NO2,28079004_8_8,Plaza de España,2026,05,07,17,0,N,2026-05-07 17:00:00,3,False
28,079,4,9,PM2.5,28079004_9_A,Plaza de España,2026,05,07,17,0,N,2026-05-07 17:00:00,3,False
28,079,4,10,PM10,28079004_10_A,Plaza de España,2026,05,07,18,0,N,2026-05-07 18:00:00,3,False
28,079,4,12,NOx,28079004_12_8,Plaza de España,2026,05,07,18,0,N,2026-05-07 18:00:00,3,False
28,079,4,7,NO,28079004_7_8,Plaza de España,2026,05,07,18,0,N,2026-05-07 18:00:00,3,False
28,079,4,8,NO2,28079004_8_8,Plaza de España,2026,05,07,18,0,N,2026-05-07 18:00:00,3,False
28,079,4,9,PM2.5,28079004_9_A,Plaza de España,2026,05,07,18,0,N,2026-05-07 18:00:00,3,False
28,079,4,10,PM10,28079004_10_A,Plaza de España,2026,05,07,19,0,N,2026-05-07 19:00:00,3,False
28,079,4,12,NOx,28079004_12_8,Plaza de España,2026,05,07,19,0,N,2026-05-07 19:00:00,3,False
28,079,4,7,NO,28079004_7_8,Plaza de España,2026,05,07,19,0,N,2026-05-07 19:00:00,3,False
28,079,4,8,NO2,28079004_8_8,Plaza de España,2026,05,07,19,0,N,2026-05-07 19:00:00,3,False
28,079,4,9,PM2.5,28079004_9_A,Plaza de España,2026,05,07,19,0,N,2026-05-07 19:00:00,3,False
28,079,4,10,PM10,28079004_10_A,Plaza de España,2026,05,07,20,0,N,2026-05-07 20:00:00,3,False
28,079,4,12,NOx,28079004_12_8,Plaza de España,2026,05,07,20,0,N,2026-05-07 20:00:00,3,False
28,079,4,7,NO,28079004_7_8,Plaza de España,2026,05,07,20,0,N,2026-05-07 20:00:00,3,False
28,079,4,8,NO2,28079004_8_8,Plaza de España,2026,05,07,20,0,N,2026-05-07 20:00:00,3,False
28,079,4,9,PM2.5,28079004_9_A,Plaza de España,2026,05,07,20,0,N,2026-05-07 20:00:00,3,False
28,079,4,10,PM10,28079004_10_A,Plaza de España,2026,05,07,21,0,N,2026-05-07 21:00:00,3,False
28,079,4,12,NOx,28079004_12_8,Plaza de España,2026,05,07,21,0,N,2026-05-07 21:00:00,3,False
28,079,4,7,NO,28079004_7_8,Plaza de España,2026,05,07,21,0,N,2026-05-07 21:00:00,3,False
28,079,4,8,NO2,28079004_8_8,Plaza de España,2026,05,07,21,0,N,2026-05-07 21:00:00,3,False
28,079,4,9,PM2.5,28079004_9_A,Plaza de España,2026,05,07,21,0,N,2026-05-07 21:00:00,3,False
28,079,4,10,PM10,28079004_10_A,Plaza de España,2026,05,07,22,0,N,2026-05-07 22:00:00,3,False
28,079,4,12,NOx,28079004_12_8,Plaza de España,2026,05,07,22,0,N,2026-05-07 22:00:00,3,False
28,079,4,7,NO,28079004_7_8,Plaza de España,2026,05,07,22,0,N,2026-05-07 22:00:00,3,False
28,079,4,8,NO2,28079004_8_8,Plaza de España,2026,05,07,22,0,N,2026-05-07 22:00:00,3,False
28,079,4,9,PM2.5,28079004_9_A,Plaza de España,2026,05,07,22,0,N,2026-05-07 22:00:00,3,False
28,079,4,10,PM10,28079004_10_A,Plaza de España,2026,05,07,23,0,N,2026-05-07 23:00:00,3,False
28,079,4,12,NOx,28079004_12_8,Plaza de España,2026,05,07,23,0,N,2026-05-07 23:00:00,3,False
28,079,4,7,NO,28079004_7_8,Plaza de España,2026,05,07,23,0,N,2026-05-07 23:00:00,3,False
28,079,4,8,NO2,28079004_8_8,Plaza de España,2026,05,07,23,0,N,2026-05-07 23:00:00,3,False
28,079,4,9,PM2.5,28079004_9_A,Plaza de España,2026,05,07,23,0,N,2026-05-07 23:00:00,3,False
28,079,35,12,NOx,28079035_12_8,Plaza del Carmen,2026,05,07,0,52,V,2026-05-07 00:00:00,3,False
28,079,35,14,O3,28079035_14_6,Plaza del Carmen,2026,05,07,0,58,V,2026-05-07 00:00:00,3,False
28,079,35,7,NO,28079035_7_8,Plaza del Carmen,2026,05,07,0,1,V,2026-05-07 00:00:00,3,False
28,079,35,8,NO2,28079035_8_8,Plaza del Carmen,2026,05,07,0,50,V,2026-05-07 00:00:00,3,False
28,079,35,12,NOx,28079035_12_8,Plaza del Carmen,2026,05,07,1,18,V,2026-05-07 01:00:00,3,False
28,079,35,14,O3,28079035_14_6,Plaza del Carmen,2026,05,07,1,77,V,2026-05-07 01:00:00,3,False
28,079,35,7,NO,28079035_7_8,Plaza del Carmen,2026,05,07,1,0,V,2026-05-07 01:00:00,3,False
28,079,35,8,NO2,28079035_8_8,Plaza del Carmen,2026,05,07,1,18,V,2026-05-07 01:00:00,3,False
28,079,35,12,NOx,28079035_12_8,Plaza del Carmen,2026,05,07,2,8,V,2026-05-07 02:00:00,3,False
28,079,35,14,O3,28079035_14_6,Plaza del Carmen,2026,05,07,2,74,V,2026-05-07 02:00:00,3,False
28,079,35,7,NO,28079035_7_8,Plaza del Carmen,2026,05,07,2,0,V,2026-05-07 02:00:00,3,False
28,079,35,8,NO2,28079035_8_8,Plaza del Carmen,2026,05,07,2,8,V,2026-05-07 02:00:00,3,False
28,079,35,12,NOx,28079035_12_8,Plaza del Carmen,2026,05,07,3,11,V,2026-05-07 03:00:00,3,False
28,079,35,14,O3,28079035_14_6,Plaza del Carmen,2026,05,07,3,68,V,2026-05-07 03:00:00,3,False
28,079,35,7,NO,28079035_7_8,Plaza del Carmen,2026,05,07,3,0,V,2026-05-07 03:00:00,3,False
28,079,35,8,NO2,28079035_8_8,Plaza del Carmen,2026,05,07,3,11,V,2026-05-07 03:00:00,3,False
28,079,35,12,NOx,28079035_12_8,Plaza del Carmen,2026,05,07,4,8,V,2026-05-07 04:00:00,3,False
28,079,35,14,O3,28079035_14_6,Plaza del Carmen,2026,05,07,4,70,V,2026-05-07 04:00:00,3,False
28,079,35,7,NO,28079035_7_8,Plaza del Carmen,2026,05,07,4,0,V,2026-05-07 04:00:00,3,False
28,079,35,8,NO2,28079035_8_8,Plaza del Carmen,2026,05,07,4,8,V,2026-05-07 04:00:00,3,False
28,079,35,12,NOx,28079035_12_8,Plaza del Carmen,2026,05,07,5,8,V,2026-05-07 05:00:00,3,False
28,079,35,14,O3,28079035_14_6,Plaza del Carmen,2026,05,07,5,72,V,2026-05-07 05:00:00,3,False
28,079,35,7,NO,28079035_7_8,Plaza del Carmen,2026,05,07,5,0,V,2026-05-07 05:00:00,3,False
28,079,35,8,NO2,28079035_8_8,Plaza del Carmen,2026,05,07,5,8,V,2026-05-07 05:00:00,3,False
28,079,35,12,NOx,28079035_12_8,Plaza del Carmen,2026,05,07,6,12,V,2026-05-07 06:00:00,3,False
28,079,35,14,O3,28079035_14_6,Plaza del Carmen,2026,05,07,6,67,V,2026-05-07 06:00:00,3,False
28,079,35,7,NO,28079035_7_8,Plaza del Carmen,2026,05,07,6,0,V,2026-05-07 06:00:00,3,False
28,079,35,8,NO2,28079035_8_8,Plaza del Carmen,2026,05,07,6,12,V,2026-05-07 06:00:00,3,False
28,079,35,12,NOx,28079035_12_8,Plaza del Carmen,2026,05,07,7,25,V,2026-05-07 07:00:00,3,False
28,079,35,14,O3,28079035_14_6,Plaza del Carmen,2026,05,07,7,57,V,2026-05-07 07:00:00,3,False
28,079,35,7,NO,28079035_7_8,Plaza del Carmen,2026,05,07,7,2,V,2026-05-07 07:00:00,3,False
28,079,35,8,NO2,28079035_8_8,Plaza del Carmen,2026,05,07,7,22,V,2026-05-07 07:00:00,3,False
28,079,35,12,NOx,28079035_12_8,Plaza del Carmen,2026,05,07,8,32,V,2026-05-07 08:00:00,3,False
28,079,35,14,O3,28079035_14_6,Plaza del Carmen,2026,05,07,8,56,V,2026-05-07 08:00:00,3,False
28,079,35,7,NO,28079035_7_8,Plaza del Carmen,2026,05,07,8,2,V,2026-05-07 08:00:00,3,False
28,079,35,8,NO2,28079035_8_8,Plaza del Carmen,2026,05,07,8,30,V,2026-05-07 08:00:00,3,False
28,079,35,12,NOx,28079035_12_8,Plaza del Carmen,2026,05,07,9,35,V,2026-05-07 09:00:00,3,False
28,079,35,14,O3,28079035_14_6,Plaza del Carmen,2026,05,07,9,57,V,2026-05-07 09:00:00,3,False
28,079,35,7,NO,28079035_7_8,Plaza del Carmen,2026,05,07,9,3,V,2026-05-07 09:00:00,3,False
28,079,35,8,NO2,28079035_8_8,Plaza del Carmen,2026,05,07,9,31,V,2026-05-07 09:00:00,3,False
28,079,35,12,NOx,28079035_12_8,Plaza del Carmen,2026,05,07,10,25,V,2026-05-07 10:00:00,3,False
28,079,35,14,O3,28079035_14_6,Plaza del Carmen,2026,05,07,10,77,V,2026-05-07 10:00:00,3,False
28,079,35,7,NO,28079035_7_8,Plaza del Carmen,2026,05,07,10,5,V,2026-05-07 10:00:00,3,False
28,079,35,8,NO2,28079035_8_8,Plaza del Carmen,2026,05,07,10,18,V,2026-05-07 10:00:00,3,False
28,079,35,12,NOx,28079035_12_8,Plaza del Carmen,2026,05,07,11,23,V,2026-05-07 11:00:00,3,False
28,079,35,14,O3,28079035_14_6,Plaza del Carmen,2026,05,07,11,79,V,2026-05-07 11:00:00,3,False
28,079,35,7,NO,28079035_7_8,Plaza del Carmen,2026,05,07,11,4,V,2026-05-07 11:00:00,3,False
28,079,35,8,NO2,28079035_8_8,Plaza del Carmen,2026,05,07,11,17,V,2026-05-07 11:00:00,3,False
28,079,35,12,NOx,28079035_12_8,Plaza del Carmen,2026,05,07,12,17,V,2026-05-07 12:00:00,3,False
28,079,35,14,O3,28079035_14_6,Plaza del Carmen,2026,05,07,12,87,V,2026-05-07 12:00:00,3,False
28,079,35,7,NO,28079035_7_8,Plaza del Carmen,2026,05,07,12,3,V,2026-05-07 12:00:00,3,False
28,079,35,8,NO2,28079035_8_8,Plaza del Carmen,2026,05,07,12,13,V,2026-05-07 12:00:00,3,False
28,079,35,12,NOx,28079035_12_8,Plaza del Carmen,2026,05,07,13,0,N,2026-05-07 13:00:00,3,False
28,079,35,14,O3,28079035_14_6,Plaza del Carmen,2026,05,07,13,0,N,2026-05-07 13:00:00,3,False
28,079,35,7,NO,28079035_7_8,Plaza del Carmen,2026,05,07,13,0,N,2026-05-07 13:00:00,3,False
28,079,35,8,NO2,28079035_8_8,Plaza del Carmen,2026,05,07,13,0,N,2026-05-07 13:00:00,3,False
28,079,35,12,NOx,28079035_12_8,Plaza del Carmen,2026,05,07,14,0,N,2026-05-07 14:00:00,3,False
28,079,35,14,O3,28079035_14_6,Plaza del Carmen,2026,05,07,14,0,N,2026-05-07 14:00:00,3,False
28,079,35,7,NO,28079035_7_8,Plaza del Carmen,2026,05,07,14,0,N,2026-05-07 14:00:00,3,False
28,079,35,8,NO2,28079035_8_8,Plaza del Carmen,2026,05,07,14,0,N,2026-05-07 14:00:00,3,False
28,079,35,12,NOx,28079035_12_8,Plaza del Carmen,2026,05,07,15,0,N,2026-05-07 15:00:00,3,False
28,079,35,14,O3,28079035_14_6,Plaza del Carmen,2026,05,07,15,0,N,2026-05-07 15:00:00,3,False
28,079,35,7,NO,28079035_7_8,Plaza del Carmen,2026,05,07,15,0,N,2026-05-07 15:00:00,3,False
28,079,35,8,NO2,28079035_8_8,Plaza del Carmen,2026,05,07,15,0,N,2026-05-07 15:00:00,3,False
28,079,35,12,NOx,28079035_12_8,Plaza del Carmen,2026,05,07,16,0,N,2026-05-07 16:00:00,3,False
28,079,35,14,O3,28079035_14_6,Plaza del Carmen,2026,05,07,16,0,N,2026-05-07 16:00:00,3,False
28,079,35,7,NO,28079035_7_8,Plaza del Carmen,2026,05,07,16,0,N,2026-05-07 16:00:00,3,False
28,079,35,8,NO2,28079035_8_8,Plaza del Carmen,2026,05,07,16,0,N,2026-05-07 16:00:00,3,False
28,079,35,12,NOx,28079035_12_8,Plaza del Carmen,2026,05,07,17,0,N,2026-05-07 17:00:00,3,False
28,079,35,14,O3,28079035_14_6,Plaza del Carmen,2026,05,07,17,0,N,2026-05-07 17:00:00,3,False
28,079,35,7,NO,28079035_7_8,Plaza del Carmen,2026,05,07,17,0,N,2026-05-07 17:00:00,3,False
28,079,35,8,NO2,28079035_8_8,Plaza del Carmen,2026,05,07,17,0,N,2026-05-07 17:00:00,3,False
28,079,35,12,NOx,28079035_12_8,Plaza del Carmen,2026,05,07,18,0,N,2026-05-07 18:00:00,3,False
28,079,35,14,O3,28079035_14_6,Plaza del Carmen,2026,05,07,18,0,N,2026-05-07 18:00:00,3,False
28,079,35,7,NO,28079035_7_8,Plaza del Carmen,2026,05,07,18,0,N,2026-05-07 18:00:00,3,False
28,079,35,8,NO2,28079035_8_8,Plaza del Carmen,2026,05,07,18,0,N,2026-05-07 18:00:00,3,False
28,079,35,12,NOx,28079035_12_8,Plaza del Carmen,2026,05,07,19,0,N,2026-05-07 19:00:00,3,False
28,079,35,14,O3,28079035_14_6,Plaza del Carmen,2026,05,07,19,0,N,2026-05-07 19:00:00,3,False
28,079,35,7,NO,28079035_7_8,Plaza del Carmen,2026,05,07,19,0,N,2026-05-07 19:00:00,3,False
28,079,35,8,NO2,28079035_8_8,Plaza del Carmen,2026,05,07,19,0,N,2026-05-07 19:00:00,3,False
28,079,35,12,NOx,28079035_12_8,Plaza del Carmen,2026,05,07,20,0,N,2026-05-07 20:00:00,3,False
28,079,35,14,O3,28079035_14_6,Plaza del Carmen,2026,05,07,20,0,N,2026-05-07 20:00:00,3,False
28,079,35,7,NO,28079035_7_8,Plaza del Carmen,2026,05,07,20,0,N,2026-05-07 20:00:00,3,False
28,079,35,8,NO2,28079035_8_8,Plaza del Carmen,2026,05,07,20,0,N,2026-05-07 20:00:00,3,False
28,079,35,12,NOx,28079035_12_8,Plaza del Carmen,2026,05,07,21,0,N,2026-05-07 21:00:00,3,False
28,079,35,14,O3,28079035_14_6,Plaza del Carmen,2026,05,07,21,0,N,2026-05-07 21:00:00,3,False
28,079,35,7,NO,28079035_7_8,Plaza del Carmen,2026,05,07,21,0,N,2026-05-07 21:00:00,3,False
28,079,35,8,NO2,28079035_8_8,Plaza del Carmen,2026,05,07,21,0,N,2026-05-07 21:00:00,3,False
28,079,35,12,NOx,28079035_12_8,Plaza del Carmen,2026,05,07,22,0,N,2026-05-07 22:00:00,3,False
28,079,35,14,O3,28079035_14_6,Plaza del Carmen,2026,05,07,22,0,N,2026-05-07 22:00:00,3,False
28,079,35,7,NO,28079035_7_8,Plaza del Carmen,2026,05,07,22,0,N,2026-05-07 22:00:00,3,False
28,079,35,8,NO2,28079035_8_8,Plaza del Carmen,2026,05,07,22,0,N,2026-05-07 22:00:00,3,False
28,079,35,12,NOx,28079035_12_8,Plaza del Carmen,2026,05,07,23,0,N,2026-05-07 23:00:00,3,False
28,079,35,14,O3,28079035_14_6,Plaza del Carmen,2026,05,07,23,0,N,2026-05-07 23:00:00,3,False
28,079,35,7,NO,28079035_7_8,Plaza del Carmen,2026,05,07,23,0,N,2026-05-07 23:00:00,3,False
28,079,35,8,NO2,28079035_8_8,Plaza del Carmen,2026,05,07,23,0,N,2026-05-07 23:00:00,3,False
28,079,11,12,NOx,28079011_12_8,Ramón y Cajal,2026,05,07,0,38,V,2026-05-07 00:00:00,3,False
28,079,11,7,NO,28079011_7_8,Ramón y Cajal,2026,05,07,0,0,V,2026-05-07 00:00:00,3,False
28,079,11,8,NO2,28079011_8_8,Ramón y Cajal,2026,05,07,0,38,V,2026-05-07 00:00:00,3,False
28,079,11,12,NOx,28079011_12_8,Ramón y Cajal,2026,05,07,1,8,V,2026-05-07 01:00:00,3,False
28,079,11,7,NO,28079011_7_8,Ramón y Cajal,2026,05,07,1,0,V,2026-05-07 01:00:00,3,False
28,079,11,8,NO2,28079011_8_8,Ramón y Cajal,2026,05,07,1,8,V,2026-05-07 01:00:00,3,False
28,079,11,12,NOx,28079011_12_8,Ramón y Cajal,2026,05,07,2,4,V,2026-05-07 02:00:00,3,False
28,079,11,7,NO,28079011_7_8,Ramón y Cajal,2026,05,07,2,0,V,2026-05-07 02:00:00,3,False
28,079,11,8,NO2,28079011_8_8,Ramón y Cajal,2026,05,07,2,4,V,2026-05-07 02:00:00,3,False
28,079,11,12,NOx,28079011_12_8,Ramón y Cajal,2026,05,07,3,4,V,2026-05-07 03:00:00,3,False
28,079,11,7,NO,28079011_7_8,Ramón y Cajal,2026,05,07,3,0,V,2026-05-07 03:00:00,3,False
28,079,11,8,NO2,28079011_8_8,Ramón y Cajal,2026,05,07,3,4,V,2026-05-07 03:00:00,3,False
28,079,11,12,NOx,28079011_12_8,Ramón y Cajal,2026,05,07,4,4,V,2026-05-07 04:00:00,3,False
28,079,11,7,NO,28079011_7_8,Ramón y Cajal,2026,05,07,4,0,V,2026-05-07 04:00:00,3,False
28,079,11,8,NO2,28079011_8_8,Ramón y Cajal,2026,05,07,4,4,V,2026-05-07 04:00:00,3,False
28,079,11,12,NOx,28079011_12_8,Ramón y Cajal,2026,05,07,5,5,V,2026-05-07 05:00:00,3,False
28,079,11,7,NO,28079011_7_8,Ramón y Cajal,2026,05,07,5,0,V,2026-05-07 05:00:00,3,False
28,079,11,8,NO2,28079011_8_8,Ramón y Cajal,2026,05,07,5,5,V,2026-05-07 05:00:00,3,False
28,079,11,12,NOx,28079011_12_8,Ramón y Cajal,2026,05,07,6,12,V,2026-05-07 06:00:00,3,False
28,079,11,7,NO,28079011_7_8,Ramón y Cajal,2026,05,07,6,0,V,2026-05-07 06:00:00,3,False
28,079,11,8,NO2,28079011_8_8,Ramón y Cajal,2026,05,07,6,12,V,2026-05-07 06:00:00,3,False
28,079,11,12,NOx,28079011_12_8,Ramón y Cajal,2026,05,07,7,24,V,2026-05-07 07:00:00,3,False
28,079,11,7,NO,28079011_7_8,Ramón y Cajal,2026,05,07,7,0,V,2026-05-07 07:00:00,3,False
28,079,11,8,NO2,28079011_8_8,Ramón y Cajal,2026,05,07,7,23,V,2026-05-07 07:00:00,3,False
28,079,11,12,NOx,28079011_12_8,Ramón y Cajal,2026,05,07,8,33,V,2026-05-07 08:00:00,3,False
28,079,11,7,NO,28079011_7_8,Ramón y Cajal,2026,05,07,8,2,V,2026-05-07 08:00:00,3,False
28,079,11,8,NO2,28079011_8_8,Ramón y Cajal,2026,05,07,8,31,V,2026-05-07 08:00:00,3,False
28,079,11,12,NOx,28079011_12_8,Ramón y Cajal,2026,05,07,9,38,V,2026-05-07 09:00:00,3,False
28,079,11,7,NO,28079011_7_8,Ramón y Cajal,2026,05,07,9,3,V,2026-05-07 09:00:00,3,False
28,079,11,8,NO2,28079011_8_8,Ramón y Cajal,2026,05,07,9,33,V,2026-05-07 09:00:00,3,False
28,079,11,12,NOx,28079011_12_8,Ramón y Cajal,2026,05,07,10,28,V,2026-05-07 10:00:00,3,False
28,079,11,7,NO,28079011_7_8,Ramón y Cajal,2026,05,07,10,4,V,2026-05-07 10:00:00,3,False
28,079,11,8,NO2,28079011_8_8,Ramón y Cajal,2026,05,07,10,21,V,2026-05-07 10:00:00,3,False
28,079,11,12,NOx,28079011_12_8,Ramón y Cajal,2026,05,07,11,29,V,2026-05-07 11:00:00,3,False
28,079,11,7,NO,28079011_7_8,Ramón y Cajal,2026,05,07,11,6,V,2026-05-07 11:00:00,3,False
28,079,11,8,NO2,28079011_8_8,Ramón y Cajal,2026,05,07,11,20,V,2026-05-07 11:00:00,3,False
28,079,11,12,NOx,28079011_12_8,Ramón y Cajal,2026,05,07,12,35,V,2026-05-07 12:00:00,3,False
28,079,11,7,NO,28079011_7_8,Ramón y Cajal,2026,05,07,12,8,V,2026-05-07 12:00:00,3,False
28,079,11,8,NO2,28079011_8_8,Ramón y Cajal,2026,05,07,12,23,V,2026-05-07 12:00:00,3,False
28,079,11,12,NOx,28079011_12_8,Ramón y Cajal,2026,05,07,13,0,N,2026-05-07 13:00:00,3,False
28,079,11,7,NO,28079011_7_8,Ramón y Cajal,2026,05,07,13,0,N,2026-05-07 13:00:00,3,False
28,079,11,8,NO2,28079011_8_8,Ramón y Cajal,2026,05,07,13,0,N,2026-05-07 13:00:00,3,False
28,079,11,12,NOx,28079011_12_8,Ramón y Cajal,2026,05,07,14,0,N,2026-05-07 14:00:00,3,False
28,079,11,7,NO,28079011_7_8,Ramón y Cajal,2026,05,07,14,0,N,2026-05-07 14:00:00,3,False
28,079,11,8,NO2,28079011_8_8,Ramón y Cajal,2026,05,07,14,0,N,2026-05-07 14:00:00,3,False
28,079,11,12,NOx,28079011_12_8,Ramón y Cajal,2026,05,07,15,0,N,2026-05-07 15:00:00,3,False
28,079,11,7,NO,28079011_7_8,Ramón y Cajal,2026,05,07,15,0,N,2026-05-07 15:00:00,3,False
28,079,11,8,NO2,28079011_8_8,Ramón y Cajal,2026,05,07,15,0,N,2026-05-07 15:00:00,3,False
28,079,11,12,NOx,28079011_12_8,Ramón y Cajal,2026,05,07,16,0,N,2026-05-07 16:00:00,3,False
28,079,11,7,NO,28079011_7_8,Ramón y Cajal,2026,05,07,16,0,N,2026-05-07 16:00:00,3,False
28,079,11,8,NO2,28079011_8_8,Ramón y Cajal,2026,05,07,16,0,N,2026-05-07 16:00:00,3,False
28,079,11,12,NOx,28079011_12_8,Ramón y Cajal,2026,05,07,17,0,N,2026-05-07 17:00:00,3,False
28,079,11,7,NO,28079011_7_8,Ramón y Cajal,2026,05,07,17,0,N,2026-05-07 17:00:00,3,False
28,079,11,8,NO2,28079011_8_8,Ramón y Cajal,2026,05,07,17,0,N,2026-05-07 17:00:00,3,False
28,079,11,12,NOx,28079011_12_8,Ramón y Cajal,2026,05,07,18,0,N,2026-05-07 18:00:00,3,False
28,079,11,7,NO,28079011_7_8,Ramón y Cajal,2026,05,07,18,0,N,2026-05-07 18:00:00,3,False
28,079,11,8,NO2,28079011_8_8,Ramón y Cajal,2026,05,07,18,0,N,2026-05-07 18:00:00,3,False
28,079,11,12,NOx,28079011_12_8,Ramón y Cajal,2026,05,07,19,0,N,2026-05-07 19:00:00,3,False
28,079,11,7,NO,28079011_7_8,Ramón y Cajal,2026,05,07,19,0,N,2026-05-07 19:00:00,3,False
28,079,11,8,NO2,28079011_8_8,Ramón y Cajal,2026,05,07,19,0,N,2026-05-07 19:00:00,3,False
28,079,11,12,NOx,28079011_12_8,Ramón y Cajal,2026,05,07,20,0,N,2026-05-07 20:00:00,3,False
28,079,11,7,NO,28079011_7_8,Ramón y Cajal,2026,05,07,20,0,N,2026-05-07 20:00:00,3,False
28,079,11,8,NO2,28079011_8_8,Ramón y Cajal,2026,05,07,20,0,N,2026-05-07 20:00:00,3,False
28,079,11,12,NOx,28079011_12_8,Ramón y Cajal,2026,05,07,21,0,N,2026-05-07 21:00:00,3,False
28,079,11,7,NO,28079011_7_8,Ramón y Cajal,2026,05,07,21,0,N,2026-05-07 21:00:00,3,False
28,079,11,8,NO2,28079011_8_8,Ramón y Cajal,2026,05,07,21,0,N,2026-05-07 21:00:00,3,False
28,079,11,12,NOx,28079011_12_8,Ramón y Cajal,2026,05,07,22,0,N,2026-05-07 22:00:00,3,False
28,079,11,7,NO,28079011_7_8,Ramón y Cajal,2026,05,07,22,0,N,2026-05-07 22:00:00,3,False
28,079,11,8,NO2,28079011_8_8,Ramón y Cajal,2026,05,07,22,0,N,2026-05-07 22:00:00,3,False
28,079,11,12,NOx,28079011_12_8,Ramón y Cajal,2026,05,07,23,0,N,2026-05-07 23:00:00,3,False
28,079,11,7,NO,28079011_7_8,Ramón y Cajal,2026,05,07,23,0,N,2026-05-07 23:00:00,3,False
28,079,11,8,NO2,28079011_8_8,Ramón y Cajal,2026,05,07,23,0,N,2026-05-07 23:00:00,3,False
28,079,57,10,PM10,28079057_10_47,Sanchinarro,2026,05,07,0,14,V,2026-05-07 00:00:00,3,False
28,079,57,12,NOx,28079057_12_8,Sanchinarro,2026,05,07,0,17,V,2026-05-07 00:00:00,3,False
28,079,57,7,NO,28079057_7_8,Sanchinarro,2026,05,07,0,0,V,2026-05-07 00:00:00,3,False
28,079,57,8,NO2,28079057_8_8,Sanchinarro,2026,05,07,0,16,V,2026-05-07 00:00:00,3,False
28,079,57,9,PM2.5,28079057_9_A,Sanchinarro,2026,05,07,0,6,V,2026-05-07 00:00:00,3,False
28,079,57,10,PM10,28079057_10_47,Sanchinarro,2026,05,07,1,9,V,2026-05-07 01:00:00,3,False
28,079,57,12,NOx,28079057_12_8,Sanchinarro,2026,05,07,1,6,V,2026-05-07 01:00:00,3,False
28,079,57,7,NO,28079057_7_8,Sanchinarro,2026,05,07,1,0,V,2026-05-07 01:00:00,3,False
28,079,57,8,NO2,28079057_8_8,Sanchinarro,2026,05,07,1,6,V,2026-05-07 01:00:00,3,False
28,079,57,9,PM2.5,28079057_9_A,Sanchinarro,2026,05,07,1,4,V,2026-05-07 01:00:00,3,False
28,079,57,10,PM10,28079057_10_47,Sanchinarro,2026,05,07,2,5,V,2026-05-07 02:00:00,3,False
28,079,57,12,NOx,28079057_12_8,Sanchinarro,2026,05,07,2,2,V,2026-05-07 02:00:00,3,False
28,079,57,7,NO,28079057_7_8,Sanchinarro,2026,05,07,2,0,V,2026-05-07 02:00:00,3,False
28,079,57,8,NO2,28079057_8_8,Sanchinarro,2026,05,07,2,2,V,2026-05-07 02:00:00,3,False
28,079,57,9,PM2.5,28079057_9_A,Sanchinarro,2026,05,07,2,2,V,2026-05-07 02:00:00,3,False
28,079,57,10,PM10,28079057_10_47,Sanchinarro,2026,05,07,3,7,V,2026-05-07 03:00:00,3,False
28,079,57,12,NOx,28079057_12_8,Sanchinarro,2026,05,07,3,4,V,2026-05-07 03:00:00,3,False
28,079,57,7,NO,28079057_7_8,Sanchinarro,2026,05,07,3,0,V,2026-05-07 03:00:00,3,False
28,079,57,8,NO2,28079057_8_8,Sanchinarro,2026,05,07,3,3,V,2026-05-07 03:00:00,3,False
28,079,57,9,PM2.5,28079057_9_A,Sanchinarro,2026,05,07,3,4,V,2026-05-07 03:00:00,3,False
28,079,57,10,PM10,28079057_10_47,Sanchinarro,2026,05,07,4,6,V,2026-05-07 04:00:00,3,False
28,079,57,12,NOx,28079057_12_8,Sanchinarro,2026,05,07,4,3,V,2026-05-07 04:00:00,3,False
28,079,57,7,NO,28079057_7_8,Sanchinarro,2026,05,07,4,0,V,2026-05-07 04:00:00,3,False
28,079,57,8,NO2,28079057_8_8,Sanchinarro,2026,05,07,4,2,V,2026-05-07 04:00:00,3,False
28,079,57,9,PM2.5,28079057_9_A,Sanchinarro,2026,05,07,4,3,V,2026-05-07 04:00:00,3,False
28,079,57,10,PM10,28079057_10_47,Sanchinarro,2026,05,07,5,4,V,2026-05-07 05:00:00,3,False
28,079,57,12,NOx,28079057_12_8,Sanchinarro,2026,05,07,5,3,V,2026-05-07 05:00:00,3,False
28,079,57,7,NO,28079057_7_8,Sanchinarro,2026,05,07,5,0,V,2026-05-07 05:00:00,3,False
28,079,57,8,NO2,28079057_8_8,Sanchinarro,2026,05,07,5,3,V,2026-05-07 05:00:00,3,False
28,079,57,9,PM2.5,28079057_9_A,Sanchinarro,2026,05,07,5,3,V,2026-05-07 05:00:00,3,False
28,079,57,10,PM10,28079057_10_47,Sanchinarro,2026,05,07,6,5,V,2026-05-07 06:00:00,3,False
28,079,57,12,NOx,28079057_12_8,Sanchinarro,2026,05,07,6,8,V,2026-05-07 06:00:00,3,False
28,079,57,7,NO,28079057_7_8,Sanchinarro,2026,05,07,6,0,V,2026-05-07 06:00:00,3,False
28,079,57,8,NO2,28079057_8_8,Sanchinarro,2026,05,07,6,7,V,2026-05-07 06:00:00,3,False
28,079,57,9,PM2.5,28079057_9_A,Sanchinarro,2026,05,07,6,3,V,2026-05-07 06:00:00,3,False
28,079,57,10,PM10,28079057_10_47,Sanchinarro,2026,05,07,7,8,V,2026-05-07 07:00:00,3,False
28,079,57,12,NOx,28079057_12_8,Sanchinarro,2026,05,07,7,18,V,2026-05-07 07:00:00,3,False
28,079,57,7,NO,28079057_7_8,Sanchinarro,2026,05,07,7,1,V,2026-05-07 07:00:00,3,False
28,079,57,8,NO2,28079057_8_8,Sanchinarro,2026,05,07,7,16,V,2026-05-07 07:00:00,3,False
28,079,57,9,PM2.5,28079057_9_A,Sanchinarro,2026,05,07,7,4,V,2026-05-07 07:00:00,3,False
28,079,57,10,PM10,28079057_10_47,Sanchinarro,2026,05,07,8,12,V,2026-05-07 08:00:00,3,False
28,079,57,12,NOx,28079057_12_8,Sanchinarro,2026,05,07,8,29,V,2026-05-07 08:00:00,3,False
28,079,57,7,NO,28079057_7_8,Sanchinarro,2026,05,07,8,5,V,2026-05-07 08:00:00,3,False
28,079,57,8,NO2,28079057_8_8,Sanchinarro,2026,05,07,8,22,V,2026-05-07 08:00:00,3,False
28,079,57,9,PM2.5,28079057_9_A,Sanchinarro,2026,05,07,8,6,V,2026-05-07 08:00:00,3,False
28,079,57,10,PM10,28079057_10_47,Sanchinarro,2026,05,07,9,17,V,2026-05-07 09:00:00,3,False
28,079,57,12,NOx,28079057_12_8,Sanchinarro,2026,05,07,9,35,V,2026-05-07 09:00:00,3,False
28,079,57,7,NO,28079057_7_8,Sanchinarro,2026,05,07,9,6,V,2026-05-07 09:00:00,3,False
28,079,57,8,NO2,28079057_8_8,Sanchinarro,2026,05,07,9,26,V,2026-05-07 09:00:00,3,False
28,079,57,9,PM2.5,28079057_9_A,Sanchinarro,2026,05,07,9,10,V,2026-05-07 09:00:00,3,False
28,079,57,10,PM10,28079057_10_47,Sanchinarro,2026,05,07,10,3,V,2026-05-07 10:00:00,3,False
28,079,57,12,NOx,28079057_12_8,Sanchinarro,2026,05,07,10,15,V,2026-05-07 10:00:00,3,False
28,079,57,7,NO,28079057_7_8,Sanchinarro,2026,05,07,10,3,V,2026-05-07 10:00:00,3,False
28,079,57,8,NO2,28079057_8_8,Sanchinarro,2026,05,07,10,10,V,2026-05-07 10:00:00,3,False
28,079,57,9,PM2.5,28079057_9_A,Sanchinarro,2026,05,07,10,1,V,2026-05-07 10:00:00,3,False
28,079,57,10,PM10,28079057_10_47,Sanchinarro,2026,05,07,11,17,V,2026-05-07 11:00:00,3,False
28,079,57,12,NOx,28079057_12_8,Sanchinarro,2026,05,07,11,15,V,2026-05-07 11:00:00,3,False
28,079,57,7,NO,28079057_7_8,Sanchinarro,2026,05,07,11,3,V,2026-05-07 11:00:00,3,False
28,079,57,8,NO2,28079057_8_8,Sanchinarro,2026,05,07,11,9,V,2026-05-07 11:00:00,3,False
28,079,57,9,PM2.5,28079057_9_A,Sanchinarro,2026,05,07,11,7,V,2026-05-07 11:00:00,3,False
28,079,57,10,PM10,28079057_10_47,Sanchinarro,2026,05,07,12,19,V,2026-05-07 12:00:00,3,False
28,079,57,12,NOx,28079057_12_8,Sanchinarro,2026,05,07,12,11,V,2026-05-07 12:00:00,3,False
28,079,57,7,NO,28079057_7_8,Sanchinarro,2026,05,07,12,2,V,2026-05-07 12:00:00,3,False
28,079,57,8,NO2,28079057_8_8,Sanchinarro,2026,05,07,12,7,V,2026-05-07 12:00:00,3,False
28,079,57,9,PM2.5,28079057_9_A,Sanchinarro,2026,05,07,12,11,V,2026-05-07 12:00:00,3,False
28,079,57,10,PM10,28079057_10_47,Sanchinarro,2026,05,07,13,0,N,2026-05-07 13:00:00,3,False
28,079,57,12,NOx,28079057_12_8,Sanchinarro,2026,05,07,13,0,N,2026-05-07 13:00:00,3,False
28,079,57,7,NO,28079057_7_8,Sanchinarro,2026,05,07,13,0,N,2026-05-07 13:00:00,3,False
28,079,57,8,NO2,28079057_8_8,Sanchinarro,2026,05,07,13,0,N,2026-05-07 13:00:00,3,False
28,079,57,9,PM2.5,28079057_9_A,Sanchinarro,2026,05,07,13,0,N,2026-05-07 13:00:00,3,False
28,079,57,10,PM10,28079057_10_47,Sanchinarro,2026,05,07,14,0,N,2026-05-07 14:00:00,3,False
28,079,57,12,NOx,28079057_12_8,Sanchinarro,2026,05,07,14,0,N,2026-05-07 14:00:00,3,False
28,079,57,7,NO,28079057_7_8,Sanchinarro,2026,05,07,14,0,N,2026-05-07 14:00:00,3,False
28,079,57,8,NO2,28079057_8_8,Sanchinarro,2026,05,07,14,0,N,2026-05-07 14:00:00,3,False
28,079,57,9,PM2.5,28079057_9_A,Sanchinarro,2026,05,07,14,0,N,2026-05-07 14:00:00,3,False
28,079,57,10,PM10,28079057_10_47,Sanchinarro,2026,05,07,15,0,N,2026-05-07 15:00:00,3,False
28,079,57,12,NOx,28079057_12_8,Sanchinarro,2026,05,07,15,0,N,2026-05-07 15:00:00,3,False
28,079,57,7,NO,28079057_7_8,Sanchinarro,2026,05,07,15,0,N,2026-05-07 15:00:00,3,False
28,079,57,8,NO2,28079057_8_8,Sanchinarro,2026,05,07,15,0,N,2026-05-07 15:00:00,3,False
28,079,57,9,PM2.5,28079057_9_A,Sanchinarro,2026,05,07,15,0,N,2026-05-07 15:00:00,3,False
28,079,57,10,PM10,28079057_10_47,Sanchinarro,2026,05,07,16,0,N,2026-05-07 16:00:00,3,False
28,079,57,12,NOx,28079057_12_8,Sanchinarro,2026,05,07,16,0,N,2026-05-07 16:00:00,3,False
28,079,57,7,NO,28079057_7_8,Sanchinarro,2026,05,07,16,0,N,2026-05-07 16:00:00,3,False
28,079,57,8,NO2,28079057_8_8,Sanchinarro,2026,05,07,16,0,N,2026-05-07 16:00:00,3,False
28,079,57,9,PM2.5,28079057_9_A,Sanchinarro,2026,05,07,16,0,N,2026-05-07 16:00:00,3,False
28,079,57,10,PM10,28079057_10_47,Sanchinarro,2026,05,07,17,0,N,2026-05-07 17:00:00,3,False
28,079,57,12,NOx,28079057_12_8,Sanchinarro,2026,05,07,17,0,N,2026-05-07 17:00:00,3,False
28,079,57,7,NO,28079057_7_8,Sanchinarro,2026,05,07,17,0,N,2026-05-07 17:00:00,3,False
28,079,57,8,NO2,28079057_8_8,Sanchinarro,2026,05,07,17,0,N,2026-05-07 17:00:00,3,False
28,079,57,9,PM2.5,28079057_9_A,Sanchinarro,2026,05,07,17,0,N,2026-05-07 17:00:00,3,False
28,079,57,10,PM10,28079057_10_47,Sanchinarro,2026,05,07,18,0,N,2026-05-07 18:00:00,3,False
28,079,57,12,NOx,28079057_12_8,Sanchinarro,2026,05,07,18,0,N,2026-05-07 18:00:00,3,False
28,079,57,7,NO,28079057_7_8,Sanchinarro,2026,05,07,18,0,N,2026-05-07 18:00:00,3,False
28,079,57,8,NO2,28079057_8_8,Sanchinarro,2026,05,07,18,0,N,2026-05-07 18:00:00,3,False
28,079,57,9,PM2.5,28079057_9_A,Sanchinarro,2026,05,07,18,0,N,2026-05-07 18:00:00,3,False
28,079,57,10,PM10,28079057_10_47,Sanchinarro,2026,05,07,19,0,N,2026-05-07 19:00:00,3,False
28,079,57,12,NOx,28079057_12_8,Sanchinarro,2026,05,07,19,0,N,2026-05-07 19:00:00,3,False
28,079,57,7,NO,28079057_7_8,Sanchinarro,2026,05,07,19,0,N,2026-05-07 19:00:00,3,False
28,079,57,8,NO2,28079057_8_8,Sanchinarro,2026,05,07,19,0,N,2026-05-07 19:00:00,3,False
28,079,57,9,PM2.5,28079057_9_A,Sanchinarro,2026,05,07,19,0,N,2026-05-07 19:00:00,3,False
28,079,57,10,PM10,28079057_10_47,Sanchinarro,2026,05,07,20,0,N,2026-05-07 20:00:00,3,False
28,079,57,12,NOx,28079057_12_8,Sanchinarro,2026,05,07,20,0,N,2026-05-07 20:00:00,3,False
28,079,57,7,NO,28079057_7_8,Sanchinarro,2026,05,07,20,0,N,2026-05-07 20:00:00,3,False
28,079,57,8,NO2,28079057_8_8,Sanchinarro,2026,05,07,20,0,N,2026-05-07 20:00:00,3,False
28,079,57,9,PM2.5,28079057_9_A,Sanchinarro,2026,05,07,20,0,N,2026-05-07 20:00:00,3,False
28,079,57,10,PM10,28079057_10_47,Sanchinarro,2026,05,07,21,0,N,2026-05-07 21:00:00,3,False
28,079,57,12,NOx,28079057_12_8,Sanchinarro,2026,05,07,21,0,N,2026-05-07 21:00:00,3,False
28,079,57,7,NO,28079057_7_8,Sanchinarro,2026,05,07,21,0,N,2026-05-07 21:00:00,3,False
28,079,57,8,NO2,28079057_8_8,Sanchinarro,2026,05,07,21,0,N,2026-05-07 21:00:00,3,False
28,079,57,9,PM2.5,28079057_9_A,Sanchinarro,2026,05,07,21,0,N,2026-05-07 21:00:00,3,False
28,079,57,10,PM10,28079057_10_47,Sanchinarro,2026,05,07,22,0,N,2026-05-07 22:00:00,3,False
28,079,57,12,NOx,28079057_12_8,Sanchinarro,2026,05,07,22,0,N,2026-05-07 22:00:00,3,False
28,079,57,7,NO,28079057_7_8,Sanchinarro,2026,05,07,22,0,N,2026-05-07 22:00:00,3,False
28,079,57,8,NO2,28079057_8_8,Sanchinarro,2026,05,07,22,0,N,2026-05-07 22:00:00,3,False
28,079,57,9,PM2.5,28079057_9_A,Sanchinarro,2026,05,07,22,0,N,2026-05-07 22:00:00,3,False
28,079,57,10,PM10,28079057_10_47,Sanchinarro,2026,05,07,23,0,N,2026-05-07 23:00:00,3,False
28,079,57,12,NOx,28079057_12_8,Sanchinarro,2026,05,07,23,0,N,2026-05-07 23:00:00,3,False
28,079,57,7,NO,28079057_7_8,Sanchinarro,2026,05,07,23,0,N,2026-05-07 23:00:00,3,False
28,079,57,8,NO2,28079057_8_8,Sanchinarro,2026,05,07,23,0,N,2026-05-07 23:00:00,3,False
28,079,57,9,PM2.5,28079057_9_A,Sanchinarro,2026,05,07,23,0,N,2026-05-07 23:00:00,3,False
28,079,60,10,PM10,28079060_10_47,Tres Olivos,2026,05,07,0,10,V,2026-05-07 00:00:00,3,False
28,079,60,12,NOx,28079060_12_8,Tres Olivos,2026,05,07,0,29,V,2026-05-07 00:00:00,3,False
28,079,60,14,O3,28079060_14_6,Tres Olivos,2026,05,07,0,69,V,2026-05-07 00:00:00,3,False
28,079,60,7,NO,28079060_7_8,Tres Olivos,2026,05,07,0,0,V,2026-05-07 00:00:00,3,False
28,079,60,8,NO2,28079060_8_8,Tres Olivos,2026,05,07,0,29,V,2026-05-07 00:00:00,3,False
28,079,60,9,PM2.5,28079060_9_A,Tres Olivos,2026,05,07,0,4,V,2026-05-07 00:00:00,3,False
28,079,60,10,PM10,28079060_10_47,Tres Olivos,2026,05,07,1,6,V,2026-05-07 01:00:00,3,False
28,079,60,12,NOx,28079060_12_8,Tres Olivos,2026,05,07,1,6,V,2026-05-07 01:00:00,3,False
28,079,60,14,O3,28079060_14_6,Tres Olivos,2026,05,07,1,82,V,2026-05-07 01:00:00,3,False
28,079,60,7,NO,28079060_7_8,Tres Olivos,2026,05,07,1,0,V,2026-05-07 01:00:00,3,False
28,079,60,8,NO2,28079060_8_8,Tres Olivos,2026,05,07,1,6,V,2026-05-07 01:00:00,3,False
28,079,60,9,PM2.5,28079060_9_A,Tres Olivos,2026,05,07,1,2,V,2026-05-07 01:00:00,3,False
28,079,60,10,PM10,28079060_10_47,Tres Olivos,2026,05,07,2,3,V,2026-05-07 02:00:00,3,False
28,079,60,12,NOx,28079060_12_8,Tres Olivos,2026,05,07,2,4,V,2026-05-07 02:00:00,3,False
28,079,60,14,O3,28079060_14_6,Tres Olivos,2026,05,07,2,76,V,2026-05-07 02:00:00,3,False
28,079,60,7,NO,28079060_7_8,Tres Olivos,2026,05,07,2,0,V,2026-05-07 02:00:00,3,False
28,079,60,8,NO2,28079060_8_8,Tres Olivos,2026,05,07,2,4,V,2026-05-07 02:00:00,3,False
28,079,60,9,PM2.5,28079060_9_A,Tres Olivos,2026,05,07,2,1,V,2026-05-07 02:00:00,3,False
28,079,60,10,PM10,28079060_10_47,Tres Olivos,2026,05,07,3,5,V,2026-05-07 03:00:00,3,False
28,079,60,12,NOx,28079060_12_8,Tres Olivos,2026,05,07,3,4,V,2026-05-07 03:00:00,3,False
28,079,60,14,O3,28079060_14_6,Tres Olivos,2026,05,07,3,74,V,2026-05-07 03:00:00,3,False
28,079,60,7,NO,28079060_7_8,Tres Olivos,2026,05,07,3,0,V,2026-05-07 03:00:00,3,False
28,079,60,8,NO2,28079060_8_8,Tres Olivos,2026,05,07,3,4,V,2026-05-07 03:00:00,3,False
28,079,60,9,PM2.5,28079060_9_A,Tres Olivos,2026,05,07,3,2,V,2026-05-07 03:00:00,3,False
28,079,60,10,PM10,28079060_10_47,Tres Olivos,2026,05,07,4,5,V,2026-05-07 04:00:00,3,False
28,079,60,12,NOx,28079060_12_8,Tres Olivos,2026,05,07,4,5,V,2026-05-07 04:00:00,3,False
28,079,60,14,O3,28079060_14_6,Tres Olivos,2026,05,07,4,75,V,2026-05-07 04:00:00,3,False
28,079,60,7,NO,28079060_7_8,Tres Olivos,2026,05,07,4,0,V,2026-05-07 04:00:00,3,False
28,079,60,8,NO2,28079060_8_8,Tres Olivos,2026,05,07,4,5,V,2026-05-07 04:00:00,3,False
28,079,60,9,PM2.5,28079060_9_A,Tres Olivos,2026,05,07,4,2,V,2026-05-07 04:00:00,3,False
28,079,60,10,PM10,28079060_10_47,Tres Olivos,2026,05,07,5,4,V,2026-05-07 05:00:00,3,False
28,079,60,12,NOx,28079060_12_8,Tres Olivos,2026,05,07,5,5,V,2026-05-07 05:00:00,3,False
28,079,60,14,O3,28079060_14_6,Tres Olivos,2026,05,07,5,74,V,2026-05-07 05:00:00,3,False
28,079,60,7,NO,28079060_7_8,Tres Olivos,2026,05,07,5,0,V,2026-05-07 05:00:00,3,False
28,079,60,8,NO2,28079060_8_8,Tres Olivos,2026,05,07,5,5,V,2026-05-07 05:00:00,3,False
28,079,60,9,PM2.5,28079060_9_A,Tres Olivos,2026,05,07,5,2,V,2026-05-07 05:00:00,3,False
28,079,60,10,PM10,28079060_10_47,Tres Olivos,2026,05,07,6,6,V,2026-05-07 06:00:00,3,False
28,079,60,12,NOx,28079060_12_8,Tres Olivos,2026,05,07,6,7,V,2026-05-07 06:00:00,3,False
28,079,60,14,O3,28079060_14_6,Tres Olivos,2026,05,07,6,71,V,2026-05-07 06:00:00,3,False
28,079,60,7,NO,28079060_7_8,Tres Olivos,2026,05,07,6,0,V,2026-05-07 06:00:00,3,False
28,079,60,8,NO2,28079060_8_8,Tres Olivos,2026,05,07,6,7,V,2026-05-07 06:00:00,3,False
28,079,60,9,PM2.5,28079060_9_A,Tres Olivos,2026,05,07,6,2,V,2026-05-07 06:00:00,3,False
28,079,60,10,PM10,28079060_10_47,Tres Olivos,2026,05,07,7,12,V,2026-05-07 07:00:00,3,False
28,079,60,12,NOx,28079060_12_8,Tres Olivos,2026,05,07,7,27,V,2026-05-07 07:00:00,3,False
28,079,60,14,O3,28079060_14_6,Tres Olivos,2026,05,07,7,53,V,2026-05-07 07:00:00,3,False
28,079,60,7,NO,28079060_7_8,Tres Olivos,2026,05,07,7,1,V,2026-05-07 07:00:00,3,False
28,079,60,8,NO2,28079060_8_8,Tres Olivos,2026,05,07,7,25,V,2026-05-07 07:00:00,3,False
28,079,60,9,PM2.5,28079060_9_A,Tres Olivos,2026,05,07,7,4,V,2026-05-07 07:00:00,3,False
28,079,60,10,PM10,28079060_10_47,Tres Olivos,2026,05,07,8,0,N,2026-05-07 08:00:00,3,False
28,079,60,12,NOx,28079060_12_8,Tres Olivos,2026,05,07,8,37,V,2026-05-07 08:00:00,3,False
28,079,60,14,O3,28079060_14_6,Tres Olivos,2026,05,07,8,52,V,2026-05-07 08:00:00,3,False
28,079,60,7,NO,28079060_7_8,Tres Olivos,2026,05,07,8,3,V,2026-05-07 08:00:00,3,False
28,079,60,8,NO2,28079060_8_8,Tres Olivos,2026,05,07,8,32,V,2026-05-07 08:00:00,3,False
28,079,60,9,PM2.5,28079060_9_A,Tres Olivos,2026,05,07,8,0,N,2026-05-07 08:00:00,3,False
28,079,60,10,PM10,28079060_10_47,Tres Olivos,2026,05,07,9,18,V,2026-05-07 09:00:00,3,False
28,079,60,12,NOx,28079060_12_8,Tres Olivos,2026,05,07,9,43,V,2026-05-07 09:00:00,3,False
28,079,60,14,O3,28079060_14_6,Tres Olivos,2026,05,07,9,49,V,2026-05-07 09:00:00,3,False
28,079,60,7,NO,28079060_7_8,Tres Olivos,2026,05,07,9,4,V,2026-05-07 09:00:00,3,False
28,079,60,8,NO2,28079060_8_8,Tres Olivos,2026,05,07,9,36,V,2026-05-07 09:00:00,3,False
28,079,60,9,PM2.5,28079060_9_A,Tres Olivos,2026,05,07,9,6,V,2026-05-07 09:00:00,3,False
28,079,60,10,PM10,28079060_10_47,Tres Olivos,2026,05,07,10,11,V,2026-05-07 10:00:00,3,False
28,079,60,12,NOx,28079060_12_8,Tres Olivos,2026,05,07,10,17,V,2026-05-07 10:00:00,3,False
28,079,60,14,O3,28079060_14_6,Tres Olivos,2026,05,07,10,75,V,2026-05-07 10:00:00,3,False
28,079,60,7,NO,28079060_7_8,Tres Olivos,2026,05,07,10,2,V,2026-05-07 10:00:00,3,False
28,079,60,8,NO2,28079060_8_8,Tres Olivos,2026,05,07,10,15,V,2026-05-07 10:00:00,3,False
28,079,60,9,PM2.5,28079060_9_A,Tres Olivos,2026,05,07,10,4,V,2026-05-07 10:00:00,3,False
28,079,60,10,PM10,28079060_10_47,Tres Olivos,2026,05,07,11,10,V,2026-05-07 11:00:00,3,False
28,079,60,12,NOx,28079060_12_8,Tres Olivos,2026,05,07,11,0,N,2026-05-07 11:00:00,3,False
28,079,60,14,O3,28079060_14_6,Tres Olivos,2026,05,07,11,0,N,2026-05-07 11:00:00,3,False
28,079,60,7,NO,28079060_7_8,Tres Olivos,2026,05,07,11,0,N,2026-05-07 11:00:00,3,False
28,079,60,8,NO2,28079060_8_8,Tres Olivos,2026,05,07,11,0,N,2026-05-07 11:00:00,3,False
28,079,60,9,PM2.5,28079060_9_A,Tres Olivos,2026,05,07,11,5,V,2026-05-07 11:00:00,3,False
28,079,60,10,PM10,28079060_10_47,Tres Olivos,2026,05,07,12,14,V,2026-05-07 12:00:00,3,False
28,079,60,12,NOx,28079060_12_8,Tres Olivos,2026,05,07,12,0,N,2026-05-07 12:00:00,3,False
28,079,60,14,O3,28079060_14_6,Tres Olivos,2026,05,07,12,0,N,2026-05-07 12:00:00,3,False
28,079,60,7,NO,28079060_7_8,Tres Olivos,2026,05,07,12,0,N,2026-05-07 12:00:00,3,False
28,079,60,8,NO2,28079060_8_8,Tres Olivos,2026,05,07,12,0,N,2026-05-07 12:00:00,3,False
28,079,60,9,PM2.5,28079060_9_A,Tres Olivos,2026,05,07,12,6,V,2026-05-07 12:00:00,3,False
28,079,60,10,PM10,28079060_10_47,Tres Olivos,2026,05,07,13,0,N,2026-05-07 13:00:00,3,False
28,079,60,12,NOx,28079060_12_8,Tres Olivos,2026,05,07,13,0,N,2026-05-07 13:00:00,3,False
28,079,60,14,O3,28079060_14_6,Tres Olivos,2026,05,07,13,0,N,2026-05-07 13:00:00,3,False
28,079,60,7,NO,28079060_7_8,Tres Olivos,2026,05,07,13,0,N,2026-05-07 13:00:00,3,False
28,079,60,8,NO2,28079060_8_8,Tres Olivos,2026,05,07,13,0,N,2026-05-07 13:00:00,3,False
28,079,60,9,PM2.5,28079060_9_A,Tres Olivos,2026,05,07,13,0,N,2026-05-07 13:00:00,3,False
28,079,60,10,PM10,28079060_10_47,Tres Olivos,2026,05,07,14,0,N,2026-05-07 14:00:00,3,False
28,079,60,12,NOx,28079060_12_8,Tres Olivos,2026,05,07,14,0,N,2026-05-07 14:00:00,3,False
28,079,60,14,O3,28079060_14_6,Tres Olivos,2026,05,07,14,0,N,2026-05-07 14:00:00,3,False
28,079,60,7,NO,28079060_7_8,Tres Olivos,2026,05,07,14,0,N,2026-05-07 14:00:00,3,False
28,079,60,8,NO2,28079060_8_8,Tres Olivos,2026,05,07,14,0,N,2026-05-07 14:00:00,3,False
28,079,60,9,PM2.5,28079060_9_A,Tres Olivos,2026,05,07,14,0,N,2026-05-07 14:00:00,3,False
28,079,60,10,PM10,28079060_10_47,Tres Olivos,2026,05,07,15,0,N,2026-05-07 15:00:00,3,False
28,079,60,12,NOx,28079060_12_8,Tres Olivos,2026,05,07,15,0,N,2026-05-07 15:00:00,3,False
28,079,60,14,O3,28079060_14_6,Tres Olivos,2026,05,07,15,0,N,2026-05-07 15:00:00,3,False
28,079,60,7,NO,28079060_7_8,Tres Olivos,2026,05,07,15,0,N,2026-05-07 15:00:00,3,False
28,079,60,8,NO2,28079060_8_8,Tres Olivos,2026,05,07,15,0,N,2026-05-07 15:00:00,3,False
28,079,60,9,PM2.5,28079060_9_A,Tres Olivos,2026,05,07,15,0,N,2026-05-07 15:00:00,3,False
28,079,60,10,PM10,28079060_10_47,Tres Olivos,2026,05,07,16,0,N,2026-05-07 16:00:00,3,False
28,079,60,12,NOx,28079060_12_8,Tres Olivos,2026,05,07,16,0,N,2026-05-07 16:00:00,3,False
28,079,60,14,O3,28079060_14_6,Tres Olivos,2026,05,07,16,0,N,2026-05-07 16:00:00,3,False
28,079,60,7,NO,28079060_7_8,Tres Olivos,2026,05,07,16,0,N,2026-05-07 16:00:00,3,False
28,079,60,8,NO2,28079060_8_8,Tres Olivos,2026,05,07,16,0,N,2026-05-07 16:00:00,3,False
28,079,60,9,PM2.5,28079060_9_A,Tres Olivos,2026,05,07,16,0,N,2026-05-07 16:00:00,3,False
28,079,60,10,PM10,28079060_10_47,Tres Olivos,2026,05,07,17,0,N,2026-05-07 17:00:00,3,False
28,079,60,12,NOx,28079060_12_8,Tres Olivos,2026,05,07,17,0,N,2026-05-07 17:00:00,3,False
28,079,60,14,O3,28079060_14_6,Tres Olivos,2026,05,07,17,0,N,2026-05-07 17:00:00,3,False
28,079,60,7,NO,28079060_7_8,Tres Olivos,2026,05,07,17,0,N,2026-05-07 17:00:00,3,False
28,079,60,8,NO2,28079060_8_8,Tres Olivos,2026,05,07,17,0,N,2026-05-07 17:00:00,3,False
28,079,60,9,PM2.5,28079060_9_A,Tres Olivos,2026,05,07,17,0,N,2026-05-07 17:00:00,3,False
28,079,60,10,PM10,28079060_10_47,Tres Olivos,2026,05,07,18,0,N,2026-05-07 18:00:00,3,False
28,079,60,12,NOx,28079060_12_8,Tres Olivos,2026,05,07,18,0,N,2026-05-07 18:00:00,3,False
28,079,60,14,O3,28079060_14_6,Tres Olivos,2026,05,07,18,0,N,2026-05-07 18:00:00,3,False
28,079,60,7,NO,28079060_7_8,Tres Olivos,2026,05,07,18,0,N,2026-05-07 18:00:00,3,False
28,079,60,8,NO2,28079060_8_8,Tres Olivos,2026,05,07,18,0,N,2026-05-07 18:00:00,3,False
28,079,60,9,PM2.5,28079060_9_A,Tres Olivos,2026,05,07,18,0,N,2026-05-07 18:00:00,3,False
28,079,60,10,PM10,28079060_10_47,Tres Olivos,2026,05,07,19,0,N,2026-05-07 19:00:00,3,False
28,079,60,12,NOx,28079060_12_8,Tres Olivos,2026,05,07,19,0,N,2026-05-07 19:00:00,3,False
28,079,60,14,O3,28079060_14_6,Tres Olivos,2026,05,07,19,0,N,2026-05-07 19:00:00,3,False
28,079,60,7,NO,28079060_7_8,Tres Olivos,2026,05,07,19,0,N,2026-05-07 19:00:00,3,False
28,079,60,8,NO2,28079060_8_8,Tres Olivos,2026,05,07,19,0,N,2026-05-07 19:00:00,3,False
28,079,60,9,PM2.5,28079060_9_A,Tres Olivos,2026,05,07,19,0,N,2026-05-07 19:00:00,3,False
28,079,60,10,PM10,28079060_10_47,Tres Olivos,2026,05,07,20,0,N,2026-05-07 20:00:00,3,False
28,079,60,12,NOx,28079060_12_8,Tres Olivos,2026,05,07,20,0,N,2026-05-07 20:00:00,3,False
28,079,60,14,O3,28079060_14_6,Tres Olivos,2026,05,07,20,0,N,2026-05-07 20:00:00,3,False
28,079,60,7,NO,28079060_7_8,Tres Olivos,2026,05,07,20,0,N,2026-05-07 20:00:00,3,False
28,079,60,8,NO2,28079060_8_8,Tres Olivos,2026,05,07,20,0,N,2026-05-07 20:00:00,3,False
28,079,60,9,PM2.5,28079060_9_A,Tres Olivos,2026,05,07,20,0,N,2026-05-07 20:00:00,3,False
28,079,60,10,PM10,28079060_10_47,Tres Olivos,2026,05,07,21,0,N,2026-05-07 21:00:00,3,False
28,079,60,12,NOx,28079060_12_8,Tres Olivos,2026,05,07,21,0,N,2026-05-07 21:00:00,3,False
28,079,60,14,O3,28079060_14_6,Tres Olivos,2026,05,07,21,0,N,2026-05-07 21:00:00,3,False
28,079,60,7,NO,28079060_7_8,Tres Olivos,2026,05,07,21,0,N,2026-05-07 21:00:00,3,False
28,079,60,8,NO2,28079060_8_8,Tres Olivos,2026,05,07,21,0,N,2026-05-07 21:00:00,3,False
28,079,60,9,PM2.5,28079060_9_A,Tres Olivos,2026,05,07,21,0,N,2026-05-07 21:00:00,3,False
28,079,60,10,PM10,28079060_10_47,Tres Olivos,2026,05,07,22,0,N,2026-05-07 22:00:00,3,False
28,079,60,12,NOx,28079060_12_8,Tres Olivos,2026,05,07,22,0,N,2026-05-07 22:00:00,3,False
28,079,60,14,O3,28079060_14_6,Tres Olivos,2026,05,07,22,0,N,2026-05-07 22:00:00,3,False
28,079,60,7,NO,28079060_7_8,Tres Olivos,2026,05,07,22,0,N,2026-05-07 22:00:00,3,False
28,079,60,8,NO2,28079060_8_8,Tres Olivos,2026,05,07,22,0,N,2026-05-07 22:00:00,3,False
28,079,60,9,PM2.5,28079060_9_A,Tres Olivos,2026,05,07,22,0,N,2026-05-07 22:00:00,3,False
28,079,60,10,PM10,28079060_10_47,Tres Olivos,2026,05,07,23,0,N,2026-05-07 23:00:00,3,False
28,079,60,12,NOx,28079060_12_8,Tres Olivos,2026,05,07,23,0,N,2026-05-07 23:00:00,3,False
28,079,60,14,O3,28079060_14_6,Tres Olivos,2026,05,07,23,0,N,2026-05-07 23:00:00,3,False
28,079,60,7,NO,28079060_7_8,Tres Olivos,2026,05,07,23,0,N,2026-05-07 23:00:00,3,False
28,079,60,8,NO2,28079060_8_8,Tres Olivos,2026,05,07,23,0,N,2026-05-07 23:00:00,3,False
28,079,60,9,PM2.5,28079060_9_A,Tres Olivos,2026,05,07,23,0,N,2026-05-07 23:00:00,3,False
28,079,40,10,PM10,28079040_10_47,Vallecas,2026,05,07,0,18,V,2026-05-07 00:00:00,3,False
28,079,40,12,NOx,28079040_12_8,Vallecas,2026,05,07,0,39,V,2026-05-07 00:00:00,3,False
28,079,40,7,NO,28079040_7_8,Vallecas,2026,05,07,0,1,V,2026-05-07 00:00:00,3,False
28,079,40,8,NO2,28079040_8_8,Vallecas,2026,05,07,0,38,V,2026-05-07 00:00:00,3,False
28,079,40,10,PM10,28079040_10_47,Vallecas,2026,05,07,1,10,V,2026-05-07 01:00:00,3,False
28,079,40,12,NOx,28079040_12_8,Vallecas,2026,05,07,1,22,V,2026-05-07 01:00:00,3,False
28,079,40,7,NO,28079040_7_8,Vallecas,2026,05,07,1,1,V,2026-05-07 01:00:00,3,False
28,079,40,8,NO2,28079040_8_8,Vallecas,2026,05,07,1,21,V,2026-05-07 01:00:00,3,False
28,079,40,10,PM10,28079040_10_47,Vallecas,2026,05,07,2,4,V,2026-05-07 02:00:00,3,False
28,079,40,12,NOx,28079040_12_8,Vallecas,2026,05,07,2,13,V,2026-05-07 02:00:00,3,False
28,079,40,7,NO,28079040_7_8,Vallecas,2026,05,07,2,0,V,2026-05-07 02:00:00,3,False
28,079,40,8,NO2,28079040_8_8,Vallecas,2026,05,07,2,12,V,2026-05-07 02:00:00,3,False
28,079,40,10,PM10,28079040_10_47,Vallecas,2026,05,07,3,9,V,2026-05-07 03:00:00,3,False
28,079,40,12,NOx,28079040_12_8,Vallecas,2026,05,07,3,9,V,2026-05-07 03:00:00,3,False
28,079,40,7,NO,28079040_7_8,Vallecas,2026,05,07,3,0,V,2026-05-07 03:00:00,3,False
28,079,40,8,NO2,28079040_8_8,Vallecas,2026,05,07,3,9,V,2026-05-07 03:00:00,3,False
28,079,40,10,PM10,28079040_10_47,Vallecas,2026,05,07,4,8,V,2026-05-07 04:00:00,3,False
28,079,40,12,NOx,28079040_12_8,Vallecas,2026,05,07,4,11,V,2026-05-07 04:00:00,3,False
28,079,40,7,NO,28079040_7_8,Vallecas,2026,05,07,4,1,V,2026-05-07 04:00:00,3,False
28,079,40,8,NO2,28079040_8_8,Vallecas,2026,05,07,4,10,V,2026-05-07 04:00:00,3,False
28,079,40,10,PM10,28079040_10_47,Vallecas,2026,05,07,5,4,V,2026-05-07 05:00:00,3,False
28,079,40,12,NOx,28079040_12_8,Vallecas,2026,05,07,5,7,V,2026-05-07 05:00:00,3,False
28,079,40,7,NO,28079040_7_8,Vallecas,2026,05,07,5,0,V,2026-05-07 05:00:00,3,False
28,079,40,8,NO2,28079040_8_8,Vallecas,2026,05,07,5,6,V,2026-05-07 05:00:00,3,False
28,079,40,10,PM10,28079040_10_47,Vallecas,2026,05,07,6,8,V,2026-05-07 06:00:00,3,False
28,079,40,12,NOx,28079040_12_8,Vallecas,2026,05,07,6,16,V,2026-05-07 06:00:00,3,False
28,079,40,7,NO,28079040_7_8,Vallecas,2026,05,07,6,1,V,2026-05-07 06:00:00,3,False
28,079,40,8,NO2,28079040_8_8,Vallecas,2026,05,07,6,14,V,2026-05-07 06:00:00,3,False
28,079,40,10,PM10,28079040_10_47,Vallecas,2026,05,07,7,12,V,2026-05-07 07:00:00,3,False
28,079,40,12,NOx,28079040_12_8,Vallecas,2026,05,07,7,34,V,2026-05-07 07:00:00,3,False
28,079,40,7,NO,28079040_7_8,Vallecas,2026,05,07,7,3,V,2026-05-07 07:00:00,3,False
28,079,40,8,NO2,28079040_8_8,Vallecas,2026,05,07,7,30,V,2026-05-07 07:00:00,3,False
28,079,40,10,PM10,28079040_10_47,Vallecas,2026,05,07,8,25,V,2026-05-07 08:00:00,3,False
28,079,40,12,NOx,28079040_12_8,Vallecas,2026,05,07,8,43,V,2026-05-07 08:00:00,3,False
28,079,40,7,NO,28079040_7_8,Vallecas,2026,05,07,8,5,V,2026-05-07 08:00:00,3,False
28,079,40,8,NO2,28079040_8_8,Vallecas,2026,05,07,8,35,V,2026-05-07 08:00:00,3,False
28,079,40,10,PM10,28079040_10_47,Vallecas,2026,05,07,9,26,V,2026-05-07 09:00:00,3,False
28,079,40,12,NOx,28079040_12_8,Vallecas,2026,05,07,9,41,V,2026-05-07 09:00:00,3,False
28,079,40,7,NO,28079040_7_8,Vallecas,2026,05,07,9,7,V,2026-05-07 09:00:00,3,False
28,079,40,8,NO2,28079040_8_8,Vallecas,2026,05,07,9,31,V,2026-05-07 09:00:00,3,False
28,079,40,10,PM10,28079040_10_47,Vallecas,2026,05,07,10,22,V,2026-05-07 10:00:00,3,False
28,079,40,12,NOx,28079040_12_8,Vallecas,2026,05,07,10,26,V,2026-05-07 10:00:00,3,False
28,079,40,7,NO,28079040_7_8,Vallecas,2026,05,07,10,5,V,2026-05-07 10:00:00,3,False
28,079,40,8,NO2,28079040_8_8,Vallecas,2026,05,07,10,18,V,2026-05-07 10:00:00,3,False
28,079,40,10,PM10,28079040_10_47,Vallecas,2026,05,07,11,31,V,2026-05-07 11:00:00,3,False
28,079,40,12,NOx,28079040_12_8,Vallecas,2026,05,07,11,20,V,2026-05-07 11:00:00,3,False
28,079,40,7,NO,28079040_7_8,Vallecas,2026,05,07,11,4,V,2026-05-07 11:00:00,3,False
28,079,40,8,NO2,28079040_8_8,Vallecas,2026,05,07,11,15,V,2026-05-07 11:00:00,3,False
28,079,40,10,PM10,28079040_10_47,Vallecas,2026,05,07,12,33,V,2026-05-07 12:00:00,3,False
28,079,40,12,NOx,28079040_12_8,Vallecas,2026,05,07,12,18,V,2026-05-07 12:00:00,3,False
28,079,40,7,NO,28079040_7_8,Vallecas,2026,05,07,12,3,V,2026-05-07 12:00:00,3,False
28,079,40,8,NO2,28079040_8_8,Vallecas,2026,05,07,12,14,V,2026-05-07 12:00:00,3,False
28,079,40,10,PM10,28079040_10_47,Vallecas,2026,05,07,13,0,N,2026-05-07 13:00:00,3,False
28,079,40,12,NOx,28079040_12_8,Vallecas,2026,05,07,13,0,N,2026-05-07 13:00:00,3,False
28,079,40,7,NO,28079040_7_8,Vallecas,2026,05,07,13,0,N,2026-05-07 13:00:00,3,False
28,079,40,8,NO2,28079040_8_8,Vallecas,2026,05,07,13,0,N,2026-05-07 13:00:00,3,False
28,079,40,10,PM10,28079040_10_47,Vallecas,2026,05,07,14,0,N,2026-05-07 14:00:00,3,False
28,079,40,12,NOx,28079040_12_8,Vallecas,2026,05,07,14,0,N,2026-05-07 14:00:00,3,False
28,079,40,7,NO,28079040_7_8,Vallecas,2026,05,07,14,0,N,2026-05-07 14:00:00,3,False
28,079,40,8,NO2,28079040_8_8,Vallecas,2026,05,07,14,0,N,2026-05-07 14:00:00,3,False
28,079,40,10,PM10,28079040_10_47,Vallecas,2026,05,07,15,0,N,2026-05-07 15:00:00,3,False
28,079,40,12,NOx,28079040_12_8,Vallecas,2026,05,07,15,0,N,2026-05-07 15:00:00,3,False
28,079,40,7,NO,28079040_7_8,Vallecas,2026,05,07,15,0,N,2026-05-07 15:00:00,3,False
28,079,40,8,NO2,28079040_8_8,Vallecas,2026,05,07,15,0,N,2026-05-07 15:00:00,3,False
28,079,40,10,PM10,28079040_10_47,Vallecas,2026,05,07,16,0,N,2026-05-07 16:00:00,3,False
28,079,40,12,NOx,28079040_12_8,Vallecas,2026,05,07,16,0,N,2026-05-07 16:00:00,3,False
28,079,40,7,NO,28079040_7_8,Vallecas,2026,05,07,16,0,N,2026-05-07 16:00:00,3,False
28,079,40,8,NO2,28079040_8_8,Vallecas,2026,05,07,16,0,N,2026-05-07 16:00:00,3,False
28,079,40,10,PM10,28079040_10_47,Vallecas,2026,05,07,17,0,N,2026-05-07 17:00:00,3,False
28,079,40,12,NOx,28079040_12_8,Vallecas,2026,05,07,17,0,N,2026-05-07 17:00:00,3,False
28,079,40,7,NO,28079040_7_8,Vallecas,2026,05,07,17,0,N,2026-05-07 17:00:00,3,False
28,079,40,8,NO2,28079040_8_8,Vallecas,2026,05,07,17,0,N,2026-05-07 17:00:00,3,False
28,079,40,10,PM10,28079040_10_47,Vallecas,2026,05,07,18,0,N,2026-05-07 18:00:00,3,False
28,079,40,12,NOx,28079040_12_8,Vallecas,2026,05,07,18,0,N,2026-05-07 18:00:00,3,False
28,079,40,7,NO,28079040_7_8,Vallecas,2026,05,07,18,0,N,2026-05-07 18:00:00,3,False
28,079,40,8,NO2,28079040_8_8,Vallecas,2026,05,07,18,0,N,2026-05-07 18:00:00,3,False
28,079,40,10,PM10,28079040_10_47,Vallecas,2026,05,07,19,0,N,2026-05-07 19:00:00,3,False
28,079,40,12,NOx,28079040_12_8,Vallecas,2026,05,07,19,0,N,2026-05-07 19:00:00,3,False
28,079,40,7,NO,28079040_7_8,Vallecas,2026,05,07,19,0,N,2026-05-07 19:00:00,3,False
28,079,40,8,NO2,28079040_8_8,Vallecas,2026,05,07,19,0,N,2026-05-07 19:00:00,3,False
28,079,40,10,PM10,28079040_10_47,Vallecas,2026,05,07,20,0,N,2026-05-07 20:00:00,3,False
28,079,40,12,NOx,28079040_12_8,Vallecas,2026,05,07,20,0,N,2026-05-07 20:00:00,3,False
28,079,40,7,NO,28079040_7_8,Vallecas,2026,05,07,20,0,N,2026-05-07 20:00:00,3,False
28,079,40,8,NO2,28079040_8_8,Vallecas,2026,05,07,20,0,N,2026-05-07 20:00:00,3,False
28,079,40,10,PM10,28079040_10_47,Vallecas,2026,05,07,21,0,N,2026-05-07 21:00:00,3,False
28,079,40,12,NOx,28079040_12_8,Vallecas,2026,05,07,21,0,N,2026-05-07 21:00:00,3,False
28,079,40,7,NO,28079040_7_8,Vallecas,2026,05,07,21,0,N,2026-05-07 21:00:00,3,False
28,079,40,8,NO2,28079040_8_8,Vallecas,2026,05,07,21,0,N,2026-05-07 21:00:00,3,False
28,079,40,10,PM10,28079040_10_47,Vallecas,2026,05,07,22,0,N,2026-05-07 22:00:00,3,False
28,079,40,12,NOx,28079040_12_8,Vallecas,2026,05,07,22,0,N,2026-05-07 22:00:00,3,False
28,079,40,7,NO,28079040_7_8,Vallecas,2026,05,07,22,0,N,2026-05-07 22:00:00,3,False
28,079,40,8,NO2,28079040_8_8,Vallecas,2026,05,07,22,0,N,2026-05-07 22:00:00,3,False
28,079,40,10,PM10,28079040_10_47,Vallecas,2026,05,07,23,0,N,2026-05-07 23:00:00,3,False
28,079,40,12,NOx,28079040_12_8,Vallecas,2026,05,07,23,0,N,2026-05-07 23:00:00,3,False
28,079,40,7,NO,28079040_7_8,Vallecas,2026,05,07,23,0,N,2026-05-07 23:00:00,3,False
28,079,40,8,NO2,28079040_8_8,Vallecas,2026,05,07,23,0,N,2026-05-07 23:00:00,3,False
28,079,17,12,NOx,28079017_12_8,Villaverde,2026,05,07,0,104,V,2026-05-07 00:00:00,3,False
28,079,17,14,O3,28079017_14_6,Villaverde,2026,05,07,0,6,V,2026-05-07 00:00:00,3,False
28,079,17,7,NO,28079017_7_8,Villaverde,2026,05,07,0,29,V,2026-05-07 00:00:00,3,False
28,079,17,8,NO2,28079017_8_8,Villaverde,2026,05,07,0,60,V,2026-05-07 00:00:00,3,False
28,079,17,12,NOx,28079017_12_8,Villaverde,2026,05,07,1,49,V,2026-05-07 01:00:00,3,False
28,079,17,14,O3,28079017_14_6,Villaverde,2026,05,07,1,26,V,2026-05-07 01:00:00,3,False
28,079,17,7,NO,28079017_7_8,Villaverde,2026,05,07,1,3,V,2026-05-07 01:00:00,3,False
28,079,17,8,NO2,28079017_8_8,Villaverde,2026,05,07,1,44,V,2026-05-07 01:00:00,3,False
28,079,17,12,NOx,28079017_12_8,Villaverde,2026,05,07,2,13,V,2026-05-07 02:00:00,3,False
28,079,17,14,O3,28079017_14_6,Villaverde,2026,05,07,2,70,V,2026-05-07 02:00:00,3,False
28,079,17,7,NO,28079017_7_8,Villaverde,2026,05,07,2,0,V,2026-05-07 02:00:00,3,False
28,079,17,8,NO2,28079017_8_8,Villaverde,2026,05,07,2,13,V,2026-05-07 02:00:00,3,False
28,079,17,12,NOx,28079017_12_8,Villaverde,2026,05,07,3,10,V,2026-05-07 03:00:00,3,False
28,079,17,14,O3,28079017_14_6,Villaverde,2026,05,07,3,71,V,2026-05-07 03:00:00,3,False
28,079,17,7,NO,28079017_7_8,Villaverde,2026,05,07,3,0,V,2026-05-07 03:00:00,3,False
28,079,17,8,NO2,28079017_8_8,Villaverde,2026,05,07,3,10,V,2026-05-07 03:00:00,3,False
28,079,17,12,NOx,28079017_12_8,Villaverde,2026,05,07,4,12,V,2026-05-07 04:00:00,3,False
28,079,17,14,O3,28079017_14_6,Villaverde,2026,05,07,4,67,V,2026-05-07 04:00:00,3,False
28,079,17,7,NO,28079017_7_8,Villaverde,2026,05,07,4,0,V,2026-05-07 04:00:00,3,False
28,079,17,8,NO2,28079017_8_8,Villaverde,2026,05,07,4,12,V,2026-05-07 04:00:00,3,False
28,079,17,12,NOx,28079017_12_8,Villaverde,2026,05,07,5,10,V,2026-05-07 05:00:00,3,False
28,079,17,14,O3,28079017_14_6,Villaverde,2026,05,07,5,66,V,2026-05-07 05:00:00,3,False
28,079,17,7,NO,28079017_7_8,Villaverde,2026,05,07,5,0,V,2026-05-07 05:00:00,3,False
28,079,17,8,NO2,28079017_8_8,Villaverde,2026,05,07,5,10,V,2026-05-07 05:00:00,3,False
28,079,17,12,NOx,28079017_12_8,Villaverde,2026,05,07,6,18,V,2026-05-07 06:00:00,3,False
28,079,17,14,O3,28079017_14_6,Villaverde,2026,05,07,6,56,V,2026-05-07 06:00:00,3,False
28,079,17,7,NO,28079017_7_8,Villaverde,2026,05,07,6,0,V,2026-05-07 06:00:00,3,False
28,079,17,8,NO2,28079017_8_8,Villaverde,2026,05,07,6,18,V,2026-05-07 06:00:00,3,False
28,079,17,12,NOx,28079017_12_8,Villaverde,2026,05,07,7,22,V,2026-05-07 07:00:00,3,False
28,079,17,14,O3,28079017_14_6,Villaverde,2026,05,07,7,52,V,2026-05-07 07:00:00,3,False
28,079,17,7,NO,28079017_7_8,Villaverde,2026,05,07,7,0,V,2026-05-07 07:00:00,3,False
28,079,17,8,NO2,28079017_8_8,Villaverde,2026,05,07,7,21,V,2026-05-07 07:00:00,3,False
28,079,17,12,NOx,28079017_12_8,Villaverde,2026,05,07,8,0,N,2026-05-07 08:00:00,3,False
28,079,17,14,O3,28079017_14_6,Villaverde,2026,05,07,8,0,N,2026-05-07 08:00:00,3,False
28,079,17,7,NO,28079017_7_8,Villaverde,2026,05,07,8,0,N,2026-05-07 08:00:00,3,False
28,079,17,8,NO2,28079017_8_8,Villaverde,2026,05,07,8,0,N,2026-05-07 08:00:00,3,False
28,079,17,12,NOx,28079017_12_8,Villaverde,2026,05,07,9,0,N,2026-05-07 09:00:00,3,False
28,079,17,14,O3,28079017_14_6,Villaverde,2026,05,07,9,0,N,2026-05-07 09:00:00,3,False
28,079,17,7,NO,28079017_7_8,Villaverde,2026,05,07,9,0,N,2026-05-07 09:00:00,3,False
28,079,17,8,NO2,28079017_8_8,Villaverde,2026,05,07,9,0,N,2026-05-07 09:00:00,3,False
28,079,17,12,NOx,28079017_12_8,Villaverde,2026,05,07,10,0,N,2026-05-07 10:00:00,3,False
28,079,17,14,O3,28079017_14_6,Villaverde,2026,05,07,10,0,N,2026-05-07 10:00:00,3,False
28,079,17,7,NO,28079017_7_8,Villaverde,2026,05,07,10,0,N,2026-05-07 10:00:00,3,False
28,079,17,8,NO2,28079017_8_8,Villaverde,2026,05,07,10,0,N,2026-05-07 10:00:00,3,False
28,079,17,12,NOx,28079017_12_8,Villaverde,2026,05,07,11,0,N,2026-05-07 11:00:00,3,False
28,079,17,14,O3,28079017_14_6,Villaverde,2026,05,07,11,0,N,2026-05-07 11:00:00,3,False
28,079,17,7,NO,28079017_7_8,Villaverde,2026,05,07,11,0,N,2026-05-07 11:00:00,3,False
28,079,17,8,NO2,28079017_8_8,Villaverde,2026,05,07,11,0,N,2026-05-07 11:00:00,3,False
28,079,17,12,NOx,28079017_12_8,Villaverde,2026,05,07,12,10,V,2026-05-07 12:00:00,3,False
28,079,17,14,O3,28079017_14_6,Villaverde,2026,05,07,12,93,V,2026-05-07 12:00:00,3,False
28,079,17,7,NO,28079017_7_8,Villaverde,2026,05,07,12,1,V,2026-05-07 12:00:00,3,False
28,079,17,8,NO2,28079017_8_8,Villaverde,2026,05,07,12,8,V,2026-05-07 12:00:00,3,False
28,079,17,12,NOx,28079017_12_8,Villaverde,2026,05,07,13,0,N,2026-05-07 13:00:00,3,False
28,079,17,14,O3,28079017_14_6,Villaverde,2026,05,07,13,0,N,2026-05-07 13:00:00,3,False
28,079,17,7,NO,28079017_7_8,Villaverde,2026,05,07,13,0,N,2026-05-07 13:00:00,3,False
28,079,17,8,NO2,28079017_8_8,Villaverde,2026,05,07,13,0,N,2026-05-07 13:00:00,3,False
28,079,17,12,NOx,28079017_12_8,Villaverde,2026,05,07,14,0,N,2026-05-07 14:00:00,3,False
28,079,17,14,O3,28079017_14_6,Villaverde,2026,05,07,14,0,N,2026-05-07 14:00:00,3,False
28,079,17,7,NO,28079017_7_8,Villaverde,2026,05,07,14,0,N,2026-05-07 14:00:00,3,False
28,079,17,8,NO2,28079017_8_8,Villaverde,2026,05,07,14,0,N,2026-05-07 14:00:00,3,False
28,079,17,12,NOx,28079017_12_8,Villaverde,2026,05,07,15,0,N,2026-05-07 15:00:00,3,False
28,079,17,14,O3,28079017_14_6,Villaverde,2026,05,07,15,0,N,2026-05-07 15:00:00,3,False
28,079,17,7,NO,28079017_7_8,Villaverde,2026,05,07,15,0,N,2026-05-07 15:00:00,3,False
28,079,17,8,NO2,28079017_8_8,Villaverde,2026,05,07,15,0,N,2026-05-07 15:00:00,3,False
28,079,17,12,NOx,28079017_12_8,Villaverde,2026,05,07,16,0,N,2026-05-07 16:00:00,3,False
28,079,17,14,O3,28079017_14_6,Villaverde,2026,05,07,16,0,N,2026-05-07 16:00:00,3,False
28,079,17,7,NO,28079017_7_8,Villaverde,2026,05,07,16,0,N,2026-05-07 16:00:00,3,False
28,079,17,8,NO2,28079017_8_8,Villaverde,2026,05,07,16,0,N,2026-05-07 16:00:00,3,False
28,079,17,12,NOx,28079017_12_8,Villaverde,2026,05,07,17,0,N,2026-05-07 17:00:00,3,False
28,079,17,14,O3,28079017_14_6,Villaverde,2026,05,07,17,0,N,2026-05-07 17:00:00,3,False
28,079,17,7,NO,28079017_7_8,Villaverde,2026,05,07,17,0,N,2026-05-07 17:00:00,3,False
28,079,17,8,NO2,28079017_8_8,Villaverde,2026,05,07,17,0,N,2026-05-07 17:00:00,3,False
28,079,17,12,NOx,28079017_12_8,Villaverde,2026,05,07,18,0,N,2026-05-07 18:00:00,3,False
28,079,17,14,O3,28079017_14_6,Villaverde,2026,05,07,18,0,N,2026-05-07 18:00:00,3,False
28,079,17,7,NO,28079017_7_8,Villaverde,2026,05,07,18,0,N,2026-05-07 18:00:00,3,False
28,079,17,8,NO2,28079017_8_8,Villaverde,2026,05,07,18,0,N,2026-05-07 18:00:00,3,False
28,079,17,12,NOx,28079017_12_8,Villaverde,2026,05,07,19,0,N,2026-05-07 19:00:00,3,False
28,079,17,14,O3,28079017_14_6,Villaverde,2026,05,07,19,0,N,2026-05-07 19:00:00,3,False
28,079,17,7,NO,28079017_7_8,Villaverde,2026,05,07,19,0,N,2026-05-07 19:00:00,3,False
28,079,17,8,NO2,28079017_8_8,Villaverde,2026,05,07,19,0,N,2026-05-07 19:00:00,3,False
28,079,17,12,NOx,28079017_12_8,Villaverde,2026,05,07,20,0,N,2026-05-07 20:00:00,3,False
28,079,17,14,O3,28079017_14_6,Villaverde,2026,05,07,20,0,N,2026-05-07 20:00:00,3,False
28,079,17,7,NO,28079017_7_8,Villaverde,2026,05,07,20,0,N,2026-05-07 20:00:00,3,False
28,079,17,8,NO2,28079017_8_8,Villaverde,2026,05,07,20,0,N,2026-05-07 20:00:00,3,False
28,079,17,12,NOx,28079017_12_8,Villaverde,2026,05,07,21,0,N,2026-05-07 21:00:00,3,False
28,079,17,14,O3,28079017_14_6,Villaverde,2026,05,07,21,0,N,2026-05-07 21:00:00,3,False
28,079,17,7,NO,28079017_7_8,Villaverde,2026,05,07,21,0,N,2026-05-07 21:00:00,3,False
28,079,17,8,NO2,28079017_8_8,Villaverde,2026,05,07,21,0,N,2026-05-07 21:00:00,3,False
28,079,17,12,NOx,28079017_12_8,Villaverde,2026,05,07,22,0,N,2026-05-07 22:00:00,3,False
28,079,17,14,O3,28079017_14_6,Villaverde,2026,05,07,22,0,N,2026-05-07 22:00:00,3,False
28,079,17,7,NO,28079017_7_8,Villaverde,2026,05,07,22,0,N,2026-05-07 22:00:00,3,False
28,079,17,8,NO2,28079017_8_8,Villaverde,2026,05,07,22,0,N,2026-05-07 22:00:00,3,False
28,079,17,12,NOx,28079017_12_8,Villaverde,2026,05,07,23,0,N,2026-05-07 23:00:00,3,False
28,079,17,14,O3,28079017_14_6,Villaverde,2026,05,07,23,0,N,2026-05-07 23:00:00,3,False
28,079,17,7,NO,28079017_7_8,Villaverde,2026,05,07,23,0,N,2026-05-07 23:00:00,3,False
28,079,17,8,NO2,28079017_8_8,Villaverde,2026,05,07,23,0,N,2026-05-07 23:00:00,3,False
